Workbook
Name _DLX1.INC: HAVERM!$B$2:$I$7

Sheet Chart Data
A1: Long-term net inward migration
B2: Current estimate | C2: Previous estimate | D2: January 2024 population projections | F2: Diff (history) | G2: Diff vs pproj
A3: 41061 | B3: ='LTIM ye Jun24 - Table 1'!C105 -> 162000 | C3: ='LTIM ye Dec23 - Table 1'!C100 -> 162000
A4: 41153 | B4: ='LTIM ye Jun24 - Table 1'!C106 -> 157000 | C4: ='LTIM ye Dec23 - Table 1'!C101 -> 157000
A5: 41244 | B5: ='LTIM ye Jun24 - Table 1'!C107 -> 195000 | C5: ='LTIM ye Dec23 - Table 1'!C102 -> 195000
A6: 41334 | B6: ='LTIM ye Jun24 - Table 1'!C108 -> 204000 | C6: ='LTIM ye Dec23 - Table 1'!C103 -> 204000
A7: 41426 | B7: ='LTIM ye Jun24 - Table 1'!C109 -> 215000 | C7: ='LTIM ye Dec23 - Table 1'!C104 -> 215000
A8: 41518 | B8: ='LTIM ye Jun24 - Table 1'!C110 -> 259000 | C8: ='LTIM ye Dec23 - Table 1'!C105 -> 259000
A9: 41609 | B9: ='LTIM ye Jun24 - Table 1'!C111 -> 244000 | C9: ='LTIM ye Dec23 - Table 1'!C106 -> 244000
A10: 41699 | B10: ='LTIM ye Jun24 - Table 1'!C112 -> 256000 | C10: ='LTIM ye Dec23 - Table 1'!C107 -> 256000
A11: 41791 | B11: ='LTIM ye Jun24 - Table 1'!C113 -> 248000 | C11: ='LTIM ye Dec23 - Table 1'!C108 -> 248000
A12: 41883 | B12: ='LTIM ye Jun24 - Table 1'!C114 -> 264000 | C12: ='LTIM ye Dec23 - Table 1'!C109 -> 264000
A13: 41974 | B13: ='LTIM ye Jun24 - Table 1'!C115 -> 284000 | C13: ='LTIM ye Dec23 - Table 1'!C110 -> 284000
A14: 42064 | B14: ='LTIM ye Jun24 - Table 1'!C116 -> 296000 | C14: ='LTIM ye Dec23 - Table 1'!C111 -> 296000
... A38: 44256 | B38: ='LTIM ye Jun24 - Table 1'!C140 -> 132000 | C38: ='LTIM ye Dec23 - Table 1'!C135 -> 132000
A39: 44348 | B39: ='LTIM ye Jun24 - Table 1'!C141 -> 254000 | C39: ='LTIM ye Dec23 - Table 1'!C136 -> 221000 | D39: ='Pproj - Jan24'!D12*1000 -> 221500 | G39: =B39-D39 -> 32500
A40: 44440 | B40: ='LTIM ye Jun24 - Table 1'!C142 -> 467000 | C40: ='LTIM ye Dec23 - Table 1'!C137 -> 443000
A41: 44531 | B41: ='LTIM ye Jun24 - Table 1'!C143 -> 484000 | C41: ='LTIM ye Dec23 - Table 1'!C138 -> 466000
A42: 44621 | B42: ='LTIM ye Jun24 - Table 1'!C144 -> 548000 | C42: ='LTIM ye Dec23 - Table 1'!C139 -> 526000
A43: 44713 | B43: ='LTIM ye Jun24 - Table 1'!C145 -> 634000 | C43: ='LTIM ye Dec23 - Table 1'!C140 -> 607000 | D43: ='Pproj - Jan24'!D13*1000 -> 595900 | F43: =B43-C43 -> 27000 | G43: =B43-D43 -> 38100
A44: 44805 | B44: ='LTIM ye Jun24 - Table 1'!C146 -> 789000 | C44: ='LTIM ye Dec23 - Table 1'!C141 -> 718000
A45: 44896 | B45: ='LTIM ye Jun24 - Table 1'!C147 -> 872000 | C45: ='LTIM ye Dec23 - Table 1'!C142 -> 764000
A46: 44986 | B46: ='LTIM ye Jun24 - Table 1'!C148 -> 894000 | C46: ='LTIM ye Dec23 - Table 1'!C143 -> 750000
A47: 45078 | B47: ='LTIM ye Jun24 - Table 1'!C149 -> 906000 | C47: ='LTIM ye Dec23 - Table 1'!C144 -> 740000 | D47: ='Pproj - Jan24'!D14*1000 -> 670200 | F47: =B47-C47 -> 166000 | G47: =B47-D47 -> 235800
A48: 45170 | B48: ='LTIM ye Jun24 - Table 1'!C150 -> 878000 | C48: ='LTIM ye Dec23 - Table 1'!C145 -> 724000
A49: 45261 | B49: ='LTIM ye Jun24 - Table 1'!C151 -> 866000 | C49: ='LTIM ye Dec23 - Table 1'!C146 -> 685000 | F49: =B49-C49 -> 181000
A50: 45352 | B50: ='LTIM ye Jun24 - Table 1'!C152 -> 824000
A51: 45444 | B51: ='LTIM ye Jun24 - Table 1'!C153 -> 728000 | D51: ='Pproj - Jan24'!G15*1000 -> 599500 | G51: =B51-D51 -> 128500 | H51: =SUM(G39:G51) -> 434900

Sheet HAVERM
C1: Mortgage approvals lagged three months (LHS) | F1: Residential transactions (RHS)
B2: 202001 !M | C2: USVTVX@UK | D2: USBZ2C@UK | E2: USVTVC@UK | F2: UKSPT@UK
B3: .DESC | C3: UK: Mortgage Loans Approved: All Lenders: House Purchase (SA, Number) | D3: UK: Lending to Individuals ex Student Loans: Total: Net Change (SA, Mil.GBP) | E3: UK: Mortgage Lending: Total [incl Housing Assns]: Gross New Loans (SA, Mil.GBP) | F3: UK: Residential Property Transactions over 40,000 GBP(SA, Thous)
B4: .T1 | C4: Apr-1993 | D4: Apr-1993 | E4: Apr-1993 | F4: Apr-2005
B5: .TN | C5: Sep-2024 | D5: Sep-2024 | E5: Sep-2024 | F5: Sep-2024
B6: .LSOURCE | C6: Bank of England | D6: Bank of England | E6: Bank of England | F6: HM Revenue & Customs
B7: .DTLM | C7: Oct-29-2024 09:32 | D7: Oct-29-2024 09:32 | E7: Oct-29-2024 09:41 | F7: Oct-31-2024 09:36
A8: 43831 | B8: 202001 | C8: 69399 | D8: 5621 | E8: 23025 | F8: 97.14
A9: 43862 | B9: 202002 | C9: 71707 | D9: 5290 | E9: 23492 | F9: 97.83
A10: 43891 | B10: 202003 | C10: 56273 | D10: 1619 | E10: 23305 | F10: 91.08
A11: 43922 | B11: 202004 | C11: 15908 | D11: -7280 | E11: 14670 | F11: 42.99
A12: 43952 | B12: 202005 | C12: 9356 | D12: -4514 | E12: 15157 | F12: 48.32
A13: 43983 | B13: 202006 | C13: 40276 | D13: 1024 | E13: 16141 | F13: 63.27
A14: 44013 | B14: 202007 | C14: 66761 | D14: 4140 | E14: 17573 | F14: 71.76
A15: 44044 | B15: 202008 | C15: 85383 | D15: 3573 | E15: 18639 | F15: 81.65
A16: 44075 | B16: 202009 | C16: 92703 | D16: 4611 | E16: 20805 | F16: 95.2
A17: 44105 | B17: 202010 | C17: 100864 | D17: 4610 | E17: 22246 | F17: 106.23
A18: 44136 | B18: 202011 | C18: 107701 | D18: 4952 | E18: 23846 | F18: 115.07
A19: 44166 | B19: 202012 | C19: 102974 | D19: 5903 | E19: 25090 | F19: 127.32
... A64: 45536 | B64: 202409 | C64: 66115 | D64: 3771 | E64: 19295 | F64: 91.69
A65: 45566 | C65: 68303 | F65: 100.41
A66: 45597
A67: 45627
A68: 45658
A69: 45689
A70: 45717
A71: 45748
A72: 45778
A73: 45809

Sheet LTIM ye Jun24 - Table 1
A1: Table 1: Long-term international migration into and out of the United Kingdom by nationality,
A2: using new approach to producing migration estimates.
A3: This worksheet contains one table.
A4: Notes and definitions are referred to in this table. The text for these can be found in the corresponding worksheets.
A5: Some shorthand is used in this table, P = provisional, R = revised, YE = Year Ending and EU = European Union.
A6: Flow [note 2] | B6: Period [note 15] | C6: All Nationalities [note 1] | D6: British [definition 2] | E6: EU+ [definition 3] | F6: Non-EU+ [definition 4]
A7: Immigration | B7: YE Jun 12 | C7: 639000 | D7: 74000 | E7: 327000 | F7: 238000
A8: Immigration | B8: YE Sep 12 | C8: 630000 | D8: 76000 | E8: 322000 | F8: 232000
A9: Immigration | B9: YE Dec 12 | C9: 643000 | D9: 79000 | E9: 334000 | F9: 230000
A10: Immigration | B10: YE Mar 13 | C10: 649000 | D10: 75000 | E10: 350000 | F10: 224000
A11: Immigration | B11: YE Jun 13 | C11: 669000 | D11: 75000 | E11: 373000 | F11: 222000
A12: Immigration | B12: YE Sep 13 | C12: 720000 | D12: 78000 | E12: 410000 | F12: 233000
A13: Immigration | B13: YE Dec 13 | C13: 713000 | D13: 76000 | E13: 402000 | F13: 234000
A14: Immigration | B14: YE Mar 14 | C14: 731000 | D14: 80000 | E14: 414000 | F14: 236000
A15: Immigration | B15: YE Jun 14 | C15: 737000 | D15: 82000 | E15: 420000 | F15: 236000
A16: Immigration | B16: YE Sep 14 | C16: 761000 | D16: 81000 | E16: 441000 | F16: 239000
A17: Immigration | B17: YE Dec 14 | C17: 778000 | D17: 81000 | E17: 457000 | F17: 241000
A18: Immigration | B18: YE Mar 15 | C18: 780000 | D18: 83000 | E18: 457000 | F18: 240000
... A153: Net migration | B153: YE Jun 24 P | C153: 728000 | D153: -21000 | E153: -95000 | F153: 845000

Sheet LTIM ye Dec23 - Table 1
A1: Table 1: Long-term international migration into and out of the United Kingdom by nationality,
A2: using new approach to producing migration estimates.
A3: This worksheet contains one table. Freeze panes is turned on.
A4: To turn off freeze panes select the 'View' ribbon then 'Freeze Panes' then 'Unfreeze Panes' or use [Alt W, F]
A5: Flow | B5: Period | C5: All Nationalities | D5: British | E5: EU | F5: Non-EU
A6: Immigration | B6: YE Jun 12 | C6: 639000 | D6: 74000 | E6: 327000 | F6: 238000
A7: Immigration | B7: YE Sep 12 | C7: 630000 | D7: 76000 | E7: 322000 | F7: 232000
A8: Immigration | B8: YE Dec 12 | C8: 643000 | D8: 79000 | E8: 334000 | F8: 230000
A9: Immigration | B9: YE Mar 13 | C9: 649000 | D9: 75000 | E9: 350000 | F9: 224000
A10: Immigration | B10: YE Jun 13 | C10: 669000 | D10: 75000 | E10: 373000 | F10: 222000
A11: Immigration | B11: YE Sep 13 | C11: 720000 | D11: 78000 | E11: 410000 | F11: 233000
A12: Immigration | B12: YE Dec 13 | C12: 713000 | D12: 76000 | E12: 402000 | F12: 234000
A13: Immigration | B13: YE Mar 14 | C13: 731000 | D13: 80000 | E13: 414000 | F13: 236000
A14: Immigration | B14: YE Jun 14 | C14: 737000 | D14: 82000 | E14: 420000 | F14: 236000
A15: Immigration | B15: YE Sep 14 | C15: 761000 | D15: 81000 | E15: 441000 | F15: 239000
A16: Immigration | B16: YE Dec 14 | C16: 778000 | D16: 81000 | E16: 457000 | F16: 241000
A17: Immigration | B17: YE Mar 15 | C17: 780000 | D17: 83000 | E17: 457000 | F17: 240000
... A146: Net | B146: YE Dec 23 P | C146: 685000 | D146: -37000 | E146: -75000 | F146: 797000

Sheet Pproj - Jan24
A1: Estimated and projected international migration, years ending mid-2014 to mid-2030 for national population projections: 2021-based interim for United Kingdom
A2: This worksheet contains one table.
A3: Unit | B3: Persons (thousands)
A4: Year ending mid- | B4: Estimated Immigration | C4: Estimated Emigration | D4: Estimated Net Migration [note 4] | E4: Projected Immigration | F4: Projected Emigration | G4: Projected Net Migration [note 4]
A5: 2014 [note 1] [note 2] | B5: 735.8 | C5: 474.6 | D5: 261.2
A6: 2015 [note 1] [note 2] | B6: 774.8 | C6: 473.7 | D6: 301.1
A7: 2016 [note 1] [note 2] | B7: 831.7 | C7: 501.1 | D7: 330.6
A8: 2017 [note 1] [note 2] | B8: 715.9 | C8: 510.9 | D8: 204.9
A9: 2018 [note 1] [note 2] | B9: 754.7 | C9: 527.8 | D9: 226.9
A10: 2019 [note 1] [note 2] | B10: 821.5 | C10: 590 | D10: 231.4
A11: 2020 [note 1] [note 2] | B11: 724.8 | C11: 613.4 | D11: 111.4
A12: 2021 [note 1] [note 2] | B12: 674.2 | C12: 452.7 | D12: 221.5
A13: 2022 [note 1] [note 2] | B13: 1071.2 | C13: 475.3 | D13: 595.9
A14: 2023 [note 1] [note 2] [note 3] | B14: 1175.2 | C14: 505.1 | D14: 670.2
A15: 2024 | E15: 1105.5 | F15: 506.5 | G15: 599.5
A16: 2025 | E16: 1036.5 | F16: 508 | G16: 528
A17: 2026 | E17: 966.5 | F17: 509 | G17: 457.5
A18: 2027 | E18: 897.5 | F18: 511 | G18: 386
A19: 2028 | E19: 827.5 | F19: 512.5 | G19: 315
A20: 2029 | E20: 827.5 | F20: 512.5 | G20: 315
A21: 2030 | E21: 827.5 | F21: 512.5 | G21: 315
