Workbook
Name _DLX1.INC: 'Haver Q'!$A$3:$N$8
Name _DLX2.INC: 'Haver M'!$A$3:$G$8

Sheet Old PESR
B2: Old
A3: Date | B3: HH & NPISH saving ratio | C3: Average
A4: 2000 | B4: 7.2 | C4: =AVERAGE($B$44:$B$83) -> 7.865
B5: 7 | C5: =AVERAGE($B$44:$B$83) -> 7.865
B6: 7.7 | C6: =AVERAGE($B$44:$B$83) -> 7.865
B7: 9 | C7: =AVERAGE($B$44:$B$83) -> 7.865
A8: 2001 | B8: 8.7 | C8: =AVERAGE($B$44:$B$83) -> 7.865
B9: 7.7 | C9: =AVERAGE($B$44:$B$83) -> 7.865
B10: 6.9 | C10: =AVERAGE($B$44:$B$83) -> 7.865
B11: 7.4 | C11: =AVERAGE($B$44:$B$83) -> 7.865
A12: 2002 | B12: 7.9 | C12: =AVERAGE($B$44:$B$83) -> 7.865
B13: 8.7 | C13: =AVERAGE($B$44:$B$83) -> 7.865
B14: 7.5 | C14: =AVERAGE($B$44:$B$83) -> 7.865
B15: 6.4 | C15: =AVERAGE($B$44:$B$83) -> 7.865
A16: 2003 | B16: 7 | C16: =AVERAGE($B$44:$B$83) -> 7.865
B17: 6 | C17: =AVERAGE($B$44:$B$83) -> 7.865
B18: 6.2 | C18: =AVERAGE($B$44:$B$83) -> 7.865
B19: 6.9 | C19: =AVERAGE($B$44:$B$83) -> 7.865
A20: 2004 | B20: 7 | C20: =AVERAGE($B$44:$B$83) -> 7.865
B21: 6.6 | C21: =AVERAGE($B$44:$B$83) -> 7.865
B22: 7.5 | C22: =AVERAGE($B$44:$B$83) -> 7.865
B23: 6.8 | C23: =AVERAGE($B$44:$B$83) -> 7.865
A24: 2005 | B24: 6.5 | C24: =AVERAGE($B$44:$B$83) -> 7.865
B25: 7.6 | C25: =AVERAGE($B$44:$B$83) -> 7.865
B26: 6.7 | C26: =AVERAGE($B$44:$B$83) -> 7.865
B27: 6.5 | C27: =AVERAGE($B$44:$B$83) -> 7.865
A28: 2006 | B28: 7.5 | C28: =AVERAGE($B$44:$B$83) -> 7.865
B29: 6.6 | C29: =AVERAGE($B$44:$B$83) -> 7.865
B30: 7.4 | C30: =AVERAGE($B$44:$B$83) -> 7.865
B31: 8.3 | C31: =AVERAGE($B$44:$B$83) -> 7.865
A32: 2007 | B32: 10.1 | C32: =AVERAGE($B$44:$B$83) -> 7.865
B33: 8.9 | C33: =AVERAGE($B$44:$B$83) -> 7.865
B34: 8.5 | C34: =AVERAGE($B$44:$B$83) -> 7.865
B35: 7.5 | C35: =AVERAGE($B$44:$B$83) -> 7.865
A36: 2008 | B36: 6.5 | C36: =AVERAGE($B$44:$B$83) -> 7.865
B37: 8.2 | C37: =AVERAGE($B$44:$B$83) -> 7.865
B38: 7.4 | C38: =AVERAGE($B$44:$B$83) -> 7.865
B39: 10.7 | C39: =AVERAGE($B$44:$B$83) -> 7.865
A40: 2009 | B40: 9.5 | C40: =AVERAGE($B$44:$B$83) -> 7.865
B41: 11.6 | C41: =AVERAGE($B$44:$B$83) -> 7.865
B42: 11.2 | C42: =AVERAGE($B$44:$B$83) -> 7.865
B43: 11.6 | C43: =AVERAGE($B$44:$B$83) -> 7.865
A44: 2010 | B44: 13.2 | C44: =AVERAGE($B$44:$B$83) -> 7.865
B45: 12 | C45: =AVERAGE($B$44:$B$83) -> 7.865
B46: 11.2 | C46: =AVERAGE($B$44:$B$83) -> 7.865
B47: 11.3 | C47: =AVERAGE($B$44:$B$83) -> 7.865
A48: 2011 | B48: 9.3 | C48: =AVERAGE($B$44:$B$83) -> 7.865
B49: 10.7 | C49: =AVERAGE($B$44:$B$83) -> 7.865
B50: 9.6 | C50: =AVERAGE($B$44:$B$83) -> 7.865
B51: 8.5 | C51: =AVERAGE($B$44:$B$83) -> 7.865
A52: 2012 | B52: 10.4 | C52: =AVERAGE($B$44:$B$83) -> 7.865
B53: 9.6 | C53: =AVERAGE($B$44:$B$83) -> 7.865
B54: 8.6 | C54: =AVERAGE($B$44:$B$83) -> 7.865
B55: 7 | C55: =AVERAGE($B$44:$B$83) -> 7.865
A56: 2013 | B56: 6.9 | C56: =AVERAGE($B$44:$B$83) -> 7.865
B57: 8.7 | C57: =AVERAGE($B$44:$B$83) -> 7.865
B58: 8.6 | C58: =AVERAGE($B$44:$B$83) -> 7.865
B59: 9.3 | C59: =AVERAGE($B$44:$B$83) -> 7.865
A60: 2014 | B60: 8.8 | C60: =AVERAGE($B$44:$B$83) -> 7.865
B61: 8.1 | C61: =AVERAGE($B$44:$B$83) -> 7.865
B62: 6.5 | C62: =AVERAGE($B$44:$B$83) -> 7.865
B63: 6.6 | C63: =AVERAGE($B$44:$B$83) -> 7.865
A64: 2015 | B64: 8.1 | C64: =AVERAGE($B$44:$B$83) -> 7.865
B65: 10.2 | C65: =AVERAGE($B$44:$B$83) -> 7.865
B66: 10.1 | C66: =AVERAGE($B$44:$B$83) -> 7.865
B67: 10.9 | C67: =AVERAGE($B$44:$B$83) -> 7.865
A68: 2016 | B68: 8.1 | C68: =AVERAGE($B$44:$B$83) -> 7.865
B69: 7.1 | C69: =AVERAGE($B$44:$B$83) -> 7.865
B70: 5.1 | C70: =AVERAGE($B$44:$B$83) -> 7.865
B71: 5.5 | C71: =AVERAGE($B$44:$B$83) -> 7.865
A72: 2017 | B72: 4.3 | C72: =AVERAGE($B$44:$B$83) -> 7.865
B73: 6.4 | C73: =AVERAGE($B$44:$B$83) -> 7.865
B74: 5.8 | C74: =AVERAGE($B$44:$B$83) -> 7.865
B75: 4.8 | C75: =AVERAGE($B$44:$B$83) -> 7.865
A76: 2018 | B76: 5.8 | C76: =AVERAGE($B$44:$B$83) -> 7.865
B77: 5.3 | C77: =AVERAGE($B$44:$B$83) -> 7.865
B78: 5.4 | C78: =AVERAGE($B$44:$B$83) -> 7.865
B79: 4.8 | C79: =AVERAGE($B$44:$B$83) -> 7.865
A80: 2019 | B80: 4.9 | C80: =AVERAGE($B$44:$B$83) -> 7.865
B81: 5.8 | C81: =AVERAGE($B$44:$B$83) -> 7.865
B82: 5.3 | C82: =AVERAGE($B$44:$B$83) -> 7.865
B83: 6 | C83: =AVERAGE($B$44:$B$83) -> 7.865
A84: 2020 | B84: 7.3 | C84: =AVERAGE($B$44:$B$83) -> 7.865
B85: 27.3 | C85: =AVERAGE($B$44:$B$83) -> 7.865
B86: 15.6 | C86: =AVERAGE($B$44:$B$83) -> 7.865
B87: 16.9 | C87: =AVERAGE($B$44:$B$83) -> 7.865
A88: 2021 | B88: 21.3 | C88: =AVERAGE($B$44:$B$83) -> 7.865
B89: 11.9 | C89: =AVERAGE($B$44:$B$83) -> 7.865
B90: 9.1 | C90: =AVERAGE($B$44:$B$83) -> 7.865
B91: 7.8 | C91: =AVERAGE($B$44:$B$83) -> 7.865
A92: 2022 | B92: 8.3 | C92: =AVERAGE($B$44:$B$83) -> 7.865
B93: 7.1 | C93: =AVERAGE($B$44:$B$83) -> 7.865
B94: 8.7 | C94: =AVERAGE($B$44:$B$83) -> 7.865
B95: 9.3 | C95: =AVERAGE($B$44:$B$83) -> 7.865
A96: 2023 | B96: 8.3 | C96: =AVERAGE($B$44:$B$83) -> 7.865
B97: 9.8 | C97: =AVERAGE($B$44:$B$83) -> 7.865
B98: 10.3 | C98: =AVERAGE($B$44:$B$83) -> 7.865
B99: 10.5 | C99: =AVERAGE($B$44:$B$83) -> 7.865
A100: 2024 | B100: 11.3 | C100: =AVERAGE($B$44:$B$83) -> 7.865
B101: #N/A | C101: =AVERAGE($B$44:$B$83) -> 7.865

Sheet Haver Q
A3: 20001 !Q | B3: NRJSQ@UK
A4: .DESC | B4: UK: HH & NPISH: Saving Ratio (SA, %)
A5: .T1 | B5: Q1-1963
A6: .TN | B6: Q2-2024
A7: .LSOURCE | B7: Office for National Statistics
A8: .DTLM | B8: Sep-30-2024 10:02
A9: 20001 | B9: 7.1
A10: 20002 | B10: 7
A11: 20003 | B11: 7.7
A12: 20004 | B12: 9
A13: 20011 | B13: 8.7
A14: 20012 | B14: 7.7
A15: 20013 | B15: 6.9
A16: 20014 | B16: 7.4
A17: 20021 | B17: 7.9
A18: 20022 | B18: 8.7
A19: 20023 | B19: 7.5
A20: 20024 | B20: 6.4
... A106: 20242 | B106: 9.8

Sheet Haver M
B2: Prices - past year | C2: Prices - next year | D2: Wages - past year | E2: Wages - next year
A3: 201001 !M | B3: UNVDPE1@UK | C3: UNVDPE3@UK | D3: UNVDWR@UK | E3: UNVDWE@UK
A4: .DESC | B4: UK: BoE DMP: Expected Price Growth Over the Next Year: Single Month (%) | C4: UK: BoE DMP: Expected Price Growth Over the Next Year: 3 Month Average (%) | D4: UK: BoE DMP: Realized Wage Growth Over the Past Year: Single Month (%) | E4: UK: BoE DMP: Expected Wage Growth Over the Next Year: Single Month (%)
A5: .T1 | B5: Jan-2017 | C5: Jan-2017 | D5: Aug-2017 | E5: Aug-2017
A6: .TN | B6: Sep-2024 | C6: Sep-2024 | D6: Sep-2024 | E6: Sep-2024
A7: .LSOURCE | B7: Bank of England | C7: Bank of England | D7: Bank of England | E7: Bank of England
A8: .DTLM | B8: Oct-03-2024 09:34 | C8: Oct-03-2024 09:34 | D8: Oct-03-2024 09:34 | E8: Oct-03-2024 09:34
A9: 201001 | B9: #N/A | C9: #N/A | D9: #N/A | E9: #N/A
A10: 201002 | B10: #N/A | C10: #N/A | D10: #N/A | E10: #N/A
A11: 201003 | B11: #N/A | C11: #N/A | D11: #N/A | E11: #N/A
A12: 201004 | B12: #N/A | C12: #N/A | D12: #N/A | E12: #N/A
A13: 201005 | B13: #N/A | C13: #N/A | D13: #N/A | E13: #N/A
A14: 201006 | B14: #N/A | C14: #N/A | D14: #N/A | E14: #N/A
A15: 201007 | B15: #N/A | C15: #N/A | D15: #N/A | E15: #N/A
A16: 201008 | B16: #N/A | C16: #N/A | D16: #N/A | E16: #N/A
A17: 201009 | B17: #N/A | C17: #N/A | D17: #N/A | E17: #N/A
A18: 201010 | B18: #N/A | C18: #N/A | D18: #N/A | E18: #N/A
A19: 201011 | B19: #N/A | C19: #N/A | D19: #N/A | E19: #N/A
A20: 201012 | B20: #N/A | C20: #N/A | D20: #N/A | E20: #N/A
... A92: 201612 | B92: #N/A | C92: #N/A | D92: #N/A | E92: #N/A
A93: 201701 | B93: 3.346 | C93: 2.963 | D93: #N/A | E93: #N/A
A94: 201702 | B94: 2.748 | C94: 2.841 | D94: #N/A | E94: #N/A
A95: 201703 | B95: 2.282 | C95: 2.792 | D95: #N/A | E95: #N/A
A96: 201704 | B96: 3.279 | C96: 2.77 | D96: #N/A | E96: #N/A
A97: 201705 | B97: 2.447 | C97: 2.669 | D97: #N/A | E97: #N/A
A98: 201706 | B98: 2.074 | C98: 2.6 | D98: #N/A | E98: #N/A
A99: 201707 | B99: 2.828 | C99: 2.45 | D99: #N/A | E99: #N/A
A100: 201708 | B100: 2.461 | C100: 2.455 | D100: 2.6 | E100: 2.4
A101: 201709 | B101: 2.394 | C101: 2.561 | D101: 2.5 | E101: 2.3
A102: 201710 | B102: 2.581 | C102: 2.479 | D102: 2.7 | E102: 2.6
A103: 201711 | B103: 2.421 | C103: 2.465 | D103: #N/A | E103: #N/A
A104: 201712 | B104: 2.442 | C104: 2.481 | D104: #N/A | E104: #N/A
A105: 201801 | B105: 2.463 | C105: 2.442 | D105: #N/A | E105: #N/A
A106: 201802 | B106: 2.408 | C106: 2.438 | D106: #N/A | E106: #N/A
A107: 201803 | B107: 2.135 | C107: 2.335 | D107: #N/A | E107: #N/A
A108: 201804 | B108: 2.444 | C108: 2.329 | D108: #N/A | E108: #N/A
A109: 201805 | B109: 1.977 | C109: 2.186 | D109: #N/A | E109: #N/A
A110: 201806 | B110: 2.317 | C110: 2.246 | D110: #N/A | E110: #N/A
A111: 201807 | B111: 2.424 | C111: 2.239 | D111: #N/A | E111: #N/A
A112: 201808 | B112: 2.254 | C112: 2.332 | D112: #N/A | E112: #N/A
A113: 201809 | B113: 2.002 | C113: 2.226 | D113: #N/A | E113: #N/A
A114: 201810 | B114: 2.591 | C114: 2.282 | D114: #N/A | E114: #N/A
... A156: 202204 | B156: 5.998 | C156: 5.587 | D156: #N/A | E156: #N/A
A157: 202205 | B157: 5.883 | C157: 5.917 | D157: 5.5 | E157: 4.8
A158: 202206 | B158: 6.292 | C158: 6.058 | D158: 5.7 | E158: 5.1
A159: 202207 | B159: 6.668 | C159: 6.281 | D159: 5.5 | E159: 5.2
A160: 202208 | B160: 6.434 | C160: 6.465 | D160: 6.4 | E160: 5.5
A161: 202209 | B161: 6.638 | C161: 6.58 | D161: 6.5 | E161: 5.9
A162: 202210 | B162: 6.221 | C162: 6.431 | D162: 6.1 | E162: 5.8
A163: 202211 | B163: 5.747 | C163: 6.202 | D163: 6.1 | E163: 5.8
A164: 202212 | B164: 5.783 | C164: 5.917 | D164: 6.6 | E164: 6.3
A165: 202301 | B165: 5.8 | C165: 5.777 | D165: 6.3 | E165: 5.7
A166: 202302 | B166: 5.388 | C166: 5.657 | D166: 6.6 | E166: 5.8
A167: 202303 | B167: 5.311 | C167: 5.499 | D167: 6.5 | E167: 5.6
A168: 202304 | B168: 5.956 | C168: 5.552 | D168: 6.6 | E168: 5.4
... A185: 202409 | B185: 3.626 | C185: 3.568 | D185: 5.7 | E185: 4.1

Sheet Chart data
A1: QNA - PESR (bluebook) | I1: DMP - prices & wages
A3: Date | B3: Bluebook revisions | C3: 2010-2019 average | D3: New estimate of excess savings | E3: Previous estimate | I3: Date | J3: Prices - past year | K3: Prices - next year | L3: Wages - past year | M3: Wages - next year
A4: 2010 | B4: ='Haver Q'!B49 -> 13.2 | C4: =AVERAGE($B$4:$B$43) -> 7.865 | D4: =B4-AVERAGE($B$4:$B$43) -> 5.335 | E4: ='Old PESR'!B44 -> 13.2 | I4: 42736 | J4: =AVERAGE('Haver M'!B91:B93) -> #N/A | K4: =AVERAGE('Haver M'!C91:C93) -> #N/A
B5: ='Haver Q'!B50 -> 11.9 | C5: =AVERAGE($B$4:$B$43) -> 7.865 | D5: =B5-AVERAGE($B$4:$B$43) -> 4.035 | E5: ='Old PESR'!B45 -> 12 | I5: 42767 | J5: =AVERAGE('Haver M'!B92:B94) -> #N/A | K5: =AVERAGE('Haver M'!C92:C94) -> #N/A
B6: ='Haver Q'!B51 -> 11.2 | C6: =AVERAGE($B$4:$B$43) -> 7.865 | D6: =B6-AVERAGE($B$4:$B$43) -> 3.335 | E6: ='Old PESR'!B46 -> 11.2 | I6: 42795 | J6: =AVERAGE('Haver M'!B93:B95) -> 2.792 | K6: =AVERAGE('Haver M'!C93:C95) -> 2.8653333
B7: ='Haver Q'!B52 -> 11.3 | C7: =AVERAGE($B$4:$B$43) -> 7.865 | D7: =B7-AVERAGE($B$4:$B$43) -> 3.435 | E7: ='Old PESR'!B47 -> 11.3 | I7: 42826 | J7: =AVERAGE('Haver M'!B94:B96) -> 2.7696667 | K7: =AVERAGE('Haver M'!C94:C96) -> 2.801
A8: 2011 | B8: ='Haver Q'!B53 -> 9.3 | C8: =AVERAGE($B$4:$B$43) -> 7.865 | D8: =B8-AVERAGE($B$4:$B$43) -> 1.435 | E8: ='Old PESR'!B48 -> 9.3 | I8: 42856 | J8: =AVERAGE('Haver M'!B95:B97) -> 2.6693333 | K8: =AVERAGE('Haver M'!C95:C97) -> 2.7436667
B9: ='Haver Q'!B54 -> 10.7 | C9: =AVERAGE($B$4:$B$43) -> 7.865 | D9: =B9-AVERAGE($B$4:$B$43) -> 2.835 | E9: ='Old PESR'!B49 -> 10.7 | I9: 42887 | J9: =AVERAGE('Haver M'!B96:B98) -> 2.6 | K9: =AVERAGE('Haver M'!C96:C98) -> 2.6796667
B10: ='Haver Q'!B55 -> 9.6 | C10: =AVERAGE($B$4:$B$43) -> 7.865 | D10: =B10-AVERAGE($B$4:$B$43) -> 1.735 | E10: ='Old PESR'!B50 -> 9.6 | I10: 42917 | J10: =AVERAGE('Haver M'!B97:B99) -> 2.4496667 | K10: =AVERAGE('Haver M'!C97:C99) -> 2.573
B11: ='Haver Q'!B56 -> 8.5 | C11: =AVERAGE($B$4:$B$43) -> 7.865 | D11: =B11-AVERAGE($B$4:$B$43) -> 0.635 | E11: ='Old PESR'!B51 -> 8.5 | I11: 42948 | J11: =AVERAGE('Haver M'!B98:B100) -> 2.4543333 | K11: =AVERAGE('Haver M'!C98:C100) -> 2.5016667
A12: 2012 | B12: ='Haver Q'!B57 -> 10.4 | C12: =AVERAGE($B$4:$B$43) -> 7.865 | D12: =B12-AVERAGE($B$4:$B$43) -> 2.535 | E12: ='Old PESR'!B52 -> 10.4 | I12: 42979 | J12: =AVERAGE('Haver M'!B99:B101) -> 2.561 | K12: =AVERAGE('Haver M'!C99:C101) -> 2.4886667
B13: ='Haver Q'!B58 -> 9.6 | C13: =AVERAGE($B$4:$B$43) -> 7.865 | D13: =B13-AVERAGE($B$4:$B$43) -> 1.735 | E13: ='Old PESR'!B53 -> 9.6 | I13: 43009 | J13: =AVERAGE('Haver M'!B100:B102) -> 2.4786667 | K13: =AVERAGE('Haver M'!C100:C102) -> 2.4983333
B14: ='Haver Q'!B59 -> 8.6 | C14: =AVERAGE($B$4:$B$43) -> 7.865 | D14: =B14-AVERAGE($B$4:$B$43) -> 0.735 | E14: ='Old PESR'!B54 -> 8.6 | I14: 43040 | J14: =AVERAGE('Haver M'!B101:B103) -> 2.4653333 | K14: =AVERAGE('Haver M'!C101:C103) -> 2.5016667
B15: ='Haver Q'!B60 -> 7 | C15: =AVERAGE($B$4:$B$43) -> 7.865 | D15: =B15-AVERAGE($B$4:$B$43) -> -0.865 | E15: ='Old PESR'!B55 -> 7 | I15: 43070 | J15: =AVERAGE('Haver M'!B102:B104) -> 2.4813333 | K15: =AVERAGE('Haver M'!C102:C104) -> 2.475
A16: 2013 | B16: ='Haver Q'!B61 -> 6.9 | C16: =AVERAGE($B$4:$B$43) -> 7.865 | D16: =B16-AVERAGE($B$4:$B$43) -> -0.965 | E16: ='Old PESR'!B56 -> 6.9 | I16: 43101 | J16: =AVERAGE('Haver M'!B103:B105) -> 2.442 | K16: =AVERAGE('Haver M'!C103:C105) -> 2.4626667
B17: ='Haver Q'!B62 -> 8.7 | C17: =AVERAGE($B$4:$B$43) -> 7.865 | D17: =B17-AVERAGE($B$4:$B$43) -> 0.835 | E17: ='Old PESR'!B57 -> 8.7 | I17: 43132 | J17: =AVERAGE('Haver M'!B104:B106) -> 2.4376667 | K17: =AVERAGE('Haver M'!C104:C106) -> 2.4536667
B18: ='Haver Q'!B63 -> 8.6 | C18: =AVERAGE($B$4:$B$43) -> 7.865 | D18: =B18-AVERAGE($B$4:$B$43) -> 0.735 | E18: ='Old PESR'!B58 -> 8.6 | I18: 43160 | J18: =AVERAGE('Haver M'!B105:B107) -> 2.3353333 | K18: =AVERAGE('Haver M'!C105:C107) -> 2.405
B19: ='Haver Q'!B64 -> 9.3 | C19: =AVERAGE($B$4:$B$43) -> 7.865 | D19: =B19-AVERAGE($B$4:$B$43) -> 1.435 | E19: ='Old PESR'!B59 -> 9.3 | I19: 43191 | J19: =AVERAGE('Haver M'!B106:B108) -> 2.329 | K19: =AVERAGE('Haver M'!C106:C108) -> 2.3673333
A20: 2014 | B20: ='Haver Q'!B65 -> 8.8 | C20: =AVERAGE($B$4:$B$43) -> 7.865 | D20: =B20-AVERAGE($B$4:$B$43) -> 0.935 | E20: ='Old PESR'!B60 -> 8.8 | I20: 43221 | J20: =AVERAGE('Haver M'!B107:B109) -> 2.1853333 | K20: =AVERAGE('Haver M'!C107:C109) -> 2.2833333
B21: ='Haver Q'!B66 -> 8.2 | C21: =AVERAGE($B$4:$B$43) -> 7.865 | D21: =B21-AVERAGE($B$4:$B$43) -> 0.335 | E21: ='Old PESR'!B61 -> 8.1 | I21: 43252 | J21: =AVERAGE('Haver M'!B108:B110) -> 2.246 | K21: =AVERAGE('Haver M'!C108:C110) -> 2.2536667
B22: ='Haver Q'!B67 -> 6.5 | C22: =AVERAGE($B$4:$B$43) -> 7.865 | D22: =B22-AVERAGE($B$4:$B$43) -> -1.365 | E22: ='Old PESR'!B62 -> 6.5 | I22: 43282 | J22: =AVERAGE('Haver M'!B109:B111) -> 2.2393333 | K22: =AVERAGE('Haver M'!C109:C111) -> 2.2236667
B23: ='Haver Q'!B68 -> 6.6 | C23: =AVERAGE($B$4:$B$43) -> 7.865 | D23: =B23-AVERAGE($B$4:$B$43) -> -1.265 | E23: ='Old PESR'!B63 -> 6.6 | I23: 43313 | J23: =AVERAGE('Haver M'!B110:B112) -> 2.3316667 | K23: =AVERAGE('Haver M'!C110:C112) -> 2.2723333
A24: 2015 | B24: ='Haver Q'!B69 -> 8.1 | C24: =AVERAGE($B$4:$B$43) -> 7.865 | D24: =B24-AVERAGE($B$4:$B$43) -> 0.235 | E24: ='Old PESR'!B64 -> 8.1 | I24: 43344 | J24: =AVERAGE('Haver M'!B111:B113) -> 2.2266667 | K24: =AVERAGE('Haver M'!C111:C113) -> 2.2656667
B25: ='Haver Q'!B70 -> 10.3 | C25: =AVERAGE($B$4:$B$43) -> 7.865 | D25: =B25-AVERAGE($B$4:$B$43) -> 2.435 | E25: ='Old PESR'!B65 -> 10.2 | I25: 43374 | J25: =AVERAGE('Haver M'!B112:B114) -> 2.2823333 | K25: =AVERAGE('Haver M'!C112:C114) -> 2.28
B26: ='Haver Q'!B71 -> 10 | C26: =AVERAGE($B$4:$B$43) -> 7.865 | D26: =B26-AVERAGE($B$4:$B$43) -> 2.135 | E26: ='Old PESR'!B66 -> 10.1 | I26: 43405 | J26: =AVERAGE('Haver M'!B113:B115) -> 2.4266667 | K26: =AVERAGE('Haver M'!C113:C115) -> 2.3116667
B27: ='Haver Q'!B72 -> 10.9 | C27: =AVERAGE($B$4:$B$43) -> 7.865 | D27: =B27-AVERAGE($B$4:$B$43) -> 3.035 | E27: ='Old PESR'!B67 -> 10.9 | I27: 43435 | J27: =AVERAGE('Haver M'!B114:B116) -> 2.4843333 | K27: =AVERAGE('Haver M'!C114:C116) -> 2.3976667
A28: 2016 | B28: ='Haver Q'!B73 -> 8.1 | C28: =AVERAGE($B$4:$B$43) -> 7.865 | D28: =B28-AVERAGE($B$4:$B$43) -> 0.235 | E28: ='Old PESR'!B68 -> 8.1 | I28: 43466 | J28: =AVERAGE('Haver M'!B115:B117) -> 2.4646667 | K28: =AVERAGE('Haver M'!C115:C117) -> 2.4586667
B29: ='Haver Q'!B74 -> 7.1 | C29: =AVERAGE($B$4:$B$43) -> 7.865 | D29: =B29-AVERAGE($B$4:$B$43) -> -0.765 | E29: ='Old PESR'!B69 -> 7.1 | I29: 43497 | J29: =AVERAGE('Haver M'!B116:B118) -> 2.4226667 | K29: =AVERAGE('Haver M'!C116:C118) -> 2.4573333
B30: ='Haver Q'!B75 -> 5.1 | C30: =AVERAGE($B$4:$B$43) -> 7.865 | D30: =B30-AVERAGE($B$4:$B$43) -> -2.765 | E30: ='Old PESR'!B70 -> 5.1 | I30: 43525 | J30: =AVERAGE('Haver M'!B117:B119) -> 2.387 | K30: =AVERAGE('Haver M'!C117:C119) -> 2.425
B31: ='Haver Q'!B76 -> 5.5 | C31: =AVERAGE($B$4:$B$43) -> 7.865 | D31: =B31-AVERAGE($B$4:$B$43) -> -2.365 | E31: ='Old PESR'!B71 -> 5.5 | I31: 43556 | J31: =AVERAGE('Haver M'!B118:B120) -> 2.448 | K31: =AVERAGE('Haver M'!C118:C120) -> 2.4193333
A32: 2017 | B32: ='Haver Q'!B77 -> 4.3 | C32: =AVERAGE($B$4:$B$43) -> 7.865 | D32: =B32-AVERAGE($B$4:$B$43) -> -3.565 | E32: ='Old PESR'!B72 -> 4.3 | I32: 43586 | J32: =AVERAGE('Haver M'!B119:B121) -> 2.3716667 | K32: =AVERAGE('Haver M'!C119:C121) -> 2.4023333
B33: ='Haver Q'!B78 -> 6.4 | C33: =AVERAGE($B$4:$B$43) -> 7.865 | D33: =B33-AVERAGE($B$4:$B$43) -> -1.465 | E33: ='Old PESR'!B73 -> 6.4 | I33: 43617 | J33: =AVERAGE('Haver M'!B120:B122) -> 2.4003333 | K33: =AVERAGE('Haver M'!C120:C122) -> 2.4066667
B34: ='Haver Q'!B79 -> 5.7 | C34: =AVERAGE($B$4:$B$43) -> 7.865 | D34: =B34-AVERAGE($B$4:$B$43) -> -2.165 | E34: ='Old PESR'!B74 -> 5.8 | I34: 43647 | J34: =AVERAGE('Haver M'!B121:B123) -> 2.1946667 | K34: =AVERAGE('Haver M'!C121:C123) -> 2.3223333
B35: ='Haver Q'!B80 -> 4.9 | C35: =AVERAGE($B$4:$B$43) -> 7.865 | D35: =B35-AVERAGE($B$4:$B$43) -> -2.965 | E35: ='Old PESR'!B75 -> 4.8 | I35: 43678 | J35: =AVERAGE('Haver M'!B122:B124) -> 2.1803333 | K35: =AVERAGE('Haver M'!C122:C124) -> 2.2583333
A36: 2018 | B36: ='Haver Q'!B81 -> 5.8 | C36: =AVERAGE($B$4:$B$43) -> 7.865 | D36: =B36-AVERAGE($B$4:$B$43) -> -2.065 | E36: ='Old PESR'!B76 -> 5.8 | I36: 43709 | J36: =AVERAGE('Haver M'!B123:B125) -> 2.2473333 | K36: =AVERAGE('Haver M'!C123:C125) -> 2.2073333
B37: ='Haver Q'!B82 -> 5.3 | C37: =AVERAGE($B$4:$B$43) -> 7.865 | D37: =B37-AVERAGE($B$4:$B$43) -> -2.565 | E37: ='Old PESR'!B77 -> 5.3 | I37: 43739 | J37: =AVERAGE('Haver M'!B124:B126) -> 2.2866667 | K37: =AVERAGE('Haver M'!C124:C126) -> 2.238
B38: ='Haver Q'!B83 -> 5.4 | C38: =AVERAGE($B$4:$B$43) -> 7.865 | D38: =B38-AVERAGE($B$4:$B$43) -> -2.465 | E38: ='Old PESR'!B78 -> 5.4 | I38: 43770 | J38: =AVERAGE('Haver M'!B125:B127) -> 2.2506667 | K38: =AVERAGE('Haver M'!C125:C127) -> 2.2616667
B39: ='Haver Q'!B84 -> 4.8 | C39: =AVERAGE($B$4:$B$43) -> 7.865 | D39: =B39-AVERAGE($B$4:$B$43) -> -3.065 | E39: ='Old PESR'!B79 -> 4.8 | I39: 43800 | J39: =AVERAGE('Haver M'!B126:B128) -> 2.256 | K39: =AVERAGE('Haver M'!C126:C128) -> 2.2646667
A40: 2019 | B40: ='Haver Q'!B85 -> 4.9 | C40: =AVERAGE($B$4:$B$43) -> 7.865 | D40: =B40-AVERAGE($B$4:$B$43) -> -2.965 | E40: ='Old PESR'!B80 -> 4.9 | I40: 43831 | J40: =AVERAGE('Haver M'!B127:B129) -> 2.2243333 | K40: =AVERAGE('Haver M'!C127:C129) -> 2.2436667
B41: ='Haver Q'!B86 -> 5.7 | C41: =AVERAGE($B$4:$B$43) -> 7.865 | D41: =B41-AVERAGE($B$4:$B$43) -> -2.165 | E41: ='Old PESR'!B81 -> 5.8 | I41: 43862 | J41: =AVERAGE('Haver M'!B128:B130) -> 2.206 | K41: =AVERAGE('Haver M'!C128:C130) -> 2.2286667
B42: ='Haver Q'!B87 -> 5.3 | C42: =AVERAGE($B$4:$B$43) -> 7.865 | D42: =B42-AVERAGE($B$4:$B$43) -> -2.565 | E42: ='Old PESR'!B82 -> 5.3 | I42: 43891 | J42: =AVERAGE('Haver M'!B129:B131) -> 1.954 | K42: =AVERAGE('Haver M'!C129:C131) -> 2.128
B43: ='Haver Q'!B88 -> 6.1 | C43: =AVERAGE($B$4:$B$43) -> 7.865 | D43: =B43-AVERAGE($B$4:$B$43) -> -1.765 | E43: ='Old PESR'!B83 -> 6 | I43: 43922 | J43: =AVERAGE('Haver M'!B130:B132) -> 1.6493333 | K43: =AVERAGE('Haver M'!C130:C132) -> 1.9363333
A44: 2020 | B44: ='Haver Q'!B89 -> 7.2 | C44: =AVERAGE($B$4:$B$43) -> 7.865 | D44: =B44-AVERAGE($B$4:$B$43) -> -0.665 | E44: ='Old PESR'!B84 -> 7.3 | I44: 43952 | J44: =AVERAGE('Haver M'!B131:B133) -> 1.403 | K44: =AVERAGE('Haver M'!C131:C133) -> 1.6686667
B45: ='Haver Q'!B90 -> 27.3 | C45: =AVERAGE($B$4:$B$43) -> 7.865 | D45: =B45-AVERAGE($B$4:$B$43) -> 19.435 | E45: ='Old PESR'!B85 -> 27.3 | I45: 43983 | J45: =AVERAGE('Haver M'!B132:B134) -> 1.348 | K45: =AVERAGE('Haver M'!C132:C134) -> 1.4666667
B46: ='Haver Q'!B91 -> 15.6 | C46: =AVERAGE($B$4:$B$43) -> 7.865 | D46: =B46-AVERAGE($B$4:$B$43) -> 7.735 | E46: ='Old PESR'!B86 -> 15.6 | I46: 44013 | J46: =AVERAGE('Haver M'!B133:B135) -> 1.5 | K46: =AVERAGE('Haver M'!C133:C135) -> 1.417
B47: ='Haver Q'!B92 -> 17.1 | C47: =AVERAGE($B$4:$B$43) -> 7.865 | D47: =B47-AVERAGE($B$4:$B$43) -> 9.235 | E47: ='Old PESR'!B87 -> 16.9 | I47: 44044 | J47: =AVERAGE('Haver M'!B134:B136) -> 1.7646667 | K47: =AVERAGE('Haver M'!C134:C136) -> 1.5373333
A48: 2021 | B48: ='Haver Q'!B93 -> 21.8 | C48: =AVERAGE($B$4:$B$43) -> 7.865 | D48: =B48-AVERAGE($B$4:$B$43) -> 13.935 | E48: ='Old PESR'!B88 -> 21.3 | I48: 44075 | J48: =AVERAGE('Haver M'!B135:B137) -> 1.9103333 | K48: =AVERAGE('Haver M'!C135:C137) -> 1.7246667
B49: ='Haver Q'!B94 -> 12.6 | C49: =AVERAGE($B$4:$B$43) -> 7.865 | D49: =B49-AVERAGE($B$4:$B$43) -> 4.735 | E49: ='Old PESR'!B89 -> 11.9 | I49: 44105 | J49: =AVERAGE('Haver M'!B136:B138) -> 2.144 | K49: =AVERAGE('Haver M'!C136:C138) -> 1.9393333
B50: ='Haver Q'!B95 -> 9.5 | C50: =AVERAGE($B$4:$B$43) -> 7.865 | D50: =B50-AVERAGE($B$4:$B$43) -> 1.635 | E50: ='Old PESR'!B90 -> 9.1 | I50: 44136 | J50: =AVERAGE('Haver M'!B137:B139) -> 2.1143333 | K50: =AVERAGE('Haver M'!C137:C139) -> 2.0563333
B51: ='Haver Q'!B96 -> 7.2 | C51: =AVERAGE($B$4:$B$43) -> 7.865 | D51: =B51-AVERAGE($B$4:$B$43) -> -0.665 | E51: ='Old PESR'!B91 -> 7.8 | I51: 44166 | J51: =AVERAGE('Haver M'!B138:B140) -> 2.384 | K51: =AVERAGE('Haver M'!C138:C140) -> 2.2143333
A52: 2022 | B52: ='Haver Q'!B97 -> 7.1 | C52: =AVERAGE($B$4:$B$43) -> 7.865 | D52: =B52-AVERAGE($B$4:$B$43) -> -0.765 | E52: ='Old PESR'!B92 -> 8.3 | I52: 44197 | J52: =AVERAGE('Haver M'!B139:B141) -> 2.4323333 | K52: =AVERAGE('Haver M'!C139:C141) -> 2.3106667
B53: ='Haver Q'!B98 -> 4.6 | C53: =AVERAGE($B$4:$B$43) -> 7.865 | D53: =B53-AVERAGE($B$4:$B$43) -> -3.265 | E53: ='Old PESR'!B93 -> 7.1 | I53: 44228 | J53: =AVERAGE('Haver M'!B140:B142) -> 2.6413333 | K53: =AVERAGE('Haver M'!C140:C142) -> 2.4863333
B54: ='Haver Q'!B99 -> 6.1 | C54: =AVERAGE($B$4:$B$43) -> 7.865 | D54: =B54-AVERAGE($B$4:$B$43) -> -1.765 | E54: ='Old PESR'!B94 -> 8.7 | I54: 44256 | J54: =AVERAGE('Haver M'!B141:B143) -> 2.7353333 | K54: =AVERAGE('Haver M'!C141:C143) -> 2.6033333
B55: ='Haver Q'!B100 -> 6.4 | C55: =AVERAGE($B$4:$B$43) -> 7.865 | D55: =B55-AVERAGE($B$4:$B$43) -> -1.465 | E55: ='Old PESR'!B95 -> 9.3 | I55: 44287 | J55: =AVERAGE('Haver M'!B142:B144) -> 2.9446667 | K55: =AVERAGE('Haver M'!C142:C144) -> 2.774
A56: 2023 | B56: ='Haver Q'!B101 -> 6.3 | C56: =AVERAGE($B$4:$B$43) -> 7.865 | D56: =B56-AVERAGE($B$4:$B$43) -> -1.565 | E56: ='Old PESR'!B96 -> 8.3 | I56: 44317 | J56: =AVERAGE('Haver M'!B143:B145) -> 3.188 | K56: =AVERAGE('Haver M'!C143:C145) -> 2.956
B57: ='Haver Q'!B102 -> 7.3 | C57: =AVERAGE($B$4:$B$43) -> 7.865 | D57: =B57-AVERAGE($B$4:$B$43) -> -0.565 | E57: ='Old PESR'!B97 -> 9.8 | I57: 44348 | J57: =AVERAGE('Haver M'!B144:B146) -> 3.2803333 | K57: =AVERAGE('Haver M'!C144:C146) -> 3.1376667
B58: ='Haver Q'!B103 -> 7.8 | C58: =AVERAGE($B$4:$B$43) -> 7.865 | D58: =B58-AVERAGE($B$4:$B$43) -> -0.065 | E58: ='Old PESR'!B98 -> 10.3 | I58: 44378 | J58: =AVERAGE('Haver M'!B145:B147) -> 3.2086667 | K58: =AVERAGE('Haver M'!C145:C147) -> 3.2256667
B59: ='Haver Q'!B104 -> 7.8 | C59: =AVERAGE($B$4:$B$43) -> 7.865 | D59: =B59-AVERAGE($B$4:$B$43) -> -0.065 | E59: ='Old PESR'!B99 -> 10.5 | I59: 44409 | J59: =AVERAGE('Haver M'!B146:B148) -> 3.1333333 | K59: =AVERAGE('Haver M'!C146:C148) -> 3.2073333
A60: 2024 | B60: ='Haver Q'!B105 -> 8.6 | C60: =AVERAGE($B$4:$B$43) -> 7.865 | D60: =B60-AVERAGE($B$4:$B$43) -> 0.735 | E60: ='Old PESR'!B100 -> 11.3 | I60: 44440 | J60: =AVERAGE('Haver M'!B147:B149) -> 3.417 | K60: =AVERAGE('Haver M'!C147:C149) -> 3.253
B61: ='Haver Q'!B106 -> 9.8 | C61: =AVERAGE($B$4:$B$43) -> 7.865 | D61: =B61-AVERAGE($B$4:$B$43) -> 1.935 | I61: 44470 | J61: =AVERAGE('Haver M'!B148:B150) -> 4.012 | K61: =AVERAGE('Haver M'!C148:C150) -> 3.5206667
I62: 44501 | J62: =AVERAGE('Haver M'!B149:B151) -> 4.419 | K62: =AVERAGE('Haver M'!C149:C151) -> 3.9493333
I63: 44531 | J63: =AVERAGE('Haver M'!B150:B152) -> 4.75 | K63: =AVERAGE('Haver M'!C150:C152) -> 4.3936667
I64: 44562 | J64: =AVERAGE('Haver M'!B151:B153) -> 4.69 | K64: =AVERAGE('Haver M'!C151:C153) -> 4.6196667
I65: 44593 | J65: =AVERAGE('Haver M'!B152:B154) -> 4.8393333 | K65: =AVERAGE('Haver M'!C152:C154) -> 4.7596667
I66: 44621 | J66: =AVERAGE('Haver M'!B153:B155) -> 5.0963333 | K66: =AVERAGE('Haver M'!C153:C155) -> 4.875
I67: 44652 | J67: =AVERAGE('Haver M'!B154:B156) -> 5.5866667 | K67: =AVERAGE('Haver M'!C154:C156) -> 5.174
I68: 44682 | J68: =AVERAGE('Haver M'!B155:B157) -> 5.917 | K68: =AVERAGE('Haver M'!C155:C157) -> 5.5333333
I69: 44713 | J69: =AVERAGE('Haver M'!B156:B158) -> 6.0576667 | K69: =AVERAGE('Haver M'!C156:C158) -> 5.854
I70: 44743 | J70: =AVERAGE('Haver M'!B157:B159) -> 6.281 | K70: =AVERAGE('Haver M'!C157:C159) -> 6.0853333 | L70: =AVERAGE('Haver M'!D157:D159) -> 5.5666667 | M70: =AVERAGE('Haver M'!E157:E159) -> 5.0333333
I71: 44774 | J71: =AVERAGE('Haver M'!B158:B160) -> 6.4646667 | K71: =AVERAGE('Haver M'!C158:C160) -> 6.268 | L71: =AVERAGE('Haver M'!D158:D160) -> 5.8666667 | M71: =AVERAGE('Haver M'!E158:E160) -> 5.2666667
I72: 44805 | J72: =AVERAGE('Haver M'!B159:B161) -> 6.58 | K72: =AVERAGE('Haver M'!C159:C161) -> 6.442 | L72: =AVERAGE('Haver M'!D159:D161) -> 6.1333333 | M72: =AVERAGE('Haver M'!E159:E161) -> 5.5333333
I73: 44835 | J73: =AVERAGE('Haver M'!B160:B162) -> 6.431 | K73: =AVERAGE('Haver M'!C160:C162) -> 6.492 | L73: =AVERAGE('Haver M'!D160:D162) -> 6.3333333 | M73: =AVERAGE('Haver M'!E160:E162) -> 5.7333333
I74: 44866 | J74: =AVERAGE('Haver M'!B161:B163) -> 6.202 | K74: =AVERAGE('Haver M'!C161:C163) -> 6.4043333 | L74: =AVERAGE('Haver M'!D161:D163) -> 6.2333333 | M74: =AVERAGE('Haver M'!E161:E163) -> 5.8333333
I75: 44896 | J75: =AVERAGE('Haver M'!B162:B164) -> 5.917 | K75: =AVERAGE('Haver M'!C162:C164) -> 6.1833333 | L75: =AVERAGE('Haver M'!D162:D164) -> 6.2666667 | M75: =AVERAGE('Haver M'!E162:E164) -> 5.9666667
I76: 44927 | J76: =AVERAGE('Haver M'!B163:B165) -> 5.7766667 | K76: =AVERAGE('Haver M'!C163:C165) -> 5.9653333 | L76: =AVERAGE('Haver M'!D163:D165) -> 6.3333333 | M76: =AVERAGE('Haver M'!E163:E165) -> 5.9333333
I77: 44958 | J77: =AVERAGE('Haver M'!B164:B166) -> 5.657 | K77: =AVERAGE('Haver M'!C164:C166) -> 5.7836667 | L77: =AVERAGE('Haver M'!D164:D166) -> 6.5 | M77: =AVERAGE('Haver M'!E164:E166) -> 5.9333333
I78: 44986 | J78: =AVERAGE('Haver M'!B165:B167) -> 5.4996667 | K78: =AVERAGE('Haver M'!C165:C167) -> 5.6443333 | L78: =AVERAGE('Haver M'!D165:D167) -> 6.4666667 | M78: =AVERAGE('Haver M'!E165:E167) -> 5.7
I79: 45017 | J79: =AVERAGE('Haver M'!B166:B168) -> 5.5516667 | K79: =AVERAGE('Haver M'!C166:C168) -> 5.5693333 | L79: =AVERAGE('Haver M'!D166:D168) -> 6.5666667 | M79: =AVERAGE('Haver M'!E166:E168) -> 5.6
I80: 45047 | J80: =AVERAGE('Haver M'!B167:B169) -> 5.4696667 | K80: =AVERAGE('Haver M'!C167:C169) -> 5.507 | L80: =AVERAGE('Haver M'!D167:D169) -> 6.6333333 | M80: =AVERAGE('Haver M'!E167:E169) -> 5.4
I81: 45078 | J81: =AVERAGE('Haver M'!B168:B170) -> 5.3216667 | K81: =AVERAGE('Haver M'!C168:C170) -> 5.448 | L81: =AVERAGE('Haver M'!D168:D170) -> 6.8333333 | M81: =AVERAGE('Haver M'!E168:E170) -> 5.3
... I96: 45536 | J96: =AVERAGE('Haver M'!B183:B185) -> 3.5676667 | K96: =AVERAGE('Haver M'!C183:C185) -> 3.6073333 | L96: =AVERAGE('Haver M'!D183:D185) -> 5.7 | M96: =AVERAGE('Haver M'!E183:E185) -> 4.1
