Workbook

Sheet Chart Data
A1: Employment | E1: Unemployment
B2: Old | C2: New | F2: Old | G2: New
A3: 43101 | B3: ='Figure 3'!B8 -> 32364259 | C3: ='Figure 3'!C8 -> 32409793 | E3: 43101 | F3: ='Figure 4'!D8 -> 4.2741129 | G3: ='Figure 4'!E8 -> 4.2022004
A4: 43132 | B4: ='Figure 3'!B9 -> 32408829 | C4: ='Figure 3'!C9 -> 32454861 | E4: 43132 | F4: ='Figure 4'!D9 -> 4.2662378 | G4: ='Figure 4'!E9 -> 4.193386
A5: 43160 | B5: ='Figure 3'!B10 -> 32413229 | C5: ='Figure 3'!C10 -> 32459349 | E5: 43160 | F5: ='Figure 4'!D10 -> 4.2439954 | G5: ='Figure 4'!E10 -> 4.1702589
A6: 43191 | B6: ='Figure 3'!B11 -> 32403446 | C6: ='Figure 3'!C11 -> 32450588 | E6: 43191 | F6: ='Figure 4'!D11 -> 4.1167856 | G6: ='Figure 4'!E11 -> 4.0420492
A7: 43221 | B7: ='Figure 3'!B12 -> 32423239 | C7: ='Figure 3'!C12 -> 32470690 | E7: 43221 | F7: ='Figure 4'!D12 -> 4.1027206 | G7: ='Figure 4'!E12 -> 4.0271924
A8: 43252 | B8: ='Figure 3'!B13 -> 32427120 | C8: ='Figure 3'!C13 -> 32475532 | E8: 43252 | F8: ='Figure 4'!D13 -> 4.1173915 | G8: ='Figure 4'!E13 -> 4.0411906
A9: 43282 | B9: ='Figure 3'!B14 -> 32448406 | C9: ='Figure 3'!C14 -> 32497328 | E9: 43282 | F9: ='Figure 4'!D14 -> 4.1571836 | G9: ='Figure 4'!E14 -> 4.0802007
A10: 43313 | B10: ='Figure 3'!B15 -> 32510956 | C10: ='Figure 3'!C15 -> 32560228 | E10: 43313 | F10: ='Figure 4'!D15 -> 4.1402464 | G10: ='Figure 4'!E15 -> 4.0625833
A11: 43344 | B11: ='Figure 3'!B16 -> 32562339 | C11: ='Figure 3'!C16 -> 32612103 | E11: 43344 | F11: ='Figure 4'!D16 -> 4.1251513 | G11: ='Figure 4'!E16 -> 4.0469849
A12: 43374 | B12: ='Figure 3'!B17 -> 32618379 | C12: ='Figure 3'!C17 -> 32668555 | E12: 43374 | F12: ='Figure 4'!D17 -> 4.1007504 | G12: ='Figure 4'!E17 -> 4.0218132
A13: 43405 | B13: ='Figure 3'!B18 -> 32735930 | C13: ='Figure 3'!C18 -> 32786456 | E13: 43405 | F13: ='Figure 4'!D18 -> 4.0188924 | G13: ='Figure 4'!E18 -> 3.9395768
A14: 43435 | B14: ='Figure 3'!B19 -> 32744128 | C14: ='Figure 3'!C19 -> 32795521 | E14: 43435 | F14: ='Figure 4'!D19 -> 4.0310423 | G14: ='Figure 4'!E19 -> 3.9507557
... A77: 45352 | B77: ='Figure 3'!B82 -> 32998858 | C77: ='Figure 3'!C82 -> 33386441 | E77: 45352 | F77: ='Figure 4'!D82 -> 4.4250896 | G77: ='Figure 4'!E82 -> 4.4296542
A78: 45383 | B78: ='Figure 3'!B83 -> 33093586 | C78: ='Figure 3'!C83 -> 33496084 | E78: 45383 | F78: ='Figure 4'!D83 -> 4.1570667 | G78: ='Figure 4'!E83 -> 4.1913072 | K78: =C78-B78 -> 402498.11
A79: 45413 | E79: 45413
A80: 45444 | E80: 45444

Sheet Figure 3
A1: Figure 6: New weights revises up the number of people in all three labour market groups compared with old weights
A2: Number of people Employed, Unemployed and Economically Inactive (aged 16 years and over), UK, seasonally adjusted, between January to March 2018 and April to June 2024
A4: Notes: | B4: Increased volatility of Labour Force Survey (LFS) estimates resulting from smaller achieved sample sizes, means that estimates of change should be treated with additional caution.
A5: Units: | B5: Thousands
A7: Period | B7: Employment - old weights | C7: Employment - new weights | D7: Unemployment - old weights | E7: Unemployment - new weights | F7: Economic Inactivity - old weights | G7: Economic Inactivity - new weights
A8: Jan-Mar 2018 | B8: 32364259 | C8: 32409793 | D8: 1445048 | E8: 1421665.7 | F8: 8805081.9 | G8: 8762030.9
A9: Feb-Apr 2018 | B9: 32408829 | C9: 32454861 | D9: 1444253 | E9: 1420525.7 | F9: 8796629.1 | G9: 8753172.3
A10: Mar-May 2018 | B10: 32413229 | C10: 32459349 | D10: 1436584.6 | E10: 1412545.7 | F10: 8793740.3 | G10: 8749747.2
A11: Apr-Jun 2018 | B11: 32403446 | C11: 32450588 | D11: 1391255.4 | E11: 1366920.3 | F11: 8872789.7 | G11: 8828517.7
A12: May-Jul 2018 | B12: 32423239 | C12: 32470690 | D12: 1387145.6 | E12: 1362528.8 | F12: 8894098.2 | G12: 8849279.6
A13: Jun-Aug 2018 | B13: 32427120 | C13: 32475532 | D13: 1392485.6 | E13: 1367668.2 | F13: 8878932.7 | G13: 8833726.7
A14: Jul-Sep 2018 | B14: 32448406 | C14: 32497328 | D14: 1407450.1 | E14: 1382359.2 | F14: 8868294.4 | G14: 8822831.1
A15: Aug-Oct 2018 | B15: 32510956 | C15: 32560228 | D15: 1404169.8 | E15: 1378801.3 | F15: 8810633 | G15: 8765021.8
A16: Sep-Nov 2018 | B16: 32562339 | C16: 32612103 | D16: 1401040.8 | E16: 1375472 | F16: 8798117.5 | G16: 8752087.3
A17: Oct-Dec 2018 | B17: 32618379 | C17: 32668555 | D17: 1394795.4 | E17: 1368923.8 | F17: 8782994.5 | G17: 8736672.5
A18: Nov-Jan 2019 | B18: 32735930 | C18: 32786456 | D18: 1370709.1 | E18: 1344619.9 | F18: 8702216.5 | G18: 8655420
A19: Dec-Feb 2019 | B19: 32744128 | C19: 32795521 | D19: 1375371.5 | E19: 1348965.2 | F19: 8692516.7 | G19: 8645371.5
... A83: Apr-Jun 2024 | B83: 33093586 | C83: 33496084 | D83: 1435392.7 | E83: 1465340.7 | F83: 9409746.6 | G83: 9469602.1

Sheet Figure 4
A1: Figure 7: New weights have minimal impact on the rates across all three labour market groups | H1: https://www.ons.gov.uk/employmentandlabourmarket/peopleinwork/employmentandemployeetypes/articles/impactofreweightingonlabourforcesurveykeyindicators/december2024
A2: Rates of Employment (aged 16 to 64), Unemployment (aged 16 years and over) and Economic Inactivity (aged 16 to 64), UK, seasonally adjusted, between January to March 2018 and April to June 2024
A4: Notes: | B4: Increased volatility of Labour Force Survey (LFS) estimates resulting from smaller achieved sample sizes, means that estimates of change should be treated with additional caution.
A5: Units: | B5: per cent
A7: Period | B7: Employment rate - old weights | C7: Employment rate - new weights | D7: Unemployment rate - old weights | E7: Unemployment rate - new weights | F7: Economic Inactivity rate - old weights | G7: Economic Inactivity rate - new weights
A8: Jan-Mar 2018 | B8: 75.301659 | C8: 75.450975 | D8: 4.2741129 | E8: 4.2022004 | F8: 21.261325 | G8: 21.168082
A9: Feb-Apr 2018 | B9: 75.328044 | C9: 75.479034 | D9: 4.2662378 | E9: 4.193386 | F9: 21.235798 | G9: 21.141701
A10: Mar-May 2018 | B10: 75.360392 | C10: 75.51298 | D10: 4.2439954 | E10: 4.1702589 | F10: 21.223443 | G10: 21.128453
A11: Apr-Jun 2018 | B11: 75.271689 | C11: 75.425873 | D11: 4.1167856 | E11: 4.0420492 | F11: 21.409421 | G11: 21.313645
A12: May-Jul 2018 | B12: 75.235828 | C12: 75.391672 | D12: 4.1027206 | E12: 4.0271924 | F12: 21.455528 | G12: 21.358741
A13: Jun-Aug 2018 | B13: 75.268679 | C13: 75.426166 | D13: 4.1173915 | E13: 4.0411906 | F13: 21.413407 | G13: 21.315483
A14: Jul-Sep 2018 | B14: 75.259159 | C14: 75.417909 | D14: 4.1571836 | E14: 4.0802007 | F14: 21.382027 | G14: 21.283484
A15: Aug-Oct 2018 | B15: 75.412284 | C15: 75.572081 | D15: 4.1402464 | E15: 4.0625833 | F15: 21.237281 | G15: 21.138361
A16: Sep-Nov 2018 | B16: 75.455719 | C16: 75.616958 | D16: 4.1251513 | E16: 4.0469849 | F16: 21.201392 | G16: 21.101511
A17: Oct-Dec 2018 | B17: 75.522343 | C17: 75.684935 | D17: 4.1007504 | E17: 4.0218132 | F17: 21.15921 | G17: 21.058701
A18: Nov-Jan 2019 | B18: 75.78859 | C18: 75.952764 | D18: 4.0188924 | E18: 3.9395768 | F18: 20.958825 | G18: 20.857263
A19: Dec-Feb 2019 | B19: 75.804542 | C19: 75.970441 | D19: 4.0310423 | E19: 3.9507557 | F19: 20.929982 | G19: 20.82747
... A83: Apr-Jun 2024 | B83: 74.517672 | C83: 74.59651 | D83: 4.1570667 | E83: 4.1913072 | F83: 22.180948 | G83: 22.070153
