Workbook
Name _DLX1.INC: HAVERD!$B$2:$BN$7
Name _DLX2.INC: HAVERM!$B$1:$F$6
Name _DLX3.INC: HAVERQ!$B$1:$G$6
Name Annual_Data: GMW!$A$1:$A$2
Name Data: [4]sheet0!$C$2

Sheet Chart Data
A1: Interest rates - OE forecast & market expectations - monthly | F1: =TODAY() -> 45401 | CL1: Interest rates - OE forecast & market expectations - quarterly | CM1: 42094 | CN1: 42185 | CO1: 42277 | CP1: 42369 | CQ1: 42460 | CR1: 42551 | CS1: 42643 | CT1: 42735 | CU1: 42825 | CV1: 42916 | CW1: 43008 | CX1: 43100 | CY1: 43190 | CZ1: 43281 | DA1: 43373 | DB1: 43465 | DC1: 43555 | DD1: 43646 | DE1: 43738 | DF1: 43830 | DG1: 43921 | DH1: 44012 | DI1: 44104 | DJ1: 44196 | DK1: 44286 | DL1: 44377 | DM1: 44469 | DN1: 44561 | DO1: 44651 | DP1: 44742 | DQ1: 44834 | DR1: 44926 | DS1: 45016 | DT1: 45107 | DU1: 45199 | DV1: 45291 | DW1: 45382 | DX1: 45473 | DY1: 45565 | DZ1: 45657 | EA1: 45747 | EB1: 45838 | EC1: 45930 | ED1: 46022 | EE1: 46112 | EF1: 46203 | EG1: 46295 | EH1: 46387 | EI1: 46477
E2: 43466 | F2: 43497 | G2: 43525 | H2: 43556 | I2: 43586 | J2: 43617 | K2: 43647 | L2: 43678 | M2: 43709 | N2: 43739 | O2: 43770 | P2: 43800 | Q2: 43831 | R2: 43862 | S2: 43891 | T2: 43922 | U2: 43952 | V2: 43983 | W2: 44013 | X2: 44044 | Y2: 44075 | Z2: 44105 | AA2: 44136 | AB2: 44166 | AC2: 44197 | AD2: 44228 | AE2: 44256 | AF2: 44287 | AG2: 44317 | AH2: 44348 | AI2: 44378 | AJ2: 44409 | AK2: 44440 | AL2: 44470 | AM2: 44501 | AN2: 44531 | AO2: 44562 | AP2: 44593 | AQ2: 44621 | AR2: 44652 | AS2: 44682 | AT2: 44713 | AU2: 44743 | AV2: 44774 | AW2: 44805 | AX2: 44835 | AY2: 44866 | AZ2: 44896 | BA2: 44927 | BB2: 44958 | BC2: 44986 | BD2: 45017 | BE2: 45047 | BF2: 45078 | BG2: 45108 | BH2: 45139 | BI2: 45170 | BJ2: 45200 | BK2: 45231 | BL2: 45261 | BM2: 45292 | BN2: 45323 | BO2: 45352 | BP2: 45383 | BQ2: 45413 | BR2: 45444 | BS2: 45474 | BT2: 45505 | BU2: 45536 | BV2: 45566 | BW2: 45597 | BX2: 45627 | BY2: 45658 | BZ2: 45689 | CA2: 45717 | CB2: 45748 | CC2: 45778 | CD2: 45809 | CE2: 45839 | CF2: 45870 | CG2: 45901 | CH2: 45931 | CI2: 45962 | CJ2: 45992 | CM2: 42005 | CN2: 42095 | CO2: 42186 | CP2: 42278 | CQ2: 42370 | CR2: 42461 | CS2: 42552 | CT2: 42644 | CU2: 42736 | CV2: 42826 | CW2: 42917 | CX2: 43009 | CY2: 43101 | CZ2: 43191 | DA2: 43282 | DB2: 43374 | DC2: 43466 | DD2: 43556 | DE2: 43647 | DF2: 43739 | DG2: 43831 | DH2: 43922 | DI2: 44013 | DJ2: 44105 | DK2: 44197 | DL2: 44287 | DM2: 44378 | DN2: 44470 | DO2: 44562 | DP2: 44652 | DQ2: 44743 | DR2: 44835 | DS2: 44927 | DT2: 45017 | DU2: 45108 | DV2: 45200 | DW2: 45292 | DX2: 45383 | DY2: 45474 | DZ2: 45566 | EA2: 45658 | EB2: 45748 | EC2: 45839 | ED2: 45931 | EE2: 46023 | EF2: 46113 | EG2: 46204 | EH2: 46296 | EI2: 46388
E3: =EOMONTH(E2,0) -> 43496 | F3: =EOMONTH(F2,0) -> 43524 | G3: =EOMONTH(G2,0) -> 43555 | H3: =EOMONTH(H2,0) -> 43585 | I3: =EOMONTH(I2,0) -> 43616 | J3: =EOMONTH(J2,0) -> 43646 | K3: =EOMONTH(K2,0) -> 43677 | L3: =EOMONTH(L2,0) -> 43708 | ... CJ3: =EOMONTH(CJ2,0) -> 46022 | CM3: =EOMONTH(CM2,0) -> 42035 | CN3: =EOMONTH(CN2,0) -> 42124 | CO3: =EOMONTH(CO2,0) -> 42216 | CP3: =EOMONTH(CP2,0) -> 42308 | CQ3: =EOMONTH(CQ2,0) -> 42400 | CR3: =EOMONTH(CR2,0) -> 42490 | CS3: =EOMONTH(CS2,0) -> 42582 | CT3: =EOMONTH(CT2,0) -> 42674 | ... EI3: =EOMONTH(EI2,0) -> 46418
A4: =D4 -> Bank Rate | B4: =D4 -> Bank Rate | C4: =B4 -> Bank Rate | D4: Bank Rate | E4: =VLOOKUP(E2,HAVERM!$A:$C,3,FALSE) -> 0.75 | F4: =VLOOKUP(F2,HAVERM!$A:$C,3,FALSE) -> 0.75 | G4: =VLOOKUP(G2,HAVERM!$A:$C,3,FALSE) -> 0.75 | H4: =VLOOKUP(H2,HAVERM!$A:$C,3,FALSE) -> 0.75 | I4: =VLOOKUP(I2,HAVERM!$A:$C,3,FALSE) -> 0.75 | J4: =VLOOKUP(J2,HAVERM!$A:$C,3,FALSE) -> 0.75 | K4: =VLOOKUP(K2,HAVERM!$A:$C,3,FALSE) -> 0.75 | L4: =VLOOKUP(L2,HAVERM!$A:$C,3,FALSE) -> 0.75 | ... BO4: =VLOOKUP(BO2,HAVERM!$A:$C,3,FALSE) -> 5.25 | BP4: 5.25 | BQ4: =VLOOKUP(BQ2,HAVERM!$A:$C,3,FALSE) -> #N/A | BR4: =VLOOKUP(BR2,HAVERM!$A:$C,3,FALSE) -> #N/A | BS4: =VLOOKUP(BS2,HAVERM!$A:$C,3,FALSE) -> #N/A | BT4: =VLOOKUP(BT2,HAVERM!$A:$C,3,FALSE) -> #N/A | BU4: =VLOOKUP(BU2,HAVERM!$A:$C,3,FALSE) -> #N/A | BV4: =VLOOKUP(BV2,HAVERM!$A:$C,3,FALSE) -> #N/A | BW4: =VLOOKUP(BW2,HAVERM!$A:$C,3,FALSE) -> #N/A | BX4: =VLOOKUP(BX2,HAVERM!$A:$C,3,FALSE) -> #N/A | ... CJ4: =VLOOKUP(CJ2,HAVERM!$A:$C,3,FALSE) -> #N/A | CL4: =A4 -> Bank Rate | CM4: =IF(CM1<$F$1,VLOOKUP(CM2,HAVERQ!$A:$D,4,FALSE),NA()) -> 0.5 | CN4: =IF(CN1<$F$1,VLOOKUP(CN2,HAVERQ!$A:$D,4,FALSE),NA()) -> 0.5 | CO4: =IF(CO1<$F$1,VLOOKUP(CO2,HAVERQ!$A:$D,4,FALSE),NA()) -> 0.5 | CP4: =IF(CP1<$F$1,VLOOKUP(CP2,HAVERQ!$A:$D,4,FALSE),NA()) -> 0.5 | CQ4: =IF(CQ1<$F$1,VLOOKUP(CQ2,HAVERQ!$A:$D,4,FALSE),NA()) -> 0.5 | CR4: =IF(CR1<$F$1,VLOOKUP(CR2,HAVERQ!$A:$D,4,FALSE),NA()) -> 0.5 | CS4: =IF(CS1<$F$1,VLOOKUP(CS2,HAVERQ!$A:$D,4,FALSE),NA()) -> 0.34090909 | CT4: =IF(CT1<$F$1,VLOOKUP(CT2,HAVERQ!$A:$D,4,FALSE),NA()) -> 0.25 | ... EG4: =IF(EG1<$F$1,VLOOKUP(EG2,HAVERQ!$A:$D,4,FALSE),NA()) -> #N/A
A5: Market expectations - After February MPC meeting | B5: =D5 -> 45324 | C5: After February MPC | D5: =D15 -> 45324 | E5: =HLOOKUP(E$3,$E$14:$AO$15,2,FALSE) -> #N/A | F5: =HLOOKUP(F$3,$E$14:$AO$15,2,FALSE) -> #N/A | G5: =HLOOKUP(G$3,$E$14:$AO$15,2,FALSE) -> #N/A | H5: =HLOOKUP(H$3,$E$14:$AO$15,2,FALSE) -> #N/A | I5: =HLOOKUP(I$3,$E$14:$AO$15,2,FALSE) -> #N/A | J5: =HLOOKUP(J$3,$E$14:$AO$15,2,FALSE) -> #N/A | K5: =HLOOKUP(K$3,$E$14:$AO$15,2,FALSE) -> #N/A | L5: =HLOOKUP(L$3,$E$14:$AO$15,2,FALSE) -> #N/A | ... CJ5: =HLOOKUP(CJ$3,$E$14:$AO$15,2,FALSE) -> 3.5800488 | CL5: =A5 -> Market expectations - After February MPC meeting | DT5: =AVERAGE(BF5:BG5) -> #N/A | DU5: =AVERAGE(BH5:BJ5) -> #N/A | DV5: =AVERAGE(BK5:BM5) -> #N/A | DW5: =AVERAGE(BN5:BP5) -> 5.1794648 | DX5: =AVERAGE(BQ5:BS5) -> 5.0520878 | DY5: =AVERAGE(BT5:BV5) -> 4.734236 | DZ5: =AVERAGE(BW5:BY5) -> 4.4132062 | EA5: =AVERAGE(BZ5:CB5) -> 4.1488487 | EB5: =AVERAGE(CC5:CE5) -> 3.9186041 | EC5: =AVERAGE(CF5:CH5) -> 3.7277959 | ED5: =AVERAGE(CI5:CK5) -> 3.6020545
A6: Market expectations - After March MPC meeting | B6: =D6 -> 45373 | C6: After March MPC | D6: =D23 -> 45373 | E6: =HLOOKUP(E$3,$E$22:$AO$23,2,FALSE) -> #N/A | F6: =HLOOKUP(F$3,$E$22:$AO$23,2,FALSE) -> #N/A | G6: =HLOOKUP(G$3,$E$22:$AO$23,2,FALSE) -> #N/A | H6: =HLOOKUP(H$3,$E$22:$AO$23,2,FALSE) -> #N/A | I6: =HLOOKUP(I$3,$E$22:$AO$23,2,FALSE) -> #N/A | J6: =HLOOKUP(J$3,$E$22:$AO$23,2,FALSE) -> #N/A | K6: =HLOOKUP(K$3,$E$22:$AO$23,2,FALSE) -> #N/A | L6: =HLOOKUP(L$3,$E$22:$AO$23,2,FALSE) -> #N/A | ... CJ6: =HLOOKUP(CJ$3,$E$22:$AO$23,2,FALSE) -> 3.7120729 | CL6: Market expectations - Before August MPC | DT6: {=TRANSPOSE(HAVERQ!C40:C55)} -> #N/A | DU6: #N/A | DV6: #N/A | DW6: 5.11 | DX6: 5.02 | DY6: 4.63 | DZ6: 4.22 | EA6: 3.92 | EB6: 3.7 | EC6: 3.52 | ED6: 3.4 | EE6: 3.31 | EF6: 3.25 | EG6: 3.21 | EH6: 3.18 | EI6: 3.17
A7: Market expectations - Latest | B7: =D7 -> 45399 | C7: Latest | D7: =D31 -> 45399 | E7: =HLOOKUP(E$3,$E$30:$AO$31,2,FALSE) -> #N/A | F7: =HLOOKUP(F$3,$E$30:$AO$31,2,FALSE) -> #N/A | G7: =HLOOKUP(G$3,$E$30:$AO$31,2,FALSE) -> #N/A | H7: =HLOOKUP(H$3,$E$30:$AO$31,2,FALSE) -> #N/A | I7: =HLOOKUP(I$3,$E$30:$AO$31,2,FALSE) -> #N/A | J7: =HLOOKUP(J$3,$E$30:$AO$31,2,FALSE) -> #N/A | K7: =HLOOKUP(K$3,$E$30:$AO$31,2,FALSE) -> #N/A | L7: =HLOOKUP(L$3,$E$30:$AO$31,2,FALSE) -> #N/A | ... CJ7: =HLOOKUP(CJ$3,$E$30:$AO$31,2,FALSE) -> 4.2794607 | CL7: =A7 -> Market expectations - Latest | DT7: =AVERAGE(BF7:BG7) -> #N/A | DU7: =AVERAGE(BH7:BJ7) -> #N/A | DV7: =AVERAGE(BK7:BM7) -> #N/A | DW7: =AVERAGE(BN7:BP7) -> #N/A | DX7: =AVERAGE(BQ7:BS7) -> 5.1365021 | DY7: =AVERAGE(BT7:BV7) -> 4.9536643 | DZ7: =AVERAGE(BW7:BY7) -> 4.7726709 | EA7: =AVERAGE(BZ7:CB7) -> 4.6353058 | EB7: =AVERAGE(CC7:CE7) -> 4.5235269 | EC7: =AVERAGE(CF7:CH7) -> 4.4061715 | ED7: =AVERAGE(CI7:CK7) -> 4.3011212
A8: =D8 -> OE forecast | D8: OE forecast | E8: =IF(E3>$F$1,HLOOKUP(E$3,$AL$35:$DQ$36,2,FALSE),NA()) -> #N/A | F8: =IF(F3>$F$1,HLOOKUP(F$3,$AL$35:$DQ$36,2,FALSE),NA()) -> #N/A | G8: =IF(G3>$F$1,HLOOKUP(G$3,$AL$35:$DQ$36,2,FALSE),NA()) -> #N/A | H8: =IF(H3>$F$1,HLOOKUP(H$3,$AL$35:$DQ$36,2,FALSE),NA()) -> #N/A | I8: =IF(I3>$F$1,HLOOKUP(I$3,$AL$35:$DQ$36,2,FALSE),NA()) -> #N/A | J8: =IF(J3>$F$1,HLOOKUP(J$3,$AL$35:$DQ$36,2,FALSE),NA()) -> #N/A | K8: =IF(K3>$F$1,HLOOKUP(K$3,$AL$35:$DQ$36,2,FALSE),NA()) -> #N/A | L8: =IF(L3>$F$1,HLOOKUP(L$3,$AL$35:$DQ$36,2,FALSE),NA()) -> #N/A | ... BO8: =IF(BO3>$F$1,HLOOKUP(BO$3,$AL$35:$DQ$36,2,FALSE),NA()) -> #N/A | BP8: 5.25 | BQ8: 5.25 | BR8: =+BQ8-0.25 -> 5 | BS8: =BR8 -> 5 | BT8: =+BS8-0.25 -> 4.75 | BU8: =BT8 -> 4.75 | BV8: =BT8 -> 4.75 | BW8: =+BV8-0.25 -> 4.5 | BX8: =BW8 -> 4.5 | BY8: =BW8 -> 4.5 | BZ8: =+BY8-0.25 -> 4.25 | CA8: =BZ8 -> 4.25 | CB8: =BZ8 -> 4.25 | CC8: =+CB8-0.25 -> 4 | CD8: =CC8 -> 4 | CE8: =CC8 -> 4 | CF8: =+CE8-0.25 -> 3.75 | CG8: =CF8 -> 3.75 | CH8: =CF8 -> 3.75 | CI8: =+CH8-0.25 -> 3.5 | CJ8: =CI8 -> 3.5 | CL8: =A8 -> OE forecast | CM8: =IF(CM1>$F$1,VLOOKUP(CM2,Data!$A:$D,4,FALSE),NA()) -> #N/A | CN8: =IF(CN1>$F$1,VLOOKUP(CN2,Data!$A:$D,4,FALSE),NA()) -> #N/A | CO8: =IF(CO1>$F$1,VLOOKUP(CO2,Data!$A:$D,4,FALSE),NA()) -> #N/A | CP8: =IF(CP1>$F$1,VLOOKUP(CP2,Data!$A:$D,4,FALSE),NA()) -> #N/A | CQ8: =IF(CQ1>$F$1,VLOOKUP(CQ2,Data!$A:$D,4,FALSE),NA()) -> #N/A | CR8: =IF(CR1>$F$1,VLOOKUP(CR2,Data!$A:$D,4,FALSE),NA()) -> #N/A | CS8: =IF(CS1>$F$1,VLOOKUP(CS2,Data!$A:$D,4,FALSE),NA()) -> #N/A | CT8: =IF(CT1>$F$1,VLOOKUP(CT2,Data!$A:$D,4,FALSE),NA()) -> #N/A | ... EG8: =IF(EG1>$F$1,VLOOKUP(EG2,Data!$A:$D,4,FALSE),NA()) -> 2.75 | EH8: 2.75 | EI8: 2.5
D10: Column # | E10: 4 | F10: =+E10+1 -> 5 | G10: =+F10+1 -> 6 | H10: =+G10+1 -> 7 | I10: =+H10+1 -> 8 | J10: =+I10+1 -> 9 | K10: =+J10+1 -> 10 | L10: =+K10+1 -> 11 | M10: =+L10+1 -> 12 | ... BM10: =+BL10+1 -> 64
D11: Months | E11: =HAVERD!D$1 -> Overnight | F11: =HAVERD!E$1 -> 1 | G11: =HAVERD!F$1 -> 2 | H11: =HAVERD!G$1 -> 3 | I11: =HAVERD!H$1 -> 4 | J11: =HAVERD!I$1 -> 5 | K11: =HAVERD!J$1 -> 6 | L11: =HAVERD!K$1 -> 7 | ... BM11: =HAVERD!BL$1 -> 60
D12: Days | F12: 30.416667 | G12: =+F12+30.4166667 -> 60.833333 | H12: =+G12+30.4166667 -> 91.25 | I12: =+H12+30.4166667 -> 121.66667 | J12: =+I12+30.4166667 -> 152.08333 | K12: =+J12+30.4166667 -> 182.5 | L12: =+K12+30.4166667 -> 212.91667 | M12: =+L12+30.4166667 -> 243.33333 | N12: =+M12+30.4166667 -> 273.75 | ... BM12: =+BL12+30.4166667 -> 1825
E13: =D15 -> 45324 | F13: =$E13+F12 -> 45354.417 | G13: =$E13+G12 -> 45384.833 | H13: =$E13+H12 -> 45415.25 | I13: =$E13+I12 -> 45445.667 | J13: =$E13+J12 -> 45476.083 | K13: =$E13+K12 -> 45506.5 | L13: =$E13+L12 -> 45536.917 | M13: =$E13+M12 -> 45567.333 | ... BM13: =$E13+BM12 -> 47149
E14: =EOMONTH(E13,0) -> 45351 | F14: =EOMONTH(F13,0) -> 45382 | G14: =EOMONTH(G13,0) -> 45412 | H14: =EOMONTH(H13,0) -> 45443 | I14: =EOMONTH(I13,0) -> 45473 | J14: =EOMONTH(J13,0) -> 45504 | K14: =EOMONTH(K13,0) -> 45535 | L14: =EOMONTH(L13,0) -> 45565 | ... BM14: =EOMONTH(BM13,0) -> 47149
D15: 45324 | E15: =VLOOKUP($D15,HAVERD!$A:$BL,E10,FALSE) -> 5.1885 | F15: =VLOOKUP($D15,HAVERD!$A:$BL,F10,FALSE) -> 5.1810986 | G15: =VLOOKUP($D15,HAVERD!$A:$BL,G10,FALSE) -> 5.1687959 | H15: =VLOOKUP($D15,HAVERD!$A:$BL,H10,FALSE) -> 5.1308084 | I15: =VLOOKUP($D15,HAVERD!$A:$BL,I10,FALSE) -> 5.0609635 | J15: =VLOOKUP($D15,HAVERD!$A:$BL,J10,FALSE) -> 4.9644914 | K15: =VLOOKUP($D15,HAVERD!$A:$BL,K10,FALSE) -> 4.8513274 | L15: =VLOOKUP($D15,HAVERD!$A:$BL,L10,FALSE) -> 4.7330915 | ... BM15: =VLOOKUP($D15,HAVERD!$A:$BL,BM10,FALSE) -> 3.3153328
D16: Diff vs overinight | F16: =F15-$E$15 -> -0.0074014 | G16: =G15-$E$15 -> -0.0197041 | H16: =H15-$E$15 -> -0.0576916 | I16: =I15-$E$15 -> -0.1275365 | J16: =J15-$E$15 -> -0.2240086 | K16: =K15-$E$15 -> -0.3371726 | L16: =L15-$E$15 -> -0.4554085 | M16: =M15-$E$15 -> -0.5702109 | ... BM16: =BM15-$E$15 -> -1.8731672
D18: Column # | E18: 4 | F18: =+E18+1 -> 5 | G18: =+F18+1 -> 6 | H18: =+G18+1 -> 7 | I18: =+H18+1 -> 8 | J18: =+I18+1 -> 9 | K18: =+J18+1 -> 10 | L18: =+K18+1 -> 11 | M18: =+L18+1 -> 12 | ... BM18: =+BL18+1 -> 64
D19: Months | E19: =HAVERD!D$1 -> Overnight | F19: =HAVERD!E$1 -> 1 | G19: =HAVERD!F$1 -> 2 | H19: =HAVERD!G$1 -> 3 | I19: =HAVERD!H$1 -> 4 | J19: =HAVERD!I$1 -> 5 | K19: =HAVERD!J$1 -> 6 | L19: =HAVERD!K$1 -> 7 | ... BM19: =HAVERD!BL$1 -> 60
D20: Days | F20: 30.416667 | G20: =+F20+30.4166667 -> 60.833333 | H20: =+G20+30.4166667 -> 91.25 | I20: =+H20+30.4166667 -> 121.66667 | J20: =+I20+30.4166667 -> 152.08333 | K20: =+J20+30.4166667 -> 182.5 | L20: =+K20+30.4166667 -> 212.91667 | M20: =+L20+30.4166667 -> 243.33333 | N20: =+M20+30.4166667 -> 273.75 | ... BM20: =+BL20+30.4166667 -> 1825
E21: =D23 -> 45373 | F21: =$E21+F20 -> 45403.417 | G21: =$E21+G20 -> 45433.833 | H21: =$E21+H20 -> 45464.25 | I21: =$E21+I20 -> 45494.667 | J21: =$E21+J20 -> 45525.083 | K21: =$E21+K20 -> 45555.5 | L21: =$E21+L20 -> 45585.917 | M21: =$E21+M20 -> 45616.333 | ... BM21: =$E21+BM20 -> 47198
E22: =EOMONTH(E21,0) -> 45382 | F22: =EOMONTH(F21,0) -> 45412 | G22: =EOMONTH(G21,0) -> 45443 | H22: =EOMONTH(H21,0) -> 45473 | I22: =EOMONTH(I21,0) -> 45504 | J22: =EOMONTH(J21,0) -> 45535 | K22: =EOMONTH(K21,0) -> 45565 | L22: =EOMONTH(L21,0) -> 45596 | ... BM22: =EOMONTH(BM21,0) -> 47208
D23: 45373 | E23: =VLOOKUP($D23,HAVERD!$A:$BL,E18,FALSE) -> 5.1906 | F23: =VLOOKUP($D23,HAVERD!$A:$BL,F18,FALSE) -> 5.1805712 | G23: =VLOOKUP($D23,HAVERD!$A:$BL,G18,FALSE) -> 5.1182898 | H23: =VLOOKUP($D23,HAVERD!$A:$BL,H18,FALSE) -> 5.037206 | I23: =VLOOKUP($D23,HAVERD!$A:$BL,I18,FALSE) -> 4.9406043 | J23: =VLOOKUP($D23,HAVERD!$A:$BL,J18,FALSE) -> 4.8376756 | K23: =VLOOKUP($D23,HAVERD!$A:$BL,K18,FALSE) -> 4.7334883 | L23: =VLOOKUP($D23,HAVERD!$A:$BL,L18,FALSE) -> 4.6303639 | ... BM23: =VLOOKUP($D23,HAVERD!$A:$BL,BM18,FALSE) -> 3.2805562
D24: Diff vs overinight | F24: =F23-$E$23 -> -0.0100288 | G24: =G23-$E$23 -> -0.0723102 | H24: =H23-$E$23 -> -0.153394 | I24: =I23-$E$23 -> -0.2499957 | J24: =J23-$E$23 -> -0.3529244 | K24: =K23-$E$23 -> -0.4571117 | L24: =L23-$E$23 -> -0.5602361 | M24: =M23-$E$23 -> -0.6604868 | ... BM24: =BM23-$E$23 -> -1.9100438
D26: Column # | E26: 4 | F26: =+E26+1 -> 5 | G26: =+F26+1 -> 6 | H26: =+G26+1 -> 7 | I26: =+H26+1 -> 8 | J26: =+I26+1 -> 9 | K26: =+J26+1 -> 10 | L26: =+K26+1 -> 11 | M26: =+L26+1 -> 12 | ... BM26: =+BL26+1 -> 64
D27: Months | E27: =HAVERD!D$1 -> Overnight | F27: =HAVERD!E$1 -> 1 | G27: =HAVERD!F$1 -> 2 | H27: =HAVERD!G$1 -> 3 | I27: =HAVERD!H$1 -> 4 | J27: =HAVERD!I$1 -> 5 | K27: =HAVERD!J$1 -> 6 | L27: =HAVERD!K$1 -> 7 | ... BM27: =HAVERD!BL$1 -> 60
D28: Days | F28: 30.416667 | G28: =+F28+30.4166667 -> 60.833333 | H28: =+G28+30.4166667 -> 91.25 | I28: =+H28+30.4166667 -> 121.66667 | J28: =+I28+30.4166667 -> 152.08333 | K28: =+J28+30.4166667 -> 182.5 | L28: =+K28+30.4166667 -> 212.91667 | M28: =+L28+30.4166667 -> 243.33333 | N28: =+M28+30.4166667 -> 273.75 | ... BM28: =+BL28+30.4166667 -> 1825
E29: =D31 -> 45399 | F29: =$E29+F28 -> 45429.417 | G29: =$E29+G28 -> 45459.833 | H29: =$E29+H28 -> 45490.25 | I29: =$E29+I28 -> 45520.667 | J29: =$E29+J28 -> 45551.083 | K29: =$E29+K28 -> 45581.5 | L29: =$E29+L28 -> 45611.917 | M29: =$E29+M28 -> 45642.333 | ... BM29: =$E29+BM28 -> 47224
E30: =EOMONTH(E29,0) -> 45412 | F30: =EOMONTH(F29,0) -> 45443 | G30: =EOMONTH(G29,0) -> 45473 | H30: =EOMONTH(H29,0) -> 45504 | I30: =EOMONTH(I29,0) -> 45535 | J30: =EOMONTH(J29,0) -> 45565 | K30: =EOMONTH(K29,0) -> 45596 | L30: =EOMONTH(L29,0) -> 45626 | ... BM30: =EOMONTH(BM29,0) -> 47238
D31: 45399 | E31: =VLOOKUP($D31,HAVERD!$A:$BL,E26,FALSE) -> 5.1984 | F31: =VLOOKUP($D31,HAVERD!$A:$BL,F26,FALSE) -> 5.1864649 | G31: =VLOOKUP($D31,HAVERD!$A:$BL,G26,FALSE) -> 5.1406635 | H31: =VLOOKUP($D31,HAVERD!$A:$BL,H26,FALSE) -> 5.082378 | I31: =VLOOKUP($D31,HAVERD!$A:$BL,I26,FALSE) -> 5.0182776 | J31: =VLOOKUP($D31,HAVERD!$A:$BL,J26,FALSE) -> 4.953339 | K31: =VLOOKUP($D31,HAVERD!$A:$BL,K26,FALSE) -> 4.8893764 | L31: =VLOOKUP($D31,HAVERD!$A:$BL,L26,FALSE) -> 4.8279117 | ... BM31: =VLOOKUP($D31,HAVERD!$A:$BL,BM26,FALSE) -> 3.544147
D32: Diff vs today | F32: =F31-$E$31 -> -0.0119351 | G32: =G31-$E$31 -> -0.0577365 | H32: =H31-$E$31 -> -0.116022 | I32: =I31-$E$31 -> -0.1801224 | J32: =J31-$E$31 -> -0.245061 | K32: =K31-$E$31 -> -0.3090236 | L32: =L31-$E$31 -> -0.3704883 | M32: =M31-$E$31 -> -0.4276804 | ... BM32: =BM31-$E$31 -> -1.654253
E34: =E2 -> 43466 | F34: =F2 -> 43497 | G34: =G2 -> 43525 | H34: =H2 -> 43556 | I34: =I2 -> 43586 | J34: =J2 -> 43617 | K34: =K2 -> 43647 | L34: =L2 -> 43678 | ... BX34: =BX2 -> 45627
E35: =E34+30 -> 43496 | F35: =F34+30 -> 43527 | G35: =G34+30 -> 43555 | H35: =H34+30 -> 43586 | I35: =I34+30 -> 43616 | J35: =J34+30 -> 43647 | K35: =K34+30 -> 43677 | L35: =L34+30 -> 43708 | ... BX35: =BX34+30 -> 45657
D36: OE forecast | E36: =VLOOKUP(E34,Data!$A:$D,4,FALSE) -> 0.75 | F36: =VLOOKUP(F34,Data!$A:$D,4,FALSE) -> #N/A | G36: =VLOOKUP(G34,Data!$A:$D,4,FALSE) -> #N/A | H36: =VLOOKUP(H34,Data!$A:$D,4,FALSE) -> 0.75 | I36: =VLOOKUP(I34,Data!$A:$D,4,FALSE) -> #N/A | J36: =VLOOKUP(J34,Data!$A:$D,4,FALSE) -> #N/A | K36: =VLOOKUP(K34,Data!$A:$D,4,FALSE) -> 0.75 | L36: =VLOOKUP(L34,Data!$A:$D,4,FALSE) -> #N/A | ... BX36: =VLOOKUP(BX34,Data!$A:$D,4,FALSE) -> #N/A
H38: =AVERAGE(K31:M31) -> 4.8293359
B39: % chance of 25bps hike at next meeting | E39: =(F31-E31)/0.25 -> -0.0477404
B40: % chance of 50bps hike at next meeting | E40: =(F31-E31-0.25)/0.25 -> -1.0477404
B42: max % chance of another hike | E42: =((MAX(F31:Q31)-E31)/0.25) -> -0.0477404
B44: % chance of 25bps cut by mid-2024 | E44: =(L31-E31)/-0.25 -> 1.4819532
B45: % chance of 25bps cut by end-2024 | E45: =(R31-E31)/-0.25 -> 2.549412

Sheet HAVERQ
B1: 20151 !Q | C1: UKVCP@UK | D1: R112RD@INTDAILY
B2: .DESC | C2: UK: BoE Conditioning Path for Market Interest Rates (%) | D2: United Kingdom: Official Bank Rate (%)
B3: .T1 | C3: Q1-2024 | D3: Q1-1953 <- 01-Jan-1953
B4: .TN | C4: Q2-2027 | D4: Q1-2024 <- 17-Apr-2024
B5: .LSOURCE | C5: Bank of England | D5: Bank of England
B6: .DTLM | C6: Feb-01-2024 12:10 | D6: Apr-17-2024 13:57
A7: 42005 | B7: 20151 | C7: #N/A | D7: 0.5
A8: 42095 | B8: 20152 | C8: #N/A | D8: 0.5
A9: 42186 | B9: 20153 | C9: #N/A | D9: 0.5
A10: 42278 | B10: 20154 | C10: #N/A | D10: 0.5
A11: 42370 | B11: 20161 | C11: #N/A | D11: 0.5
A12: 42461 | B12: 20162 | C12: #N/A | D12: 0.5
A13: 42552 | B13: 20163 | C13: #N/A | D13: 0.34090909
A14: 42644 | B14: 20164 | C14: #N/A | D14: 0.25
A15: 42736 | B15: 20171 | C15: #N/A | D15: 0.25
A16: 42826 | B16: 20172 | C16: #N/A | D16: 0.25
A17: 42917 | B17: 20173 | C17: #N/A | D17: 0.25
A18: 43009 | B18: 20174 | C18: #N/A | D18: 0.41153846
... A42: 45200 | B42: 20234 | C42: #N/A | D42: 5.25
A43: 45292 | B43: 20241 | C43: 5.11 | D43: 5.25
A44: 45383 | B44: 20242 | C44: 5.02
A45: 45474 | B45: 20243 | C45: 4.63
A46: 45566 | B46: 20244 | C46: 4.22
A47: 45658 | B47: 20251 | C47: 3.92
A48: 45748 | B48: 20252 | C48: 3.7
A49: 45839 | B49: 20253 | C49: 3.52
A50: 45931 | B50: 20254 | C50: 3.4
A51: 46023 | B51: 20261 | C51: 3.31
A52: 46113 | B52: 20262 | C52: 3.25
A53: 46204 | B53: 20263 | C53: 3.21
A54: 46296 | B54: 20264 | C54: 3.18
A55: 46388 | B55: 20271 | C55: 3.17
A56: 46478 | B56: 20272 | C56: 3.16

Sheet HAVERD
C1: Bank Rate | D1: Overnight | E1: 1 | F1: 2 | G1: 3 | H1: 4 | I1: 5 | J1: 6 | K1: 7 | L1: 8 | M1: 9 | N1: 10 | O1: 11 | P1: 12 | Q1: 13 | R1: 14 | S1: 15 | T1: 16 | U1: 17 | V1: 18 | W1: 19 | X1: 20 | Y1: 21 | Z1: 22 | AA1: 23 | AB1: 24 | AC1: 25 | AD1: 26 | AE1: 27 | AF1: 28 | AG1: 29 | AH1: 30 | AI1: 31 | AJ1: 32 | AK1: 33 | AL1: 34 | AM1: 35 | AN1: 36 | AO1: 37 | AP1: 38 | AQ1: 39 | AR1: 40 | AS1: 41 | AT1: 42 | AU1: 43 | AV1: 44 | AW1: 45 | AX1: 46 | AY1: 47 | AZ1: 48 | BA1: 49 | BB1: 50 | BC1: 51 | BD1: 52 | BE1: 53 | BF1: 54 | BG1: 55 | BH1: 56 | BI1: 57 | BJ1: 58 | BK1: 59 | BL1: 60 | BM1: 5.5yrs | BN1: 6yrs
B2: 20190101 !D | C2: R112RD@INTDAILY | D2: R112LOS@INTDAILY | E2: R11201F@INTDAILY | F2: R11202F@INTDAILY | G2: R11203F@INTDAILY | H2: R11204F@INTDAILY | I2: R11205F@INTDAILY | J2: R11206F@INTDAILY | K2: R11207F@INTDAILY | L2: R11208F@INTDAILY | M2: R11209F@INTDAILY | N2: R11210F@INTDAILY | O2: R11211F@INTDAILY | P2: R11212F@INTDAILY | Q2: R11213F@INTDAILY | R2: R11214F@INTDAILY | S2: R11215F@INTDAILY | T2: R11216F@INTDAILY | U2: R11217F@INTDAILY | V2: R11218F@INTDAILY | W2: R11219F@INTDAILY | X2: R11220F@INTDAILY | Y2: R11221F@INTDAILY | Z2: R11222F@INTDAILY | AA2: R11223F@INTDAILY | AB2: R11224F@INTDAILY | AC2: R11225F@INTDAILY | AD2: R11226F@INTDAILY | AE2: R11227F@INTDAILY | AF2: R11228F@INTDAILY | AG2: R11229F@INTDAILY | AH2: R11230F@INTDAILY | AI2: R11231F@INTDAILY | AJ2: R11232F@INTDAILY | AK2: R11233F@INTDAILY | AL2: R11234F@INTDAILY | AM2: R11235F@INTDAILY | AN2: R11236F@INTDAILY | AO2: R11237F@INTDAILY | AP2: R11238F@INTDAILY | AQ2: R11239F@INTDAILY | AR2: R11240F@INTDAILY | AS2: R11241F@INTDAILY | AT2: R11242F@INTDAILY | AU2: R11243F@INTDAILY | AV2: R11244F@INTDAILY | AW2: R11245F@INTDAILY | AX2: R11246F@INTDAILY | AY2: R11247F@INTDAILY | AZ2: R11248F@INTDAILY | BA2: R11249F@INTDAILY | BB2: R11250F@INTDAILY | BC2: R11251F@INTDAILY | BD2: R11252F@INTDAILY | BE2: R11253F@INTDAILY | BF2: R11254F@INTDAILY | BG2: R11255F@INTDAILY | BH2: R11256F@INTDAILY | BI2: R11257F@INTDAILY | BJ2: R11258F@INTDAILY | BK2: R11259F@INTDAILY | BL2: R11260F@INTDAILY | BM2: R112I5B@INTDAILY | BN2: R112I6A@INTDAILY
B3: .DESC | C3: United Kingdom: Official Bank Rate (%) | D3: UK:Lending Rate: Sterling Overnight Interbank Average [SONIA] (% pa) | E3: UK: Overnight Index Swap: Forward Yields, 1-Month (% p.a.) | F3: UK: Overnight Index Swap: Forward Yields, 2-Month (% p.a.) | G3: UK: Overnight Index Swap: Forward Yields, 3-Month (% p.a.) | H3: UK: Overnight Index Swap: Forward Yields, 4-Month (% p.a.) | I3: UK: Overnight Index Swap: Forward Yields, 5-Month (% p.a.) | J3: UK: Overnight Index Swap: Forward Yields, 6-Month (% p.a.) | K3: UK: Overnight Index Swap: Forward Yields, 7-Month (% p.a.) | L3: UK: Overnight Index Swap: Forward Yields, 8-Month (% p.a.) | M3: UK: Overnight Index Swap: Forward Yields, 9-Month (% p.a.) | N3: UK: Overnight Index Swap: Forward Yields, 10-Month (% p.a.) | O3: UK: Overnight Index Swap: Forward Yields, 11-Month (% p.a.) | P3: UK: Overnight Index Swap: Forward Yields, 12-Month (% p.a.) | Q3: UK: Overnight Index Swap: Forward Yields, 13-Month (% p.a.) | R3: UK: Overnight Index Swap: Forward Yields, 14-Month (% p.a.) | S3: UK: Overnight Index Swap: Forward Yields, 15-Month (% p.a.) | T3: UK: Overnight Index Swap: Forward Yields, 16-Month (% p.a.) | U3: UK: Overnight Index Swap: Forward Yields, 17-Month (% p.a.) | V3: UK: Overnight Index Swap: Forward Yields, 18-Month (% p.a.) | W3: UK: Overnight Index Swap: Forward Yields, 19-Month (% p.a.) | X3: UK: Overnight Index Swap: Forward Yields, 20-Month (% p.a.) | Y3: UK: Overnight Index Swap: Forward Yields, 21-Month (% p.a.) | Z3: UK: Overnight Index Swap: Forward Yields, 22-Month (% p.a.) | AA3: UK: Overnight Index Swap: Forward Yields, 23-Month (% p.a.) | AB3: UK: Overnight Index Swap: Forward Yields, 24-Month (% p.a.) | AC3: UK: Overnight Index Swap: Forward Yields, 25-Month (% p.a.) | AD3: UK: Overnight Index Swap: Forward Yields, 26-Month (% p.a.) | AE3: UK: Overnight Index Swap: Forward Yields, 27-Month (% p.a.) | AF3: UK: Overnight Index Swap: Forward Yields, 28-Month (% p.a.) | AG3: UK: Overnight Index Swap: Forward Yields, 29-Month (% p.a.) | AH3: UK: Overnight Index Swap: Forward Yields, 30-Month (% p.a.) | AI3: UK: Overnight Index Swap: Forward Yields, 31-Month (% p.a.) | AJ3: UK: Overnight Index Swap: Forward Yields, 32-Month (% p.a.) | AK3: UK: Overnight Index Swap: Forward Yields, 33-Month (% p.a.) | AL3: UK: Overnight Index Swap: Forward Yields, 34-Month (% p.a.) | AM3: UK: Overnight Index Swap: Forward Yields, 35-Month (% p.a.) | AN3: UK: Overnight Index Swap: Forward Yields, 36-Month (% p.a.) | AO3: UK: Overnight Index Swap: Forward Yields, 37-Month (% p.a.) | AP3: UK: Overnight Index Swap: Forward Yields, 38-Month (% p.a.) | AQ3: UK: Overnight Index Swap: Forward Yields, 39-Month (% p.a.) | AR3: UK: Overnight Index Swap: Forward Yields, 40-Month (% p.a.) | AS3: UK: Overnight Index Swap: Forward Yields, 41-Month (% p.a.) | AT3: UK: Overnight Index Swap: Forward Yields, 42-Month (% p.a.) | AU3: UK: Overnight Index Swap: Forward Yields, 43-Month (% p.a.) | AV3: UK: Overnight Index Swap: Forward Yields, 44-Month (% p.a.) | AW3: UK: Overnight Index Swap: Forward Yields, 45-Month (% p.a.) | AX3: UK: Overnight Index Swap: Forward Yields, 46-Month (% p.a.) | AY3: UK: Overnight Index Swap: Forward Yields, 47-Month (% p.a.) | AZ3: UK: Overnight Index Swap: Forward Yields, 48-Month (% p.a.) | BA3: UK: Overnight Index Swap: Forward Yields, 49-Month (% p.a.) | BB3: UK: Overnight Index Swap: Forward Yields, 50-Month (% p.a.) | BC3: UK: Overnight Index Swap: Forward Yields, 51-Month (% p.a.) | BD3: UK: Overnight Index Swap: Forward Yields, 52-Month (% p.a.) | BE3: UK: Overnight Index Swap: Forward Yields, 53-Month (% p.a.) | BF3: UK: Overnight Index Swap: Forward Yields, 54-Month (% p.a.) | BG3: UK: Overnight Index Swap: Forward Yields, 55-Month (% p.a.) | BH3: UK: Overnight Index Swap: Forward Yields, 56-Month (% p.a.) | BI3: UK: Overnight Index Swap: Forward Yields, 57-Month (% p.a.) | BJ3: UK: Overnight Index Swap: Forward Yields, 58-Month (% p.a.) | BK3: UK: Overnight Index Swap: Forward Yields, 59-Month (% p.a.) | BL3: UK: Overnight Index Swap: Forward Yields, 60-Month (% p.a.) | BM3: UK: Overnight Index Swap: Forward Yields, 5.5-Year (% p.a.) | BN3: UK: Overnight Index Swap: Forward Yields, 6-Year (% p.a.)
B4: .T1 | C4: 01-Jan-1953 | D4: 02-Jan-1997 | E4: 02-Jan-2009 | F4: 02-Jan-2009 | G4: 02-Jan-2009 | H4: 02-Jan-2009 | I4: 02-Jan-2009 | J4: 02-Jan-2009 | K4: 02-Jan-2009 | L4: 02-Jan-2009 | M4: 02-Jan-2009 | N4: 02-Jan-2009 | O4: 02-Jan-2009 | P4: 02-Jan-2009 | Q4: 02-Jan-2009 | R4: 02-Jan-2009 | S4: 02-Jan-2009 | T4: 02-Jan-2009 | U4: 02-Jan-2009 | V4: 02-Jan-2009 | W4: 02-Jan-2009 | X4: 02-Jan-2009 | Y4: 02-Jan-2009 | Z4: 02-Jan-2009 | AA4: 02-Jan-2009 | AB4: 02-Jan-2009 | AC4: 02-Jan-2009 | AD4: 02-Jan-2009 | AE4: 02-Jan-2009 | AF4: 02-Jan-2009 | AG4: 02-Jan-2009 | AH4: 02-Jan-2009 | AI4: 02-Jan-2009 | AJ4: 02-Jan-2009 | AK4: 02-Jan-2009 | AL4: 02-Jan-2009 | AM4: 02-Jan-2009 | AN4: 02-Jan-2009 | AO4: 02-Jan-2009 | AP4: 02-Jan-2009 | AQ4: 02-Jan-2009 | AR4: 02-Jan-2009 | AS4: 02-Jan-2009 | AT4: 02-Jan-2009 | AU4: 02-Jan-2009 | AV4: 02-Jan-2009 | AW4: 02-Jan-2009 | AX4: 02-Jan-2009 | AY4: 02-Jan-2009 | AZ4: 02-Jan-2009 | BA4: 02-Jan-2009 | BB4: 02-Jan-2009 | BC4: 02-Jan-2009 | BD4: 02-Jan-2009 | BE4: 02-Jan-2009 | BF4: 02-Jan-2009 | BG4: 02-Jan-2009 | BH4: 02-Jan-2009 | BI4: 02-Jan-2009 | BJ4: 02-Jan-2009 | BK4: 02-Jan-2009 | BL4: 02-Jan-2009 | BM4: 01-Dec-2021 | BN4: 01-Dec-2021
B5: .TN | C5: 18-Apr-2024 | D5: 17-Apr-2024 | E5: 17-Apr-2024 | F5: 17-Apr-2024 | G5: 17-Apr-2024 | H5: 17-Apr-2024 | I5: 17-Apr-2024 | J5: 17-Apr-2024 | K5: 17-Apr-2024 | L5: 17-Apr-2024 | M5: 17-Apr-2024 | N5: 17-Apr-2024 | O5: 17-Apr-2024 | P5: 17-Apr-2024 | Q5: 17-Apr-2024 | R5: 17-Apr-2024 | S5: 17-Apr-2024 | T5: 17-Apr-2024 | U5: 17-Apr-2024 | V5: 17-Apr-2024 | W5: 17-Apr-2024 | X5: 17-Apr-2024 | Y5: 17-Apr-2024 | Z5: 17-Apr-2024 | AA5: 17-Apr-2024 | AB5: 17-Apr-2024 | AC5: 17-Apr-2024 | AD5: 17-Apr-2024 | AE5: 17-Apr-2024 | AF5: 17-Apr-2024 | AG5: 17-Apr-2024 | AH5: 17-Apr-2024 | AI5: 17-Apr-2024 | AJ5: 17-Apr-2024 | AK5: 17-Apr-2024 | AL5: 17-Apr-2024 | AM5: 17-Apr-2024 | AN5: 17-Apr-2024 | AO5: 17-Apr-2024 | AP5: 17-Apr-2024 | AQ5: 17-Apr-2024 | AR5: 17-Apr-2024 | AS5: 17-Apr-2024 | AT5: 17-Apr-2024 | AU5: 17-Apr-2024 | AV5: 17-Apr-2024 | AW5: 17-Apr-2024 | AX5: 17-Apr-2024 | AY5: 17-Apr-2024 | AZ5: 17-Apr-2024 | BA5: 17-Apr-2024 | BB5: 17-Apr-2024 | BC5: 17-Apr-2024 | BD5: 17-Apr-2024 | BE5: 17-Apr-2024 | BF5: 17-Apr-2024 | BG5: 17-Apr-2024 | BH5: 17-Apr-2024 | BI5: 17-Apr-2024 | BJ5: 17-Apr-2024 | BK5: 17-Apr-2024 | BL5: 17-Apr-2024 | BM5: 17-Apr-2024 | BN5: 17-Apr-2024
B6: .LSOURCE | C6: Bank of England | D6: Bank of England | E6: Bank of England | F6: Bank of England | G6: Bank of England | H6: Bank of England | I6: Bank of England | J6: Bank of England | K6: Bank of England | L6: Bank of England | M6: Bank of England | N6: Bank of England | O6: Bank of England | P6: Bank of England | Q6: Bank of England | R6: Bank of England | S6: Bank of England | T6: Bank of England | U6: Bank of England | V6: Bank of England | W6: Bank of England | X6: Bank of England | Y6: Bank of England | Z6: Bank of England | AA6: Bank of England | AB6: Bank of England | AC6: Bank of England | AD6: Bank of England | AE6: Bank of England | AF6: Bank of England | AG6: Bank of England | AH6: Bank of England | AI6: Bank of England | AJ6: Bank of England | AK6: Bank of England | AL6: Bank of England | AM6: Bank of England | AN6: Bank of England | AO6: Bank of England | AP6: Bank of England | AQ6: Bank of England | AR6: Bank of England | AS6: Bank of England | AT6: Bank of England | AU6: Bank of England | AV6: Bank of England | AW6: Bank of England | AX6: Bank of England | AY6: Bank of England | AZ6: Bank of England | BA6: Bank of England | BB6: Bank of England | BC6: Bank of England | BD6: Bank of England | BE6: Bank of England | BF6: Bank of England | BG6: Bank of England | BH6: Bank of England | BI6: Bank of England | BJ6: Bank of England | BK6: Bank of England | BL6: Bank of England | BM6: Bank of England | BN6: Bank of England
B7: .DTLM | C7: Apr-18-2024 13:57 | D7: Apr-19-2024 09:39 | E7: Apr-18-2024 11:47 | F7: Apr-18-2024 11:47 | G7: Apr-18-2024 11:47 | H7: Apr-18-2024 11:47 | I7: Apr-18-2024 11:47 | J7: Apr-18-2024 11:47 | K7: Apr-18-2024 11:47 | L7: Apr-18-2024 11:47 | M7: Apr-18-2024 11:47 | N7: Apr-18-2024 11:47 | O7: Apr-18-2024 11:47 | P7: Apr-18-2024 11:47 | Q7: Apr-18-2024 11:47 | R7: Apr-18-2024 11:47 | S7: Apr-18-2024 11:47 | T7: Apr-18-2024 11:47 | U7: Apr-18-2024 11:47 | V7: Apr-18-2024 11:47 | W7: Apr-18-2024 11:47 | X7: Apr-18-2024 11:47 | Y7: Apr-18-2024 11:47 | Z7: Apr-18-2024 11:47 | AA7: Apr-18-2024 11:47 | AB7: Apr-18-2024 11:47 | AC7: Apr-18-2024 11:47 | AD7: Apr-18-2024 11:47 | AE7: Apr-18-2024 11:47 | AF7: Apr-18-2024 11:47 | AG7: Apr-18-2024 11:47 | AH7: Apr-18-2024 11:47 | AI7: Apr-18-2024 11:47 | AJ7: Apr-18-2024 11:47 | AK7: Apr-18-2024 11:47 | AL7: Apr-18-2024 11:47 | AM7: Apr-18-2024 11:47 | AN7: Apr-18-2024 11:47 | AO7: Apr-18-2024 11:47 | AP7: Apr-18-2024 11:47 | AQ7: Apr-18-2024 11:47 | AR7: Apr-18-2024 11:47 | AS7: Apr-18-2024 11:47 | AT7: Apr-18-2024 11:47 | AU7: Apr-18-2024 11:47 | AV7: Apr-18-2024 11:47 | AW7: Apr-18-2024 11:47 | AX7: Apr-18-2024 11:47 | AY7: Apr-18-2024 11:47 | AZ7: Apr-18-2024 11:47 | BA7: Apr-18-2024 11:47 | BB7: Apr-18-2024 11:47 | BC7: Apr-18-2024 11:47 | BD7: Apr-18-2024 11:47 | BE7: Apr-18-2024 11:47 | BF7: Apr-18-2024 11:47 | BG7: Apr-18-2024 11:47 | BH7: Apr-18-2024 11:47 | BI7: Apr-18-2024 11:47 | BJ7: Apr-18-2024 11:47 | BK7: Apr-18-2024 11:47 | BL7: Apr-18-2024 11:47 | BM7: Apr-18-2024 11:47 | BN7: Apr-18-2024 11:47
A8: 43466 | B8: 20190101 | C8: 0.75 | D8: #N/A | E8: #N/A | F8: #N/A | G8: #N/A | H8: #N/A | I8: #N/A | J8: #N/A | K8: #N/A | L8: #N/A | M8: #N/A | N8: #N/A | O8: #N/A | P8: #N/A | Q8: #N/A | R8: #N/A | S8: #N/A | T8: #N/A | U8: #N/A | V8: #N/A | W8: #N/A | X8: #N/A | Y8: #N/A | Z8: #N/A | AA8: #N/A | AB8: #N/A | AC8: #N/A | AD8: #N/A | AE8: #N/A | AF8: #N/A | AG8: #N/A | AH8: #N/A | AI8: #N/A | AJ8: #N/A | AK8: #N/A | AL8: #N/A | AM8: #N/A | AN8: #N/A | AO8: #N/A | AP8: #N/A | AQ8: #N/A | AR8: #N/A | AS8: #N/A | AT8: #N/A | AU8: #N/A | AV8: #N/A | AW8: #N/A | AX8: #N/A | AY8: #N/A | AZ8: #N/A | BA8: #N/A | BB8: #N/A | BC8: #N/A | BD8: #N/A | BE8: #N/A | BF8: #N/A | BG8: #N/A | BH8: #N/A | BI8: #N/A | BJ8: #N/A | BK8: #N/A | BL8: #N/A | BM8: #N/A | BN8: #N/A
A9: 43467 | B9: 20190102 | C9: 0.75 | D9: 0.7044 | E9: 0.7032037 | F9: 0.7089814 | G9: 0.7192978 | H9: 0.7353211 | I9: 0.7536458 | J9: 0.77078 | K9: 0.7854065 | L9: 0.7981328 | M9: 0.8098529 | N9: 0.8209815 | O9: 0.8316713 | P9: 0.8418998 | Q9: 0.851558 | R9: 0.8606768 | S9: 0.8693273 | T9: 0.8775809 | U9: 0.8855087 | V9: 0.893182 | W9: 0.9006669 | X9: 0.9080101 | Y9: 0.9152537 | Z9: 0.9224399 | AA9: 0.9296107 | AB9: 0.9368084 | AC9: 0.9440669 | AD9: 0.9513769 | AE9: 0.9587144 | AF9: 0.9660556 | AG9: 0.9733765 | AH9: 0.9806532 | AI9: 0.9878617 | AJ9: 0.9949782 | AK9: 1.0019787 | AL9: 1.0088393 | AM9: 1.0155361 | AN9: 1.022045 | AO9: 1.0283462 | AP9: 1.0344397 | AQ9: 1.0403331 | AR9: 1.0460334 | AS9: 1.0515479 | AT9: 1.0568839 | AU9: 1.0620486 | AV9: 1.0670493 | AW9: 1.0718931 | AX9: 1.0765875 | AY9: 1.0811395 | AZ9: 1.0855565 | BA9: 1.0898463 | BB9: 1.0940202 | BC9: 1.0980905 | BD9: 1.1020692 | BE9: 1.1059688 | BF9: 1.1098013 | BG9: 1.113579 | BH9: 1.1173141 | BI9: 1.1210189 | BJ9: 1.1247056 | BK9: 1.1283864 | BL9: 1.1320734 | BM9: #N/A | BN9: #N/A
A10: 43468 | B10: 20190103 | C10: 0.75 | D10: 0.7048 | E10: 0.7029977 | F10: 0.7134649 | G10: 0.7220919 | H10: 0.7312484 | I10: 0.7411584 | J10: 0.7502592 | K10: 0.7584658 | L10: 0.7669758 | M10: 0.7771158 | N10: 0.7894951 | O10: 0.8038593 | P10: 0.8194246 | Q10: 0.8349995 | R10: 0.8500425 | S10: 0.8642063 | T10: 0.8771435 | U10: 0.8885068 | V10: 0.8979489 | W10: 0.9052608 | X10: 0.91076 | Y10: 0.9148892 | Z10: 0.9180913 | AA10: 0.9208089 | AB10: 0.9234851 | AC10: 0.9264988 | AD10: 0.9299195 | AE10: 0.9337221 | AF10: 0.9378816 | AG10: 0.9423731 | AH10: 0.9471714 | AI10: 0.9522516 | AJ10: 0.9575887 | AK10: 0.9631576 | AL10: 0.9689334 | AM10: 0.974891 | AN10: 0.9810054 | AO10: 0.9872514 | AP10: 0.9936023 | AQ10: 1.0000313 | AR10: 1.0065114 | AS10: 1.0130157 | AT10: 1.0195173 | AU10: 1.0259892 | AV10: 1.0324045 | AW10: 1.0387362 | AX10: 1.0449575 | AY10: 1.0510414 | AZ10: 1.0569609 | BA10: 1.0626951 | BB10: 1.0682489 | BC10: 1.0736345 | BD10: 1.0788641 | BE10: 1.0839498 | BF10: 1.0889038 | BG10: 1.0937383 | BH10: 1.0984655 | BI10: 1.1030975 | BJ10: 1.1076466 | BK10: 1.1121248 | BL10: 1.1165444 | BM10: #N/A | BN10: #N/A
A11: 43469 | B11: 20190104 | C11: 0.75 | D11: 0.7046 | E11: 0.6992401 | F11: 0.7090764 | G11: 0.7218147 | H11: 0.7380887 | I11: 0.7560536 | J11: 0.7731404 | K11: 0.7887358 | L11: 0.802927 | M11: 0.8163037 | N11: 0.8295201 | O11: 0.8424828 | P11: 0.8548654 | Q11: 0.866152 | R11: 0.8763547 | S11: 0.8856695 | T11: 0.8942924 | U11: 0.9024193 | V11: 0.9102462 | W11: 0.9179469 | X11: 0.9255922 | Y11: 0.933223 | Z11: 0.94088 | AA11: 0.9486044 | AB11: 0.9564369 | AC11: 0.9644078 | AD11: 0.9725004 | AE11: 0.9806852 | AF11: 0.9889326 | AG11: 0.9972128 | AH11: 1.0054964 | AI11: 1.0137537 | AJ11: 1.021955 | AK11: 1.0300709 | AL11: 1.0380716 | AM11: 1.0459276 | AN11: 1.0536093 | AO11: 1.0610922 | AP11: 1.0683756 | AQ11: 1.0754647 | AR11: 1.0823652 | AS11: 1.0890824 | AT11: 1.0956218 | AU11: 1.1019889 | AV11: 1.1081892 | AW11: 1.1142281 | AX11: 1.1201111 | AY11: 1.1258436 | AZ11: 1.1314312 | BA11: 1.1368797 | BB11: 1.1421971 | BC11: 1.1473919 | BD11: 1.1524728 | BE11: 1.1574481 | BF11: 1.1623265 | BG11: 1.1671165 | BH11: 1.1718265 | BI11: 1.1764652 | BJ11: 1.1810411 | BK11: 1.1855626 | BL11: 1.1900384 | BM11: #N/A | BN11: #N/A
A12: 43472 | B12: 20190107 | C12: 0.75 | D12: 0.7052 | E12: 0.7021822 | F12: 0.7085778 | G12: 0.7176464 | H12: 0.7311107 | I12: 0.7476524 | J12: 0.7655477 | K12: 0.7833081 | L12: 0.7997056 | M12: 0.8142545 | N12: 0.8272766 | O12: 0.8391977 | P12: 0.8503747 | Q12: 0.8610767 | R12: 0.8713862 | S12: 0.8813415 | T12: 0.8909811 | U12: 0.9003433 | V12: 0.9094664 | W12: 0.918385 | X12: 0.9271185 | Y12: 0.9356833 | Z12: 0.9440951 | AA12: 0.9523703 | AB12: 0.9605248 | AC12: 0.9685715 | AD12: 0.9765085 | AE12: 0.98433 | AF12: 0.9920302 | AG12: 0.9996034 | AH12: 1.0070436 | AI12: 1.0143452 | AJ12: 1.0215022 | AK12: 1.028509 | AL12: 1.0353596 | AM12: 1.0420483 | AN12: 1.0485693 | AO12: 1.054919 | AP12: 1.061104 | AQ12: 1.0671334 | AR12: 1.0730167 | AS12: 1.078763 | AT12: 1.0843817 | AU12: 1.0898819 | AV12: 1.0952731 | AW12: 1.1005644 | AX12: 1.1057651 | AY12: 1.1108846 | AZ12: 1.115932 | BA12: 1.1209161 | BB12: 1.1258429 | BC12: 1.1307171 | BD12: 1.1355437 | BE12: 1.1403275 | BF12: 1.1450735 | BG12: 1.1497865 | BH12: 1.1544715 | BI12: 1.1591333 | BJ12: 1.1637768 | BK12: 1.168407 | BL12: 1.1730286 | BM12: #N/A | BN12: #N/A
A13: =+A8+7 -> 43473 | B13: 20190108 | C13: 0.75 | D13: 0.7052 | E13: 0.7060108 | F13: 0.719186 | G13: 0.7330512 | H13: 0.7475804 | I13: 0.7622457 | J13: 0.7759024 | K13: 0.7885108 | L13: 0.80098 | M13: 0.814182 | N13: 0.8284588 | O13: 0.8436717 | P13: 0.8593748 | Q13: 0.874734 | R13: 0.8895048 | S13: 0.9036257 | T13: 0.9170353 | U13: 0.9296721 | V13: 0.9414748 | W13: 0.9524091 | X13: 0.9625446 | Y13: 0.9719753 | Z13: 0.9807954 | AA13: 0.9890992 | AB13: 0.9969807 | AC13: 1.004523 | AD13: 1.0117592 | AE13: 1.0187092 | AF13: 1.0253925 | AG13: 1.0318288 | AH13: 1.0380378 | AI13: 1.0440391 | AJ13: 1.0498523 | AK13: 1.0554972 | AL13: 1.0609933 | AM13: 1.0663604 | AN13: 1.071618 | AO13: 1.0767842 | AP13: 1.0818681 | AQ13: 1.0868759 | AR13: 1.0918136 | AS13: 1.0966875 | AT13: 1.1015036 | AU13: 1.1062682 | AV13: 1.1109873 | AW13: 1.115667 | AX13: 1.1203136 | AY13: 1.1249332 | AZ13: 1.1295319 | BA13: 1.1341153 | BB13: 1.1386869 | BC13: 1.1432491 | BD13: 1.1478046 | BE13: 1.152356 | BF13: 1.1569058 | BG13: 1.1614568 | BH13: 1.1660114 | BI13: 1.1705723 | BJ13: 1.1751422 | BK13: 1.1797235 | BL13: 1.1843189 | BM13: #N/A | BN13: #N/A
A14: =+A9+7 -> 43474 | B14: 20190109 | C14: 0.75 | D14: 0.7063 | E14: 0.7100109 | F14: 0.717848 | G14: 0.7308931 | H14: 0.748249 | I14: 0.7675985 | J14: 0.7857248 | K14: 0.8011893 | L14: 0.8148817 | M14: 0.8281324 | N14: 0.8417694 | O14: 0.8559673 | P14: 0.8704975 | Q14: 0.8846981 | R14: 0.8983226 | S14: 0.911259 | T14: 0.9233953 | U14: 0.9346197 | V14: 0.9448202 | W14: 0.9539359 | X14: 0.9621003 | Y14: 0.9694933 | Z14: 0.9762944 | AA14: 0.9826834 | AB14: 0.9888401 | AC14: 0.9949216 | AD14: 1.0009637 | AE14: 1.0069612 | AF14: 1.012909 | AG14: 1.0188021 | AH14: 1.0246353 | AI14: 1.0304035 | AJ14: 1.0361017 | AK14: 1.0417247 | AL14: 1.0472674 | AM14: 1.0527248 | AN14: 1.0580916 | AO14: 1.063364 | AP14: 1.0685431 | AQ14: 1.0736317 | AR14: 1.0786324 | AS14: 1.0835482 | AT14: 1.0883818 | AU14: 1.0931359 | AV14: 1.0978133 | AW14: 1.1024169 | AX14: 1.1069493 | AY14: 1.1114133 | AZ14: 1.1158118 | BA14: 1.120148 | BB14: 1.124428 | BC14: 1.1286582 | BD14: 1.1328455 | BE14: 1.1369963 | BF14: 1.1411173 | BG14: 1.1452152 | BH14: 1.1492965 | BI14: 1.153368 | BJ14: 1.1574362 | BK14: 1.1615078 | BL14: 1.1655893 | BM14: #N/A | BN14: #N/A
A15: =+A10+7 -> 43475 | B15: 20190110 | C15: 0.75 | D15: 0.7067 | E15: 0.7092429 | F15: 0.7151994 | G15: 0.7307526 | H15: 0.7538403 | I15: 0.778424 | J15: 0.8003983 | K15: 0.8189446 | L15: 0.8350739 | M15: 0.8500106 | N15: 0.8645 | O15: 0.8788374 | P15: 0.8930332 | Q15: 0.9068055 | R15: 0.9200691 | S15: 0.9328077 | T15: 0.9450046 | U15: 0.9566435 | V15: 0.9677078 | W15: 0.9781886 | X15: 0.988106 | Y15: 0.997487 | Z15: 1.0063584 | AA15: 1.0147473 | AB15: 1.0226804 | AC15: 1.0301848 | AD15: 1.0372869 | AE15: 1.0440131 | AF15: 1.0503898 | AG15: 1.0564435 | AH15: 1.0622006 | AI15: 1.0676874 | AJ15: 1.0729305 | AK15: 1.0779561 | AL15: 1.0827907 | AM15: 1.0874608 | AN15: 1.0919927 | AO15: 1.0964103 | AP15: 1.1007264 | AQ15: 1.1049508 | AR15: 1.1090931 | AS15: 1.113163 | AT15: 1.1171703 | AU15: 1.1211246 | AV15: 1.1250358 | AW15: 1.1289134 | AX15: 1.1327672 | AY15: 1.1366069 | AZ15: 1.1404423 | BA15: 1.1442818 | BB15: 1.1481289 | BC15: 1.1519853 | BD15: 1.1558531 | BE15: 1.1597342 | BF15: 1.1636304 | BG15: 1.1675437 | BH15: 1.1714761 | BI15: 1.1754294 | BJ15: 1.1794055 | BK15: 1.1834064 | BL15: 1.1874339 | BM15: #N/A | BN15: #N/A
A16: =+A11+7 -> 43476 | B16: 20190111 | C16: 0.75 | D16: 0.7072 | E16: 0.7050896 | F16: 0.7204684 | G16: 0.7386326 | H16: 0.7611365 | I16: 0.7850236 | J16: 0.8075052 | K16: 0.8278594 | L16: 0.8467033 | M16: 0.8647028 | N16: 0.8821459 | O16: 0.8990363 | P16: 0.9152555 | Q16: 0.9304334 | R16: 0.9445401 | S16: 0.9576738 | T16: 0.9699328 | U16: 0.9814153 | V16: 0.9922195 | W16: 1.0024351 | X16: 1.0121119 | Y16: 1.0212884 | Z16: 1.0300029 | AA16: 1.0382938 | AB16: 1.0461993 | AC16: 1.0537546 | AD16: 1.0609804 | AE16: 1.0678932 | AF16: 1.0745099 | AG16: 1.080847 | AH16: 1.0869212 | AI16: 1.0927492 | AJ16: 1.0983477 | AK16: 1.1037333 | AL16: 1.1089228 | AM16: 1.1139327 | AN16: 1.1187798 | AO16: 1.1234797 | AP16: 1.1280432 | AQ16: 1.1324799 | AR16: 1.1367994 | AS16: 1.1410112 | AT16: 1.1451249 | AU16: 1.1491501 | AV16: 1.1530963 | AW16: 1.1569731 | AX16: 1.16079 | AY16: 1.1645567 | AZ16: 1.1682827 | BA16: 1.1719765 | BB16: 1.1756418 | BC16: 1.1792811 | BD16: 1.1828967 | BE16: 1.1864912 | BF16: 1.1900669 | BG16: 1.1936263 | BH16: 1.1971717 | BI16: 1.2007057 | BJ16: 1.2042307 | BK16: 1.207749 | BL16: 1.2112632 | BM16: #N/A | BN16: #N/A
A17: =+A12+7 -> 43479 | B17: 20190114 | C17: 0.75 | D17: 0.7067 | E17: 0.7059616 | F17: 0.7186233 | G17: 0.7383395 | H17: 0.7634172 | I17: 0.7888004 | J17: 0.8111594 | K17: 0.8301639 | L17: 0.8472272 | M17: 0.8637093 | N17: 0.8803353 | O17: 0.8972885 | P17: 0.9144142 | Q17: 0.9313197 | R17: 0.9477735 | S17: 0.9636021 | T17: 0.9786321 | U17: 0.9926898 | V17: 1.0056019 | W17: 1.017253 | X17: 1.0277503 | Y17: 1.0372536 | Z17: 1.0459227 | AA17: 1.0539176 | AB17: 1.061398 | AC17: 1.0685029 | AD17: 1.0752793 | AE17: 1.0817485 | AF17: 1.087932 | AG17: 1.0938511 | AH17: 1.0995274 | AI17: 1.1049822 | AJ17: 1.110237 | AK17: 1.1153132 | AL17: 1.1202322 | AM17: 1.1250155 | AN17: 1.1296845 | AO17: 1.1342578 | AP17: 1.138742 | AQ17: 1.1431403 | AR17: 1.1474559 | AS17: 1.1516921 | AT17: 1.1558519 | AU17: 1.1599387 | AV17: 1.1639555 | AW17: 1.1679057 | AX17: 1.1717925 | AY17: 1.1756189 | AZ17: 1.1793882 | BA17: 1.1831043 | BB17: 1.1867745 | BC17: 1.1904073 | BD17: 1.194011 | BE17: 1.1975942 | BF17: 1.2011654 | BG17: 1.204733 | BH17: 1.2083055 | BI17: 1.2118914 | BJ17: 1.2154991 | BK17: 1.2191371 | BL17: 1.2228139 | BM17: #N/A | BN17: #N/A
A18: =+A13+7 -> 43480 | B18: 20190115 | C18: 0.75 | D18: 0.7057 | E18: 0.7075983 | F18: 0.7146432 | G18: 0.7305802 | H18: 0.7531417 | I18: 0.7781431 | J18: 0.8030225 | K18: 0.8264905 | L18: 0.847754 | M18: 0.8666674 | N18: 0.8835448 | O18: 0.8985829 | P18: 0.9119787 | Q18: 0.9240134 | R18: 0.9348995 | S18: 0.9448256 | T18: 0.9539805 | U18: 0.9625528 | V18: 0.9707312 | W18: 0.9786752 | X18: 0.9864341 | Y18: 0.9940306 | Z18: 1.0014875 | AA18: 1.0088276 | AB18: 1.0160735 | AC18: 1.0232431 | AD18: 1.0303309 | AE18: 1.0373255 | AF18: 1.0442153 | AG18: 1.0509888 | AH18: 1.0576345 | AI18: 1.0641407 | AJ18: 1.0704959 | AK18: 1.0766887 | AL18: 1.0827074 | AM18: 1.0885404 | AN18: 1.0941764 | AO18: 1.0996063 | AP18: 1.1048361 | AQ18: 1.1098762 | AR18: 1.1147375 | AS18: 1.1194305 | AT18: 1.1239659 | AU18: 1.1283544 | AV18: 1.1326066 | AW18: 1.1367332 | AX18: 1.1407448 | AY18: 1.1446521 | AZ18: 1.1484658 | BA18: 1.1521964 | BB18: 1.1558541 | BC18: 1.1594488 | BD18: 1.1629904 | BE18: 1.166489 | BF18: 1.1699545 | BG18: 1.173397 | BH18: 1.1768263 | BI18: 1.1802524 | BJ18: 1.1836854 | BK18: 1.1871352 | BL18: 1.1906118 | BM18: #N/A | BN18: #N/A
A19: =+A14+7 -> 43481 | B19: 20190116 | C19: 0.75 | D19: 0.7059 | E19: 0.7067978 | F19: 0.7136277 | G19: 0.7263814 | H19: 0.7462401 | I19: 0.7702967 | J19: 0.7954767 | K19: 0.8195382 | L19: 0.8415226 | M19: 0.8617163 | N19: 0.8808299 | O19: 0.8993795 | P19: 0.9175494 | Q19: 0.9352594 | R19: 0.9523534 | S19: 0.9686673 | T19: 0.9840371 | U19: 0.9982986 | V19: 1.0112877 | W19: 1.0229015 | X19: 1.0332696 | Y19: 1.0425773 | Z19: 1.0510095 | AA19: 1.0587513 | AB19: 1.0659879 | AC19: 1.072884 | AD19: 1.0794949 | AE19: 1.0858392 | AF19: 1.0919354 | AG19: 1.097802 | AH19: 1.1034576 | AI19: 1.1089208 | AJ19: 1.1142101 | AK19: 1.1193441 | AL19: 1.1243412 | AM19: 1.1292201 | AN19: 1.1339993 | AO19: 1.1386951 | AP19: 1.1433133 | AQ19: 1.1478565 | AR19: 1.1523272 | AS19: 1.1567278 | AT19: 1.161061 | AU19: 1.1653292 | AV19: 1.169535 | AW19: 1.173681 | AX19: 1.1777695 | AY19: 1.1818032 | AZ19: 1.1857846 | BA19: 1.1897169 | BB19: 1.1936063 | BC19: 1.1974599 | BD19: 1.2012849 | BE19: 1.2050882 | BF19: 1.2088769 | BG19: 1.2126582 | BH19: 1.2164391 | BI19: 1.2202267 | BJ19: 1.2240281 | BK19: 1.2278503 | BL19: 1.2317004 | BM19: #N/A | BN19: #N/A
A20: =+A15+7 -> 43482 | B20: 20190117 | C20: 0.75 | D20: 0.7055 | E20: 0.7048826 | F20: 0.7118953 | G20: 0.723907 | H20: 0.7410693 | I20: 0.7612425 | J20: 0.7822967 | K20: 0.8028857 | L20: 0.8227187 | M20: 0.8422505 | N20: 0.8619302 | O20: 0.8818122 | P20: 0.9016248 | Q20: 0.9207097 | R20: 0.9388784 | S20: 0.9560891 | T20: 0.9723003 | U20: 0.9874703 | V20: 1.0015575 | W20: 1.0145499 | X20: 1.0265488 | Y20: 1.0376821 | Z20: 1.048078 | AA20: 1.0578646 | AB20: 1.0671698 | AC20: 1.0761067 | AD20: 1.0847135 | AE20: 1.093006 | AF20: 1.1010001 | AG20: 1.1087115 | AH20: 1.1161559 | AI20: 1.1233492 | AJ20: 1.1303072 | AK20: 1.1370455 | AL20: 1.14358 | AM20: 1.1499265 | AN20: 1.1561007 | AO20: 1.1621171 | AP20: 1.1679844 | AQ20: 1.1737097 | AR20: 1.1793 | AS20: 1.1847624 | AT20: 1.1901041 | AU20: 1.1953321 | AV20: 1.2004535 | AW20: 1.2054755 | AX20: 1.210405 | AY20: 1.2152491 | AZ20: 1.220015 | BA20: 1.2247094 | BB20: 1.2293374 | BC20: 1.2339035 | BD20: 1.2384124 | BE20: 1.2428686 | BF20: 1.2472769 | BG20: 1.2516419 | BH20: 1.255968 | BI20: 1.2602601 | BJ20: 1.2645226 | BK20: 1.2687602 | BL20: 1.2729775 | BM20: #N/A | BN20: #N/A
A21: =+A16+7 -> 43483 | B21: 20190118 | C21: 0.75 | D21: 0.7059 | E21: 0.7088309 | F21: 0.7150154 | G21: 0.7268355 | H21: 0.7417879 | I21: 0.758287 | J21: 0.775822 | K21: 0.793983 | L21: 0.8124646 | M21: 0.8314704 | N21: 0.8511374 | O21: 0.8712017 | P21: 0.891161 | Q21: 0.9101356 | R21: 0.9279416 | S21: 0.9446456 | T21: 0.9603144 | U21: 0.9750148 | V21: 0.9888135 | W21: 1.0017839 | X21: 1.0140302 | Y21: 1.0256654 | Z21: 1.0368028 | AA21: 1.0475553 | AB21: 1.0580361 | AC21: 1.0683399 | AD21: 1.07848 | AE21: 1.0884474 | AF21: 1.098233 | AG21: 1.1078279 | AH21: 1.1172228 | AI21: 1.1264089 | AJ21: 1.135377 | AK21: 1.1441181 | AL21: 1.1526232 | AM21: 1.1608832 | AN21: 1.168889 | AO21: 1.1766342 | AP21: 1.1841235 | AQ21: 1.1913648 | AR21: 1.198366 | AS21: 1.205135 | AT21: 1.2116796 | AU21: 1.2180078 | AV21: 1.2241273 | AW21: 1.2300461 | AX21: 1.2357722 | AY21: 1.2413132 | AZ21: 1.2466772 | BA21: 1.2518725 | BB21: 1.2569096 | BC21: 1.2617996 | BD21: 1.2665537 | BE21: 1.2711829 | BF21: 1.2756985 | BG21: 1.2801114 | BH21: 1.2844329 | BI21: 1.288674 | BJ21: 1.2928458 | BK21: 1.2969595 | BL21: 1.3010262 | BM21: #N/A | BN21: #N/A
A22: =+A17+7 -> 43486 | B22: 20190121 | C22: 0.75 | D22: 0.7055 | E22: 0.7091005 | F22: 0.7129171 | G22: 0.7206919 | H22: 0.7336517 | I22: 0.7489616 | J22: 0.7650503 | K22: 0.7813164 | L22: 0.797782 | M22: 0.8149167 | N22: 0.8329193 | O22: 0.8516037 | P22: 0.8705974 | Q22: 0.889372 | R22: 0.9076804 | S22: 0.9253619 | T22: 0.9422559 | U22: 0.9582017 | V22: 0.9730388 | W22: 0.9866623 | X22: 0.9991812 | Y22: 1.0107551 | Z22: 1.0215435 | AA22: 1.031706 | AB22: 1.0414023 | AC22: 1.05077 | AD22: 1.0598503 | AE22: 1.0686576 | AF22: 1.0772065 | AG22: 1.0855113 | AH22: 1.0935866 | AI22: 1.1014468 | AJ22: 1.1091064 | AK22: 1.1165798 | AL22: 1.1238816 | AM22: 1.1310263 | AN22: 1.1380282 | AO22: 1.1448998 | AP22: 1.1516446 | AQ22: 1.1582636 | AR22: 1.1647576 | AS22: 1.1711276 | AT22: 1.1773747 | AU22: 1.1834997 | AV22: 1.1895036 | AW22: 1.1953875 | AX22: 1.2011522 | AY22: 1.2067986 | AZ22: 1.2123279 | BA22: 1.2177418 | BB22: 1.223047 | BC22: 1.2282518 | BD22: 1.2333645 | BE22: 1.2383934 | BF22: 1.2433469 | BG22: 1.2482332 | BH22: 1.2530607 | BI22: 1.2578376 | BJ22: 1.2625722 | BK22: 1.2672729 | BL22: 1.2719479 | BM22: #N/A | BN22: #N/A
A23: =+A18+7 -> 43487 | B23: 20190122 | C23: 0.75 | D23: 0.7047 | E23: 0.7064989 | F23: 0.7122639 | G23: 0.7240498 | H23: 0.7403481 | I23: 0.7586008 | J23: 0.7778023 | K23: 0.7974208 | L23: 0.8171444 | M23: 0.8368485 | N23: 0.8563281 | O23: 0.8753219 | P23: 0.8935889 | Q23: 0.9108245 | R23: 0.9270225 | S23: 0.9422622 | T23: 0.9566228 | U23: 0.9701835 | V23: 0.9830236 | W23: 0.9952199 | X23: 1.0068392 | Y23: 1.0179465 | Z23: 1.0286063 | AA23: 1.0388835 | AB23: 1.0488427 | AC23: 1.0585387 | AD23: 1.0679819 | AE23: 1.0771705 | AF23: 1.086103 | AG23: 1.0947774 | AH23: 1.1031921 | AI23: 1.1113454 | AJ23: 1.1192354 | AK23: 1.1268606 | AL23: 1.134219 | AM23: 1.141309 | AN23: 1.1481289 | AO23: 1.1546789 | AP23: 1.1609698 | AQ23: 1.1670163 | AR23: 1.1728327 | AS23: 1.1784336 | AT23: 1.1838334 | AU23: 1.1890467 | AV23: 1.1940879 | AW23: 1.1989715 | AX23: 1.203712 | AY23: 1.2083239 | AZ23: 1.2128217 | BA23: 1.217219 | BB23: 1.2215249 | BC23: 1.2257474 | BD23: 1.2298945 | BE23: 1.2339739 | BF23: 1.2379936 | BG23: 1.2419614 | BH23: 1.2458853 | BI23: 1.2497732 | BJ23: 1.2536329 | BK23: 1.2574724 | BL23: 1.2612995 | BM23: #N/A | BN23: #N/A
A24: =+A19+7 -> 43488 | B24: 20190123 | C24: 0.75 | D24: 0.7053 | E24: 0.7077084 | F24: 0.7181591 | G24: 0.7332729 | H24: 0.7505141 | I24: 0.7683926 | J24: 0.7866867 | K24: 0.8051813 | L24: 0.8236848 | M24: 0.8423381 | N24: 0.861186 | O24: 0.8800833 | P24: 0.898829 | Q24: 0.9170155 | R24: 0.9344989 | S24: 0.9512197 | T24: 0.9671183 | U24: 0.9821353 | V24: 0.9962113 | W24: 1.0093147 | X24: 1.0215203 | Y24: 1.0329282 | Z24: 1.0436387 | AA24: 1.053752 | AB24: 1.0633681 | AC24: 1.0725775 | AD24: 1.0814179 | AE24: 1.0899095 | AF24: 1.0980724 | AG24: 1.1059267 | AH24: 1.1134924 | AI24: 1.1207898 | AJ24: 1.1278389 | AK24: 1.1346598 | AL24: 1.1412727 | AM24: 1.1476977 | AN24: 1.1539548 | AO24: 1.1600623 | AP24: 1.166029 | AQ24: 1.1718608 | AR24: 1.1775635 | AS24: 1.1831432 | AT24: 1.1886059 | AU24: 1.1939573 | AV24: 1.1992035 | AW24: 1.2043503 | AX24: 1.2094038 | AY24: 1.2143699 | AZ24: 1.2192544 | BA24: 1.2240635 | BB24: 1.2288041 | BC24: 1.2334832 | BD24: 1.2381081 | BE24: 1.2426856 | BF24: 1.2472231 | BG24: 1.2517274 | BH24: 1.2562059 | BI24: 1.2606654 | BJ24: 1.2651132 | BK24: 1.2695563 | BL24: 1.2740019 | BM24: #N/A | BN24: #N/A
... A85: =+A80+7 -> 43573 | B85: 20190418 | C85: 0.75 | D85: 0.7087 | E85: 0.707241 | F85: 0.7092092 | G85: 0.7151963 | H85: 0.7245737 | I85: 0.7361272 | J85: 0.7489904 | K85: 0.7624269 | L85: 0.7757027 | M85: 0.7884523 | N85: 0.8006183 | O85: 0.8122933 | P85: 0.8235875 | Q85: 0.8345911 | R85: 0.8453732 | S85: 0.8559965 | T85: 0.8665242 | U85: 0.8770191 | V85: 0.8875442 | W85: 0.8981481 | X85: 0.9088057 | Y85: 0.9194684 | Z85: 0.9300875 | AA85: 0.9406144 | AB85: 0.9510005 | AC85: 0.9612027 | AD85: 0.9712049 | AE85: 0.9809994 | AF85: 0.9905782 | AG85: 0.9999337 | AH85: 1.0090579 | AI85: 1.0179431 | AJ85: 1.0265814 | AK85: 1.034965 | AL85: 1.0430861 | AM85: 1.0509369 | AN85: 1.0585095 | AO85: 1.0657988 | AP85: 1.072812 | AQ85: 1.0795605 | AR85: 1.0860553 | AS85: 1.0923078 | AT85: 1.098329 | AU85: 1.1041302 | AV85: 1.1097227 | AW85: 1.1151175 | AX85: 1.120326 | AY85: 1.1253592 | AZ85: 1.1302285 | BA85: 1.1349447 | BB85: 1.139518 | BC85: 1.143958 | BD85: 1.1482746 | BE85: 1.1524774 | BF85: 1.1565763 | BG85: 1.1605809 | BH85: 1.1645011 | BI85: 1.1683466 | BJ85: 1.1721271 | BK85: 1.1758524 | BL85: 1.1795322 | BM85: #N/A | BN85: #N/A
A86: =+A81+7 -> 43574 | B86: 20190419 | C86: 0.75 | D86: #N/A | E86: #N/A | F86: #N/A | G86: #N/A | H86: #N/A | I86: #N/A | J86: #N/A | K86: #N/A | L86: #N/A | M86: #N/A | N86: #N/A | O86: #N/A | P86: #N/A | Q86: #N/A | R86: #N/A | S86: #N/A | T86: #N/A | U86: #N/A | V86: #N/A | W86: #N/A | X86: #N/A | Y86: #N/A | Z86: #N/A | AA86: #N/A | AB86: #N/A | AC86: #N/A | AD86: #N/A | AE86: #N/A | AF86: #N/A | AG86: #N/A | AH86: #N/A | AI86: #N/A | AJ86: #N/A | AK86: #N/A | AL86: #N/A | AM86: #N/A | AN86: #N/A | AO86: #N/A | AP86: #N/A | AQ86: #N/A | AR86: #N/A | AS86: #N/A | AT86: #N/A | AU86: #N/A | AV86: #N/A | AW86: #N/A | AX86: #N/A | AY86: #N/A | AZ86: #N/A | BA86: #N/A | BB86: #N/A | BC86: #N/A | BD86: #N/A | BE86: #N/A | BF86: #N/A | BG86: #N/A | BH86: #N/A | BI86: #N/A | BJ86: #N/A | BK86: #N/A | BL86: #N/A | BM86: #N/A | BN86: #N/A
A87: =+A82+7 -> 43577 | B87: 20190422 | C87: 0.75 | D87: #N/A | E87: #N/A | F87: #N/A | G87: #N/A | H87: #N/A | I87: #N/A | J87: #N/A | K87: #N/A | L87: #N/A | M87: #N/A | N87: #N/A | O87: #N/A | P87: #N/A | Q87: #N/A | R87: #N/A | S87: #N/A | T87: #N/A | U87: #N/A | V87: #N/A | W87: #N/A | X87: #N/A | Y87: #N/A | Z87: #N/A | AA87: #N/A | AB87: #N/A | AC87: #N/A | AD87: #N/A | AE87: #N/A | AF87: #N/A | AG87: #N/A | AH87: #N/A | AI87: #N/A | AJ87: #N/A | AK87: #N/A | AL87: #N/A | AM87: #N/A | AN87: #N/A | AO87: #N/A | AP87: #N/A | AQ87: #N/A | AR87: #N/A | AS87: #N/A | AT87: #N/A | AU87: #N/A | AV87: #N/A | AW87: #N/A | AX87: #N/A | AY87: #N/A | AZ87: #N/A | BA87: #N/A | BB87: #N/A | BC87: #N/A | BD87: #N/A | BE87: #N/A | BF87: #N/A | BG87: #N/A | BH87: #N/A | BI87: #N/A | BJ87: #N/A | BK87: #N/A | BL87: #N/A | BM87: #N/A | BN87: #N/A
A88: =+A83+7 -> 43578 | B88: 20190423 | C88: 0.75 | D88: 0.7092 | E88: 0.7064798 | F88: 0.7146189 | G88: 0.7273739 | H88: 0.7425742 | I88: 0.757993 | J88: 0.7732623 | K88: 0.788258 | L88: 0.8025692 | M88: 0.8159816 | N88: 0.8285699 | O88: 0.840537 | P88: 0.8520962 | Q88: 0.8634707 | R88: 0.8747228 | S88: 0.8858658 | T88: 0.8969131 | U88: 0.9078781 | V88: 0.9187741 | W88: 0.9296068 | X88: 0.9403452 | Y88: 0.950948 | Z88: 0.9613735 | AA88: 0.9715805 | AB88: 0.9815275 | AC88: 0.9911802 | AD88: 1.000536 | AE88: 1.0096009 | AF88: 1.018381 | AG88: 1.0268824 | AH88: 1.0351113 | AI88: 1.0430736 | AJ88: 1.0507755 | AK88: 1.058223 | AL88: 1.0654222 | AM88: 1.0723792 | AN88: 1.0791002 | AO88: 1.0855917 | AP88: 1.091864 | AQ88: 1.0979285 | AR88: 1.1037964 | AS88: 1.1094791 | AT88: 1.1149879 | AU88: 1.1203343 | AV88: 1.1255295 | AW88: 1.1305848 | AX88: 1.1355116 | AY88: 1.1403213 | AZ88: 1.1450251 | BA88: 1.1496338 | BB88: 1.1541543 | BC88: 1.1585928 | BD88: 1.1629553 | BE88: 1.1672478 | BF88: 1.1714764 | BG88: 1.175647 | BH88: 1.1797657 | BI88: 1.1838387 | BJ88: 1.1878718 | BK88: 1.1918711 | BL88: 1.1958428 | BM88: #N/A | BN88: #N/A
A89: =+A84+7 -> 43579 | B89: 20190424 | C89: 0.75 | D89: 0.7087 | E89: 0.7067223 | F89: 0.7086687 | G89: 0.7164351 | H89: 0.728125 | I89: 0.7401223 | J89: 0.751495 | K89: 0.7621913 | L89: 0.7722565 | M89: 0.7820352 | N89: 0.7918752 | O89: 0.8019679 | P89: 0.8124071 | Q89: 0.8231647 | R89: 0.834118 | S89: 0.8451252 | T89: 0.8560442 | U89: 0.8667334 | V89: 0.8770507 | W89: 0.8868781 | X89: 0.8962328 | Y89: 0.9051794 | Z89: 0.9137826 | AA89: 0.9221069 | AB89: 0.9302173 | AC89: 0.9381707 | AD89: 0.9459845 | AE89: 0.9536624 | AF89: 0.961208 | AG89: 0.9686251 | AH89: 0.9759174 | AI89: 0.9830886 | AJ89: 0.9901425 | AK89: 0.9970827 | AL89: 1.003913 | AM89: 1.0106371 | AN89: 1.0172587 | AO89: 1.0237809 | AP89: 1.0302033 | AQ89: 1.0365249 | AR89: 1.0427444 | AS89: 1.0488605 | AT89: 1.0548721 | AU89: 1.0607779 | AV89: 1.0665767 | AW89: 1.0722673 | AX89: 1.0778484 | AY89: 1.0833188 | AZ89: 1.0886774 | BA89: 1.0939239 | BB89: 1.0990628 | BC89: 1.1041001 | BD89: 1.1090414 | BE89: 1.1138926 | BF89: 1.1186596 | BG89: 1.123348 | BH89: 1.1279638 | BI89: 1.1325127 | BJ89: 1.1370006 | BK89: 1.1414332 | BL89: 1.1458165 | BM89: #N/A | BN89: #N/A
A90: =+A85+7 -> 43580 | B90: 20190425 | C90: 0.75 | D90: 0.7096 | E90: 0.7077486 | F90: 0.7102523 | G90: 0.7190003 | H90: 0.7307304 | I90: 0.7417487 | J90: 0.7517613 | K90: 0.7610614 | L90: 0.7696264 | M90: 0.7776006 | N90: 0.785212 | O90: 0.792665 | P90: 0.8001526 | Q90: 0.8077774 | R90: 0.8155522 | S90: 0.8234674 | T90: 0.8315133 | U90: 0.8396801 | V90: 0.8479582 | W90: 0.856335 | X90: 0.8647831 | Y90: 0.8732703 | Z90: 0.8817646 | AA90: 0.8902339 | AB90: 0.8986461 | AC90: 0.9069725 | AD90: 0.915201 | AE90: 0.9233248 | AF90: 0.9313369 | AG90: 0.9392303 | AH90: 0.9469981 | AI90: 0.9546334 | AJ90: 0.9621291 | AK90: 0.9694784 | AL90: 0.9766742 | AM90: 0.9837097 | AN90: 0.9905779 | AO90: 0.9972738 | AP90: 1.0038014 | AQ90: 1.0101672 | AR90: 1.0163775 | AS90: 1.0224388 | AT90: 1.0283575 | AU90: 1.03414 | AV90: 1.0397927 | AW90: 1.045322 | AX90: 1.0507344 | AY90: 1.0560363 | AZ90: 1.061234 | BA90: 1.0663338 | BB90: 1.0713409 | BC90: 1.0762599 | BD90: 1.0810958 | BE90: 1.0858535 | BF90: 1.0905377 | BG90: 1.0951533 | BH90: 1.0997051 | BI90: 1.104198 | BJ90: 1.1086368 | BK90: 1.1130264 | BL90: 1.1173715 | BM90: #N/A | BN90: #N/A
A91: =+A86+7 -> 43581 | B91: 20190426 | C91: 0.75 | D91: 0.7107 | E91: 0.7095528 | F91: 0.7154788 | G91: 0.726963 | H91: 0.7403957 | I91: 0.7519252 | J91: 0.7610044 | K91: 0.7681313 | L91: 0.7737464 | M91: 0.7782787 | N91: 0.782129 | O91: 0.7856931 | P91: 0.789378 | Q91: 0.7937214 | R91: 0.798814 | S91: 0.80459 | T91: 0.8109837 | U91: 0.8179295 | V91: 0.8253616 | W91: 0.8332106 | X91: 0.8413888 | Y91: 0.8498035 | Z91: 0.8583621 | AA91: 0.8669718 | AB91: 0.8755398 | AC91: 0.8839877 | AD91: 0.8922992 | AE91: 0.9004757 | AF91: 0.9085183 | AG91: 0.916428 | AH91: 0.9242062 | AI91: 0.931854 | AJ91: 0.9393725 | AK91: 0.9467629 | AL91: 0.9540264 | AM91: 0.9611642 | AN91: 0.9681774 | AO91: 0.9750672 | AP91: 0.9818352 | AQ91: 0.988483 | AR91: 0.9950121 | AS91: 1.001424 | AT91: 1.0077205 | AU91: 1.013903 | AV91: 1.0199732 | AW91: 1.0259325 | AX91: 1.0317827 | AY91: 1.0375252 | AZ91: 1.0431617 | BA91: 1.0486941 | BB91: 1.0541256 | BC91: 1.0594601 | BD91: 1.0647013 | BE91: 1.0698529 | BF91: 1.0749186 | BG91: 1.0799022 | BH91: 1.0848075 | BI91: 1.0896381 | BJ91: 1.0943979 | BK91: 1.0990905 | BL91: 1.1037197 | BM91: #N/A | BN91: #N/A
A92: =+A87+7 -> 43584 | B92: 20190429 | C92: 0.75 | D92: 0.7097 | E92: 0.7092457 | F92: 0.7172887 | G92: 0.7282753 | H92: 0.7393674 | I92: 0.7488954 | J92: 0.7576392 | K92: 0.7660091 | L92: 0.7739143 | M92: 0.7815378 | N92: 0.7891316 | O92: 0.7969013 | P92: 0.8050538 | Q92: 0.8138192 | R92: 0.8231209 | S92: 0.8327897 | T92: 0.8426563 | U92: 0.8525516 | V92: 0.8623063 | W92: 0.871777 | X92: 0.8809401 | Y92: 0.8898068 | Z92: 0.8983882 | AA92: 0.9066955 | AB92: 0.9147398 | AC92: 0.9225328 | AD92: 0.9300877 | AE92: 0.9374185 | AF92: 0.9445391 | AG92: 0.9514635 | AH92: 0.9582053 | AI92: 0.9647787 | AJ92: 0.9711974 | AK92: 0.9774755 | AL92: 0.9836266 | AM92: 0.9896649 | AN92: 0.9956041 | AO92: 1.0014564 | AP92: 1.0072267 | AQ92: 1.0129177 | AR92: 1.0185321 | AS92: 1.0240726 | AT92: 1.0295419 | AU92: 1.0349428 | AV92: 1.0402779 | AW92: 1.0455501 | AX92: 1.050762 | AY92: 1.0559164 | AZ92: 1.0610159 | BA92: 1.0660633 | BB92: 1.0710611 | BC92: 1.0760115 | BD92: 1.080917 | BE92: 1.08578 | BF92: 1.0906028 | BG92: 1.0953879 | BH92: 1.1001375 | BI92: 1.1048541 | BJ92: 1.1095401 | BK92: 1.1141978 | BL92: 1.1188296 | BM92: #N/A | BN92: #N/A
A93: =+A88+7 -> 43585 | B93: 20190430 | C93: 0.75 | D93: 0.7109 | E93: 0.7095882 | F93: 0.7181951 | G93: 0.731039 | H93: 0.7456724 | I93: 0.7599334 | J93: 0.7735528 | K93: 0.7862481 | L93: 0.797707 | M93: 0.8082007 | N93: 0.8182246 | O93: 0.8281416 | P93: 0.8381792 | Q93: 0.8484199 | R93: 0.8587745 | S93: 0.8691135 | T93: 0.8793074 | U93: 0.8892268 | V93: 0.8987421 | W93: 0.9077435 | X93: 0.9162436 | Y93: 0.9243025 | Z93: 0.9319804 | AA93: 0.9393375 | AB93: 0.946434 | AC93: 0.9533227 | AD93: 0.960023 | AE93: 0.9665453 | AF93: 0.9728999 | AG93: 0.9790973 | AH93: 0.9851478 | AI93: 0.9910617 | AJ93: 0.9968495 | AK93: 1.0025215 | AL93: 1.008088 | AM93: 1.0135595 | AN93: 1.0189463 | AO93: 1.0242579 | AP93: 1.0294988 | AQ93: 1.0346715 | AR93: 1.0397786 | AS93: 1.0448227 | AT93: 1.0498064 | AU93: 1.0547322 | AV93: 1.0596027 | AW93: 1.0644204 | AX93: 1.069188 | AY93: 1.073908 | AZ93: 1.0785829 | BA93: 1.0832156 | BB93: 1.0878094 | BC93: 1.0923681 | BD93: 1.0968954 | BE93: 1.101395 | BF93: 1.1058706 | BG93: 1.110326 | BH93: 1.1147649 | BI93: 1.1191909 | BJ93: 1.123608 | BK93: 1.1280196 | BL93: 1.1324296 | BM93: #N/A | BN93: #N/A
A94: =+A89+7 -> 43586 | B94: 20190501 | C94: 0.75 | D94: 0.7103 | E94: 0.7094895 | F94: 0.7202312 | G94: 0.7372561 | H94: 0.7551004 | I94: 0.7691217 | J94: 0.7798545 | K94: 0.7887919 | L94: 0.7969445 | M94: 0.804864 | N94: 0.8127948 | O94: 0.8208152 | P94: 0.8289292 | Q94: 0.8371644 | R94: 0.8454767 | S94: 0.853798 | T94: 0.8620599 | U94: 0.8701942 | V94: 0.8781327 | W94: 0.8858178 | X94: 0.8932534 | Y94: 0.9004645 | Z94: 0.9074765 | AA94: 0.9143145 | AB94: 0.9210039 | AC94: 0.9275677 | AD94: 0.9340157 | AE94: 0.9403529 | AF94: 0.9465844 | AG94: 0.9527152 | AH94: 0.9587502 | AI94: 0.9646946 | AJ94: 0.9705532 | AK94: 0.9763311 | AL94: 0.9820333 | AM94: 0.9876649 | AN94: 0.9932307 | AO94: 0.9987351 | AP94: 1.0041774 | AQ94: 1.0095557 | AR94: 1.014868 | AS94: 1.0201123 | AT94: 1.0252865 | AU94: 1.0303887 | AV94: 1.0354168 | AW94: 1.0403687 | AX94: 1.0452426 | AY94: 1.0500363 | AZ94: 1.0547479 | BA94: 1.0593761 | BB94: 1.063924 | BC94: 1.0683956 | BD94: 1.0727952 | BE94: 1.077127 | BF94: 1.081395 | BG94: 1.0856036 | BH94: 1.0897568 | BI94: 1.0938589 | BJ94: 1.097914 | BK94: 1.1019263 | BL94: 1.1058999 | BM94: #N/A | BN94: #N/A
A95: =+A90+7 -> 43587 | B95: 20190502 | C95: 0.75 | D95: 0.7107 | E95: 0.7103491 | F95: 0.7169891 | G95: 0.7274594 | H95: 0.7401106 | I95: 0.7530148 | J95: 0.7662244 | K95: 0.7797909 | L95: 0.7933061 | M95: 0.8063638 | N95: 0.8186635 | O95: 0.8301173 | P95: 0.8408506 | Q95: 0.8511339 | R95: 0.8611053 | S95: 0.870839 | T95: 0.8804093 | U95: 0.8898903 | V95: 0.8993561 | W95: 0.9088656 | X95: 0.9183976 | Y95: 0.9279059 | Z95: 0.9373439 | AA95: 0.9466653 | AB95: 0.9558237 | AC95: 0.9647779 | AD95: 0.9735162 | AE95: 0.982036 | AF95: 0.9903352 | AG95: 0.9984114 | AH95: 1.0062624 | AI95: 1.0138859 | AJ95: 1.0212795 | AK95: 1.0284411 | AL95: 1.0353683 | AM95: 1.0420588 | AN95: 1.0485103 | AO95: 1.0547226 | AP95: 1.0607049 | AQ95: 1.0664694 | AR95: 1.0720282 | AS95: 1.0773937 | AT95: 1.082578 | AU95: 1.0875933 | AV95: 1.0924518 | AW95: 1.0971657 | AX95: 1.1017472 | AY95: 1.1062086 | AZ95: 1.1105619 | BA95: 1.1148188 | BB95: 1.1189873 | BC95: 1.123075 | BD95: 1.1270891 | BE95: 1.1310371 | BF95: 1.1349262 | BG95: 1.1387638 | BH95: 1.1425573 | BI95: 1.1463141 | BJ95: 1.1500415 | BK95: 1.1537469 | BL95: 1.1574375 | BM95: #N/A | BN95: #N/A
A96: =+A91+7 -> 43588 | B96: 20190503 | C96: 0.75 | D96: 0.7098 | E96: 0.7098431 | F96: 0.7166088 | G96: 0.7277656 | H96: 0.7424738 | I96: 0.759286 | J96: 0.7771497 | K96: 0.7947372 | L96: 0.8109611 | M96: 0.8256249 | N96: 0.8390867 | O96: 0.8519265 | P96: 0.8646122 | Q96: 0.8773162 | R96: 0.8900087 | S96: 0.9026149 | T96: 0.9150603 | U96: 0.9272703 | V96: 0.9391703 | W96: 0.9506937 | X96: 0.9618144 | Y96: 0.9725194 | Z96: 0.9827955 | AA96: 0.9926299 | AB96: 1.0020094 | AC96: 1.0109262 | AD96: 1.0193981 | AE96: 1.0274509 | AF96: 1.03511 | AG96: 1.0424011 | AH96: 1.0493499 | AI96: 1.0559818 | AJ96: 1.0623227 | AK96: 1.068398 | AL96: 1.0742333 | AM96: 1.0798544 | AN96: 1.0852868 | AO96: 1.0905536 | AP96: 1.0956666 | AQ96: 1.1006346 | AR96: 1.1054664 | AS96: 1.1101708 | AT96: 1.1147565 | AU96: 1.1192323 | AV96: 1.1236069 | AW96: 1.1278892 | AX96: 1.1320878 | AY96: 1.1362116 | AZ96: 1.1402694 | BA96: 1.1442691 | BB96: 1.1482161 | BC96: 1.1521146 | BD96: 1.1559691 | BE96: 1.159784 | BF96: 1.1635636 | BG96: 1.1673123 | BH96: 1.1710345 | BI96: 1.1747346 | BJ96: 1.1784169 | BK96: 1.1820859 | BL96: 1.1857459 | BM96: #N/A | BN96: #N/A
A97: =+A92+7 -> 43591 | B97: 20190506 | C97: 0.75 | D97: #N/A | E97: #N/A | F97: #N/A | G97: #N/A | H97: #N/A | I97: #N/A | J97: #N/A | K97: #N/A | L97: #N/A | M97: #N/A | N97: #N/A | O97: #N/A | P97: #N/A | Q97: #N/A | R97: #N/A | S97: #N/A | T97: #N/A | U97: #N/A | V97: #N/A | W97: #N/A | X97: #N/A | Y97: #N/A | Z97: #N/A | AA97: #N/A | AB97: #N/A | AC97: #N/A | AD97: #N/A | AE97: #N/A | AF97: #N/A | AG97: #N/A | AH97: #N/A | AI97: #N/A | AJ97: #N/A | AK97: #N/A | AL97: #N/A | AM97: #N/A | AN97: #N/A | AO97: #N/A | AP97: #N/A | AQ97: #N/A | AR97: #N/A | AS97: #N/A | AT97: #N/A | AU97: #N/A | AV97: #N/A | AW97: #N/A | AX97: #N/A | AY97: #N/A | AZ97: #N/A | BA97: #N/A | BB97: #N/A | BC97: #N/A | BD97: #N/A | BE97: #N/A | BF97: #N/A | BG97: #N/A | BH97: #N/A | BI97: #N/A | BJ97: #N/A | BK97: #N/A | BL97: #N/A | BM97: #N/A | BN97: #N/A
A98: =+A93+7 -> 43592 | B98: 20190507 | C98: 0.75 | D98: 0.7094 | E98: 0.7095535 | F98: 0.7157876 | G98: 0.7249244 | H98: 0.7353766 | I98: 0.7465943 | J98: 0.7584876 | K98: 0.7701071 | L98: 0.78068 | M98: 0.7903027 | N98: 0.7994855 | O98: 0.8088008 | P98: 0.8186394 | Q98: 0.8289686 | R98: 0.839649 | S98: 0.8505421 | T98: 0.8615099 | U98: 0.872414 | V98: 0.8831162 | W98: 0.893493 | X98: 0.9035131 | Y98: 0.913181 | Z98: 0.9225013 | AA98: 0.9314784 | AB98: 0.940117 | AC98: 0.9484234 | AD98: 0.956412 | AE98: 0.9640997 | AF98: 0.9715031 | AG98: 0.9786389 | AH98: 0.985524 | AI98: 0.9921749 | AJ98: 0.9986084 | AK98: 1.0048413 | AL98: 1.0108903 | AM98: 1.016772 | AN98: 1.0225032 | AO98: 1.0280991 | AP98: 1.0335664 | AQ98: 1.0389088 | AR98: 1.0441303 | AS98: 1.0492346 | AT98: 1.0542257 | AU98: 1.0591073 | AV98: 1.0638833 | AW98: 1.0685576 | AX98: 1.073134 | AY98: 1.0776163 | AZ98: 1.0820083 | BA98: 1.0863143 | BB98: 1.0905399 | BC98: 1.0946912 | BD98: 1.0987744 | BE98: 1.1027955 | BF98: 1.1067607 | BG98: 1.1106761 | BH98: 1.1145478 | BI98: 1.118382 | BJ98: 1.1221848 | BK98: 1.1259622 | BL98: 1.1297205 | BM98: #N/A | BN98: #N/A
A99: =+A94+7 -> 43593 | B99: 20190508 | C99: 0.75 | D99: 0.7092 | E99: 0.7095277 | F99: 0.7133783 | G99: 0.7197258 | H99: 0.7273468 | I99: 0.7361904 | J99: 0.7464377 | K99: 0.7573871 | L99: 0.7682153 | M99: 0.778691 | N99: 0.788997 | O99: 0.7995079 | P99: 0.81048 | Q99: 0.8217714 | R99: 0.8332211 | S99: 0.844694 | T99: 0.8560553 | U99: 0.8671699 | V99: 0.8779029 | W99: 0.888138 | X99: 0.8978659 | Y99: 0.9071146 | Z99: 0.9159122 | AA99: 0.924287 | AB99: 0.9322669 | AC99: 0.9398799 | AD99: 0.9471521 | AE99: 0.954109 | AF99: 0.9607761 | AG99: 0.9671791 | AH99: 0.9733435 | AI99: 0.9792949 | AJ99: 0.9850588 | AK99: 0.9906608 | AL99: 0.9961265 | AM99: 1.0014814 | AN99: 1.006751 | AO99: 1.0119574 | AP99: 1.0171051 | AQ99: 1.0221934 | AR99: 1.0272215 | AS99: 1.0321885 | AT99: 1.0370939 | AU99: 1.0419367 | AV99: 1.0467162 | AW99: 1.0514318 | AX99: 1.0560825 | AY99: 1.0606677 | AZ99: 1.0651866 | BA99: 1.0696391 | BB99: 1.0740284 | BC99: 1.0783583 | BD99: 1.0826328 | BE99: 1.0868559 | BF99: 1.0910316 | BG99: 1.0951637 | BH99: 1.0992562 | BI99: 1.1033131 | BJ99: 1.1073383 | BK99: 1.1113358 | BL99: 1.1153095 | BM99: #N/A | BN99: #N/A
A100: =+A95+7 -> 43594 | B100: 20190509 | C100: 0.75 | D100: 0.7103 | E100: 0.7108458 | F100: 0.7162839 | G100: 0.7216698 | H100: 0.7261275 | I100: 0.7312126 | J100: 0.7382831 | K100: 0.7468833 | L100: 0.7559265 | M100: 0.7647457 | N100: 0.7732967 | O100: 0.7819698 | P100: 0.791163 | Q100: 0.8011046 | R100: 0.8116978 | S100: 0.8227459 | T100: 0.834052 | U100: 0.8454194 | V100: 0.8566511 | W100: 0.8675725 | X100: 0.878122 | Y100: 0.8882743 | Z100: 0.8980041 | AA100: 0.9072859 | AB100: 0.9160944 | AC100: 0.9244116 | AD100: 0.9322545 | AE100: 0.9396512 | AF100: 0.9466294 | AG100: 0.9532172 | AH100: 0.9594423 | AI100: 0.9653327 | AJ100: 0.9709164 | AK100: 0.9762211 | AL100: 0.9812749 | AM100: 0.9861055 | AN100: 0.990741 | AO100: 0.9952074 | AP100: 0.9995229 | AQ100: 1.0037034 | AR100: 1.0077648 | AS100: 1.011723 | AT100: 1.0155941 | AU100: 1.019394 | AV100: 1.0231386 | AW100: 1.0268439 | AX100: 1.0305257 | AY100: 1.0342001 | AZ100: 1.0378829 | BA100: 1.0415877 | BB100: 1.0453162 | BC100: 1.0490676 | BD100: 1.0528405 | BE100: 1.0566339 | BF100: 1.0604467 | BG100: 1.0642778 | BH100: 1.068126 | BI100: 1.0719901 | BJ100: 1.0758692 | BK100: 1.079762 | BL100: 1.0836675 | BM100: #N/A | BN100: #N/A
A101: =+A96+7 -> 43595 | B101: 20190510 | C101: 0.75 | D101: 0.7098 | E101: 0.7095863 | F101: 0.7140917 | G101: 0.7188579 | H101: 0.7231908 | I101: 0.7286532 | J101: 0.7363148 | K101: 0.7454899 | L101: 0.7549872 | M101: 0.7641834 | N101: 0.7730781 | O101: 0.7820659 | P101: 0.7914726 | Q101: 0.8014206 | R101: 0.8118288 | S101: 0.8225714 | T101: 0.8335224 | U101: 0.8445559 | V101: 0.8555459 | W101: 0.8663775 | X101: 0.8769919 | Y101: 0.8873484 | Z101: 0.897406 | AA101: 0.9071241 | AB101: 0.9164619 | AC101: 0.9253879 | AD101: 0.9339123 | AE101: 0.9420569 | AF101: 0.9498431 | AG101: 0.9572928 | AH101: 0.9644274 | AI101: 0.9712686 | AJ101: 0.9778382 | AK101: 0.9841576 | AL101: 0.9902486 | AM101: 0.9961327 | AN101: 1.0018317 | AO101: 1.0073654 | AP101: 1.0127459 | AQ101: 1.0179831 | AR101: 1.023087 | AS101: 1.0280675 | AT101: 1.0329346 | AU101: 1.0376982 | AV101: 1.0423682 | AW101: 1.0469547 | AX101: 1.0514675 | AY101: 1.0559165 | AZ101: 1.0603118 | BA101: 1.0646621 | BB101: 1.0689707 | BC101: 1.0732397 | BD101: 1.077471 | BE101: 1.0816664 | BF101: 1.085828 | BG101: 1.0899577 | BH101: 1.0940574 | BI101: 1.0981291 | BJ101: 1.1021748 | BK101: 1.1061963 | BL101: 1.1101956 | BM101: #N/A | BN101: #N/A
A102: =+A97+7 -> 43598 | B102: 20190513 | C102: 0.75 | D102: 0.7096 | E102: 0.7106727 | F102: 0.7165061 | G102: 0.7232268 | H102: 0.730107 | I102: 0.7368336 | J102: 0.7433839 | K102: 0.7496678 | L102: 0.755684 | M102: 0.7616001 | N102: 0.7676245 | O102: 0.7739186 | P102: 0.780544 | Q102: 0.7873886 | R102: 0.7943971 | S102: 0.8015458 | T102: 0.8088113 | U102: 0.8161699 | V102: 0.8235982 | W102: 0.8310737 | X102: 0.8385806 | Y102: 0.846105 | Z102: 0.853633 | AA102: 0.8611507 | AB102: 0.8686443 | AC102: 0.876101 | AD102: 0.8835134 | AE102: 0.8908754 | AF102: 0.8981812 | AG102: 0.9054245 | AH102: 0.9125995 | AI102: 0.9197002 | AJ102: 0.9267204 | AK102: 0.9336542 | AL102: 0.9404956 | AM102: 0.9472386 | AN102: 0.9538771 | AO102: 0.9604061 | AP102: 0.9668253 | AQ102: 0.9731352 | AR102: 0.9793367 | AS102: 0.9854306 | AT102: 0.9914174 | AU102: 0.9972981 | AV102: 1.0030734 | AW102: 1.0087439 | AX102: 1.0143106 | AY102: 1.019774 | AZ102: 1.025135 | BA102: 1.0303948 | BB102: 1.0355574 | BC102: 1.0406279 | BD102: 1.0456113 | BE102: 1.0505124 | BF102: 1.0553363 | BG102: 1.0600879 | BH102: 1.0647722 | BI102: 1.0693942 | BJ102: 1.0739589 | BK102: 1.0784713 | BL102: 1.0829362 | BM102: #N/A | BN102: #N/A
A103: =+A98+7 -> 43599 | B103: 20190514 | C103: 0.75 | D103: 0.7095 | E103: 0.710827 | F103: 0.716824 | G103: 0.7240387 | H103: 0.7313421 | I103: 0.7383596 | J103: 0.7453149 | K103: 0.7521821 | L103: 0.7589493 | M103: 0.7658056 | N103: 0.772843 | O103: 0.7800467 | P103: 0.7873973 | Q103: 0.794839 | R103: 0.8023235 | S103: 0.8098085 | T103: 0.8172519 | U103: 0.8246114 | V103: 0.8318447 | W103: 0.8389164 | X103: 0.8458323 | Y103: 0.8526146 | Z103: 0.8592855 | AA103: 0.865867 | AB103: 0.8723814 | AC103: 0.878848 | AD103: 0.8852743 | AE103: 0.8916644 | AF103: 0.8980223 | AG103: 0.9043521 | AH103: 0.910658 | AI103: 0.916944 | AJ103: 0.9232142 | AK103: 0.9294726 | AL103: 0.9357235 | AM103: 0.9419708 | AN103: 0.9482187 | AO103: 0.9544698 | AP103: 0.9607185 | AQ103: 0.9669569 | AR103: 0.9731768 | AS103: 0.97937 | AT103: 0.9855285 | AU103: 0.9916441 | AV103: 0.9977087 | AW103: 1.0037141 | AX103: 1.0096523 | AY103: 1.0155151 | AZ103: 1.0212943 | BA103: 1.0269833 | BB103: 1.0325817 | BC103: 1.0380914 | BD103: 1.0435139 | BE103: 1.0488511 | BF103: 1.0541046 | BG103: 1.0592763 | BH103: 1.0643679 | BI103: 1.069381 | BJ103: 1.0743174 | BK103: 1.0791789 | BL103: 1.0839672 | BM103: #N/A | BN103: #N/A
A104: =+A99+7 -> 43600 | B104: 20190515 | C104: 0.75 | D104: 0.7096 | E104: 0.708753 | F104: 0.7139667 | G104: 0.7198826 | H104: 0.7257419 | I104: 0.7316417 | J104: 0.7378164 | K104: 0.7440682 | L104: 0.750169 | M104: 0.7560551 | N104: 0.7617008 | O104: 0.7671404 | P104: 0.7724103 | Q104: 0.7774484 | R104: 0.7823085 | S104: 0.7870867 | T104: 0.7918792 | U104: 0.7967822 | V104: 0.8018919 | W104: 0.8072888 | X104: 0.8129646 | Y104: 0.8188796 | Z104: 0.8249943 | AA104: 0.831269 | AB104: 0.8376641 | AC104: 0.8441426 | AD104: 0.8506823 | AE104: 0.8572655 | AF104: 0.8638747 | AG104: 0.8704923 | AH104: 0.8771008 | AI104: 0.8836826 | AJ104: 0.8902203 | AK104: 0.8966962 | AL104: 0.9030929 | AM104: 0.9093927 | AN104: 0.9155782 | AO104: 0.921635 | AP104: 0.9275642 | AQ104: 0.9333718 | AR104: 0.9390635 | AS104: 0.9446454 | AT104: 0.9501232 | AU104: 0.9555029 | AV104: 0.9607903 | AW104: 0.9659914 | AX104: 0.971112 | AY104: 0.976158 | AZ104: 0.9811352 | BA104: 0.9860491 | BB104: 0.9909024 | BC104: 0.9956971 | BD104: 1.0004354 | BE104: 1.0051194 | BF104: 1.0097512 | BG104: 1.0143329 | BH104: 1.0188665 | BI104: 1.0233541 | BJ104: 1.027798 | BK104: 1.0322001 | BL104: 1.0365625 | BM104: #N/A | BN104: #N/A
A105: =+A100+7 -> 43601 | B105: 20190516 | C105: 0.75 | D105: 0.71 | E105: 0.7109528 | F105: 0.7163199 | G105: 0.7217068 | H105: 0.7270723 | I105: 0.7325141 | J105: 0.7378703 | K105: 0.7428909 | L105: 0.747585 | M105: 0.7521973 | N105: 0.7569562 | O105: 0.7620521 | P105: 0.7676218 | Q105: 0.7735827 | R105: 0.7798642 | S105: 0.7864224 | T105: 0.7932133 | U105: 0.8001929 | V105: 0.8073175 | W105: 0.8145435 | X105: 0.8218295 | Y105: 0.8291347 | Z105: 0.8364186 | AA105: 0.8436403 | AB105: 0.8507592 | AC105: 0.8577403 | AD105: 0.8645759 | AE105: 0.8712672 | AF105: 0.8778148 | AG105: 0.8842199 | AH105: 0.8904831 | AI105: 0.8966055 | AJ105: 0.902588 | AK105: 0.9084314 | AL105: 0.9141367 | AM105: 0.9197047 | AN105: 0.9251364 | AO105: 0.9304342 | AP105: 0.9356077 | AQ105: 0.9406683 | AR105: 0.9456274 | AS105: 0.9504966 | AT105: 0.9552873 | AU105: 0.9600108 | AV105: 0.9646788 | AW105: 0.9693026 | AX105: 0.9738936 | AY105: 0.9784634 | AZ105: 0.9830234 | BA105: 0.9875833 | BB105: 0.9921459 | BC105: 0.9967115 | BD105: 1.0012809 | BE105: 1.0058546 | BF105: 1.0104332 | BG105: 1.0150172 | BH105: 1.0196073 | BI105: 1.024204 | BJ105: 1.0288078 | BK105: 1.0334194 | BL105: 1.0380393 | BM105: #N/A | BN105: #N/A
A106: =+A101+7 -> 43602 | B106: 20190517 | C106: 0.75 | D106: 0.7094 | E106: 0.7109843 | F106: 0.7125549 | G106: 0.7134983 | H106: 0.7142327 | I106: 0.7162069 | J106: 0.7194878 | K106: 0.7230302 | L106: 0.7260401 | M106: 0.7283593 | N106: 0.7302693 | O106: 0.7323316 | P106: 0.7350134 | Q106: 0.7385646 | R106: 0.7429524 | S106: 0.7480692 | T106: 0.7538074 | U106: 0.7600594 | V106: 0.7667177 | W106: 0.7736787 | X106: 0.7808597 | Y106: 0.7881848 | Z106: 0.7955778 | AA106: 0.8029627 | AB106: 0.8102634 | AC106: 0.8174165 | AD106: 0.8244133 | AE106: 0.8312607 | AF106: 0.8379653 | AG106: 0.8445339 | AH106: 0.8509731 | AI106: 0.8572898 | AJ106: 0.8634906 | AK106: 0.8695823 | AL106: 0.8755715 | AM106: 0.881465 | AN106: 0.8872696 | AO106: 0.8929912 | AP106: 0.8986332 | AQ106: 0.9041979 | AR106: 0.9096879 | AS106: 0.9151057 | AT106: 0.9204536 | AU106: 0.9257342 | AV106: 0.9309498 | AW106: 0.9361031 | AX106: 0.9411964 | AY106: 0.9462322 | AZ106: 0.9512129 | BA106: 0.9561411 | BB106: 0.9610194 | BC106: 0.9658504 | BD106: 0.9706369 | BE106: 0.9753814 | BF106: 0.9800867 | BG106: 0.9847554 | BH106: 0.9893902 | BI106: 0.9939938 | BJ106: 0.9985687 | BK106: 1.0031178 | BL106: 1.0076436 | BM106: #N/A | BN106: #N/A
A107: =+A102+7 -> 43605 | B107: 20190520 | C107: 0.75 | D107: 0.7096 | E107: 0.7119647 | F107: 0.7136609 | G107: 0.7156679 | H107: 0.7185118 | I107: 0.7230683 | J107: 0.7288284 | K107: 0.7345945 | L107: 0.7397284 | M107: 0.7442637 | N107: 0.7486211 | O107: 0.75341 | P107: 0.7590394 | Q107: 0.7656676 | R107: 0.7731239 | S107: 0.7811564 | T107: 0.7895133 | U107: 0.7979429 | V107: 0.8061933 | W107: 0.8140495 | X107: 0.8214854 | Y107: 0.8285353 | Z107: 0.8352334 | AA107: 0.8416139 | AB107: 0.847711 | AC107: 0.8535574 | AD107: 0.8591787 | AE107: 0.8645988 | AF107: 0.8698411 | AG107: 0.8749296 | AH107: 0.8798879 | AI107: 0.8847397 | AJ107: 0.8895088 | AK107: 0.8942188 | AL107: 0.8988935 | AM107: 0.9035566 | AN107: 0.9082318 | AO107: 0.9129388 | AP107: 0.9176796 | AQ107: 0.9224512 | AR107: 0.9272506 | AS107: 0.9320748 | AT107: 0.936921 | AU107: 0.9417861 | AV107: 0.9466673 | AW107: 0.9515614 | AX107: 0.9564656 | AY107: 0.961377 | AZ107: 0.9662925 | BA107: 0.9712095 | BB107: 0.9761268 | BC107: 0.9810439 | BD107: 0.9859601 | BE107: 0.9908749 | BF107: 0.9957876 | BG107: 1.0006976 | BH107: 1.0056043 | BI107: 1.0105071 | BJ107: 1.0154054 | BK107: 1.0202986 | BL107: 1.025186 | BM107: #N/A | BN107: #N/A
A108: =+A103+7 -> 43606 | B108: 20190521 | C108: 0.75 | D108: 0.7093 | E108: 0.7107436 | F108: 0.7139183 | G108: 0.7168639 | H108: 0.720526 | I108: 0.726434 | J108: 0.7340707 | K108: 0.741847 | L108: 0.7487384 | M108: 0.7545375 | N108: 0.7595719 | O108: 0.7644237 | P108: 0.7695444 | Q108: 0.7751854 | R108: 0.7813327 | S108: 0.7879058 | T108: 0.7948244 | U108: 0.802008 | V108: 0.8093763 | W108: 0.8168545 | X108: 0.8244035 | Y108: 0.8319978 | Z108: 0.8396121 | AA108: 0.8472209 | AB108: 0.8547988 | AC108: 0.8623224 | AD108: 0.869776 | AE108: 0.8771464 | AF108: 0.8844205 | AG108: 0.8915848 | AH108: 0.8986262 | AI108: 0.9055314 | AJ108: 0.9122871 | AK108: 0.9188801 | AL108: 0.925297 | AM108: 0.9315248 | AN108: 0.93755 | AO108: 0.9433626 | AP108: 0.9489699 | AQ108: 0.9543847 | AR108: 0.95962 | AS108: 0.9646888 | AT108: 0.9696041 | AU108: 0.9743788 | AV108: 0.9790258 | AW108: 0.9835582 | AX108: 0.9879889 | AY108: 0.9923309 | AZ108: 0.9965971 | BA108: 1.0007995 | BB108: 1.0049453 | BC108: 1.0090403 | BD108: 1.0130902 | BE108: 1.0171008 | BF108: 1.0210779 | BG108: 1.0250271 | BH108: 1.0289544 | BI108: 1.0328653 | BJ108: 1.0367657 | BK108: 1.0406614 | BL108: 1.044558 | BM108: #N/A | BN108: #N/A
A109: =+A104+7 -> 43607 | B109: 20190522 | C109: 0.75 | D109: 0.7106 | E109: 0.7112973 | F109: 0.714355 | G109: 0.7176372 | H109: 0.7200856 | I109: 0.721935 | J109: 0.7236945 | K109: 0.725639 | L109: 0.727954 | M109: 0.7307861 | N109: 0.7341193 | O109: 0.7377782 | P109: 0.7415772 | Q109: 0.7451104 | R109: 0.7483466 | S109: 0.7513868 | T109: 0.7543322 | U109: 0.7572839 | V109: 0.7603429 | W109: 0.7635999 | X109: 0.7670851 | Y109: 0.7708078 | Z109: 0.7747774 | AA109: 0.7790029 | AB109: 0.7834936 | AC109: 0.7882541 | AD109: 0.7932637 | AE109: 0.7984935 | AF109: 0.8039142 | AG109: 0.8094969 | AH109: 0.8152125 | AI109: 0.8210319 | AJ109: 0.826926 | AK109: 0.8328658 | AL109: 0.8388223 | AM109: 0.8447662 | AN109: 0.8506687 | AO109: 0.8565047 | AP109: 0.8622692 | AQ109: 0.8679633 | AR109: 0.8735881 | AS109: 0.8791447 | AT109: 0.8846342 | AU109: 0.8900577 | AV109: 0.8954162 | AW109: 0.9007109 | AX109: 0.9059429 | AY109: 0.9111132 | AZ109: 0.9162229 | BA109: 0.9212737 | BB109: 0.9262692 | BC109: 0.931214 | BD109: 0.9361123 | BE109: 0.9409685 | BF109: 0.9457871 | BG109: 0.9505725 | BH109: 0.9553289 | BI109: 0.9600608 | BJ109: 0.9647726 | BK109: 0.9694687 | BL109: 0.9741533 | BM109: #N/A | BN109: #N/A
... A111: =+A106+7 -> 43609 | B111: 20190524 | C111: 0.75 | D111: 0.7086 | E111: 0.7106126 | F111: 0.7116824 | G111: 0.7127025 | H111: 0.7120914 | I111: 0.7098266 | J111: 0.7065684 | K111: 0.7028883 | L111: 0.6993256 | M111: 0.6963006 | N111: 0.6940309 | O111: 0.6926577 | P111: 0.6922935 | Q111: 0.6929382 | R111: 0.6945008 | S111: 0.6968695 | T111: 0.6999323 | U111: 0.7035774 | V111: 0.7076929 | W111: 0.7121748 | X111: 0.71696 | Y111: 0.721998 | Z111: 0.7272387 | AA111: 0.7326316 | AB111: 0.7381266 | AC111: 0.7436797 | AD111: 0.7492744 | AE111: 0.7549021 | AF111: 0.7605539 | AG111: 0.7662212 | AH111: 0.7718953 | AI111: 0.7775674 | AJ111: 0.7832287 | AK111: 0.7888706 | AL111: 0.7944843 | AM111: 0.8000611 | AN111: 0.8055922 | AO111: 0.8110703 | AP111: 0.816494 | AQ111: 0.8218636 | AR111: 0.8271795 | AS111: 0.8324419 | AT111: 0.8376511 | AU111: 0.8428075 | AV111: 0.8479114 | AW111: 0.852963 | AX111: 0.8579627 | AY111: 0.8629107 | AZ111: 0.8678075 | BA111: 0.8726539 | BB111: 0.8774541 | BC111: 0.8822132 | BD111: 0.886936 | BE111: 0.8916277 | BF111: 0.8962931 | BG111: 0.9009373 | BH111: 0.9055653 | BI111: 0.9101821 | BJ111: 0.9147925 | BK111: 0.9194018 | BL111: 0.9240147 | BM111: #N/A | BN111: #N/A
A112: =+A107+7 -> 43612 | B112: 20190527 | C112: 0.75 | D112: #N/A | E112: #N/A | F112: #N/A | G112: #N/A | H112: #N/A | I112: #N/A | J112: #N/A | K112: #N/A | L112: #N/A | M112: #N/A | N112: #N/A | O112: #N/A | P112: #N/A | Q112: #N/A | R112: #N/A | S112: #N/A | T112: #N/A | U112: #N/A | V112: #N/A | W112: #N/A | X112: #N/A | Y112: #N/A | Z112: #N/A | AA112: #N/A | AB112: #N/A | AC112: #N/A | AD112: #N/A | AE112: #N/A | AF112: #N/A | AG112: #N/A | AH112: #N/A | AI112: #N/A | AJ112: #N/A | AK112: #N/A | AL112: #N/A | AM112: #N/A | AN112: #N/A | AO112: #N/A | AP112: #N/A | AQ112: #N/A | AR112: #N/A | AS112: #N/A | AT112: #N/A | AU112: #N/A | AV112: #N/A | AW112: #N/A | AX112: #N/A | AY112: #N/A | AZ112: #N/A | BA112: #N/A | BB112: #N/A | BC112: #N/A | BD112: #N/A | BE112: #N/A | BF112: #N/A | BG112: #N/A | BH112: #N/A | BI112: #N/A | BJ112: #N/A | BK112: #N/A | BL112: #N/A | BM112: #N/A | BN112: #N/A
A113: =+A108+7 -> 43613 | B113: 20190528 | C113: 0.75 | D113: 0.7082 | E113: 0.7106552 | F113: 0.707272 | G113: 0.7017943 | H113: 0.6964806 | I113: 0.693372 | J113: 0.6916799 | K113: 0.6895418 | L113: 0.6859325 | M113: 0.6809954 | N113: 0.6756995 | O113: 0.6711489 | P113: 0.6680788 | Q113: 0.6669306 | R113: 0.667526 | S113: 0.669518 | T113: 0.6725596 | U113: 0.6763035 | V113: 0.6804027 | W113: 0.6845489 | X113: 0.6886762 | Y113: 0.6928128 | Z113: 0.6969867 | AA113: 0.7012263 | AB113: 0.7055598 | AC113: 0.7100107 | AD113: 0.7145807 | AE113: 0.7192659 | AF113: 0.7240624 | AG113: 0.7289662 | AH113: 0.7339733 | AI113: 0.7390797 | AJ113: 0.7442814 | AK113: 0.7495744 | AL113: 0.7549548 | AM113: 0.7604185 | AN113: 0.7659617 | AO113: 0.7715796 | AP113: 0.7772635 | AQ113: 0.7830034 | AR113: 0.7887891 | AS113: 0.7946105 | AT113: 0.8004575 | AU113: 0.8063198 | AV113: 0.8121875 | AW113: 0.8180502 | AX113: 0.823898 | AY113: 0.8297207 | AZ113: 0.835508 | BA113: 0.8412516 | BB113: 0.8469511 | BC113: 0.8526092 | BD113: 0.8582286 | BE113: 0.8638118 | BF113: 0.8693615 | BG113: 0.8748803 | BH113: 0.8803709 | BI113: 0.8858358 | BJ113: 0.8912777 | BK113: 0.8966993 | BL113: 0.9021031 | BM113: #N/A | BN113: #N/A
A114: =+A109+7 -> 43614 | B114: 20190529 | C114: 0.75 | D114: 0.7073 | E114: 0.7093137 | F114: 0.7082266 | G114: 0.7065502 | H114: 0.7031058 | I114: 0.6978882 | J114: 0.6915789 | K114: 0.6849131 | L114: 0.678612 | M114: 0.6731566 | N114: 0.6689299 | O114: 0.6661431 | P114: 0.6648828 | Q114: 0.6649708 | R114: 0.6661585 | S114: 0.6681984 | T114: 0.6708432 | U114: 0.6738455 | V114: 0.6769579 | W114: 0.6799672 | X114: 0.6828542 | Y114: 0.6856678 | Z114: 0.6884569 | AA114: 0.6912706 | AB114: 0.6941578 | AC114: 0.6971619 | AD114: 0.7002932 | AE114: 0.7035497 | AF114: 0.7069293 | AG114: 0.7104301 | AH114: 0.71405 | AI114: 0.7177869 | AJ114: 0.7216389 | AK114: 0.7256039 | AL114: 0.72968 | AM114: 0.7338651 | AN114: 0.7381571 | AO114: 0.7425534 | AP114: 0.7470478 | AQ114: 0.7516328 | AR114: 0.756301 | AS114: 0.7610449 | AT114: 0.7658572 | AU114: 0.7707303 | AV114: 0.7756568 | AW114: 0.7806294 | AX114: 0.7856405 | AY114: 0.7906828 | AZ114: 0.7957487 | BA114: 0.8008318 | BB114: 0.8059303 | BC114: 0.8110438 | BD114: 0.8161716 | BE114: 0.8213136 | BF114: 0.8264691 | BG114: 0.8316377 | BH114: 0.836819 | BI114: 0.8420127 | BJ114: 0.8472181 | BK114: 0.8524349 | BL114: 0.8576626 | BM114: #N/A | BN114: #N/A
A115: =+A110+7 -> 43615 | B115: 20190530 | C115: 0.75 | D115: 0.7085 | E115: 0.7092387 | F115: 0.7072073 | G115: 0.7036664 | H115: 0.6984337 | I115: 0.6929641 | J115: 0.6878762 | K115: 0.6833086 | L115: 0.6793447 | M115: 0.6754866 | N115: 0.6715066 | O115: 0.6676565 | P115: 0.6642702 | Q115: 0.6622817 | R115: 0.6618221 | S115: 0.6626704 | T115: 0.6646053 | U115: 0.6674054 | V115: 0.6708496 | W115: 0.6747355 | X115: 0.6789586 | Y115: 0.6834458 | Z115: 0.6881237 | AA115: 0.6929191 | AB115: 0.6977587 | AC115: 0.7025788 | AD115: 0.707366 | AE115: 0.7121244 | AF115: 0.7168576 | AG115: 0.7215695 | AH115: 0.726264 | AI115: 0.7309449 | AJ115: 0.735616 | AK115: 0.7402811 | AL115: 0.7449442 | AM115: 0.749609 | AN115: 0.7542793 | AO115: 0.7589584 | AP115: 0.7636459 | AQ115: 0.7683407 | AR115: 0.7730415 | AS115: 0.7777469 | AT115: 0.7824558 | AU115: 0.7871669 | AV115: 0.791879 | AW115: 0.7965907 | AX115: 0.8013009 | AY115: 0.8060083 | AZ115: 0.8107116 | BA115: 0.81541 | BB115: 0.8201047 | BC115: 0.8247975 | BD115: 0.8294901 | BE115: 0.8341842 | BF115: 0.8388816 | BG115: 0.8435839 | BH115: 0.848293 | BI115: 0.8530106 | BJ115: 0.8577384 | BK115: 0.8624782 | BL115: 0.8672316 | BM115: #N/A | BN115: #N/A
A116: =+A111+7 -> 43616 | B116: 20190531 | C116: 0.75 | D116: 0.7078 | E116: 0.7076528 | F116: 0.7065778 | G116: 0.7046801 | H116: 0.7012077 | I116: 0.6962828 | J116: 0.6903934 | K116: 0.6840725 | L116: 0.6777512 | M116: 0.6717363 | N116: 0.6662539 | O116: 0.6615138 | P116: 0.657722 | Q116: 0.655118 | R116: 0.6536621 | S116: 0.6532212 | T116: 0.653662 | U116: 0.6548515 | V116: 0.6566565 | W116: 0.6589552 | X116: 0.6616789 | Y116: 0.664774 | Z116: 0.6681869 | AA116: 0.6718641 | AB116: 0.6757522 | AC116: 0.6798031 | AD116: 0.6839962 | AE116: 0.6883192 | AF116: 0.6927597 | AG116: 0.6973054 | AH116: 0.7019438 | AI116: 0.7066626 | AJ116: 0.7114494 | AK116: 0.7162919 | AL116: 0.7211778 | AM116: 0.7260946 | AN116: 0.73103 | AO116: 0.7359734 | AP116: 0.7409222 | AQ116: 0.7458761 | AR116: 0.7508345 | AS116: 0.755797 | AT116: 0.7607634 | AU116: 0.765733 | AV116: 0.7707055 | AW116: 0.7756805 | AX116: 0.7806575 | AY116: 0.7856362 | AZ116: 0.7906161 | BA116: 0.7955966 | BB116: 0.8005763 | BC116: 0.8055538 | BD116: 0.8105274 | BE116: 0.8154955 | BF116: 0.8204567 | BG116: 0.8254092 | BH116: 0.8303516 | BI116: 0.8352823 | BJ116: 0.8401997 | BK116: 0.8451022 | BL116: 0.8499883 | BM116: #N/A | BN116: #N/A
A117: =+A112+7 -> 43619 | B117: 20190603 | C117: 0.75 | D117: 0.7084 | E117: 0.7097025 | F117: 0.7067629 | G117: 0.6985964 | H117: 0.6863865 | I117: 0.67312 | J117: 0.6607348 | K117: 0.6502002 | L117: 0.6415843 | M117: 0.6346259 | N117: 0.6291776 | O117: 0.6252189 | P117: 0.6225575 | Q117: 0.6208575 | R117: 0.6199979 | S117: 0.6199303 | T117: 0.6206065 | U117: 0.6219782 | V117: 0.6239973 | W117: 0.6266117 | X117: 0.6297533 | Y117: 0.633349 | Z117: 0.6373256 | AA117: 0.6416102 | AB117: 0.6461296 | AC117: 0.6508186 | AD117: 0.6556476 | AE117: 0.6605964 | AF117: 0.6656448 | AG117: 0.6707728 | AH117: 0.6759603 | AI117: 0.6811872 | AJ117: 0.6864333 | AK117: 0.6916786 | AL117: 0.696903 | AM117: 0.7020863 | AN117: 0.7072085 | AO117: 0.7122535 | AP117: 0.7172233 | AQ117: 0.7221251 | AR117: 0.7269658 | AS117: 0.7317524 | AT117: 0.736492 | AU117: 0.7411916 | AV117: 0.7458582 | AW117: 0.7504989 | AX117: 0.7551206 | AY117: 0.7597304 | AZ117: 0.7643352 | BA117: 0.7689416 | BB117: 0.7735525 | BC117: 0.7781699 | BD117: 0.7827956 | BE117: 0.7874315 | BF117: 0.7920797 | BG117: 0.7967419 | BH117: 0.80142 | BI117: 0.806116 | BJ117: 0.8108319 | BK117: 0.8155694 | BL117: 0.8203305 | BM117: #N/A | BN117: #N/A
A118: =+A113+7 -> 43620 | B118: 20190604 | C118: 0.75 | D118: 0.7084 | E118: 0.706492 | F118: 0.7083845 | G118: 0.7088022 | H118: 0.7059104 | I118: 0.6989775 | J118: 0.6890979 | K118: 0.6782508 | L118: 0.6681947 | M118: 0.6600897 | N118: 0.6543014 | O118: 0.6507438 | P118: 0.6491457 | Q118: 0.648815 | R118: 0.6494631 | S118: 0.6509563 | T118: 0.6531607 | U118: 0.6559427 | V118: 0.6591684 | W118: 0.6627189 | X118: 0.666543 | Y118: 0.6706092 | Z118: 0.6748863 | AA118: 0.6793428 | AB118: 0.6839472 | AC118: 0.6886716 | AD118: 0.6935023 | AE118: 0.6984299 | AF118: 0.7034447 | AG118: 0.7085373 | AH118: 0.7136981 | AI118: 0.7189176 | AJ118: 0.7241862 | AK118: 0.7294945 | AL118: 0.7348328 | AM118: 0.7401917 | AN118: 0.7455616 | AO118: 0.7509339 | AP118: 0.7563048 | AQ118: 0.7616724 | AR118: 0.7670344 | AS118: 0.7723889 | AT118: 0.7777337 | AU118: 0.7830668 | AV118: 0.7883861 | AW118: 0.7936895 | AX118: 0.798975 | AY118: 0.8042403 | AZ118: 0.8094836 | BA118: 0.8147031 | BB118: 0.8198993 | BC118: 0.8250735 | BD118: 0.8302269 | BE118: 0.8353606 | BF118: 0.8404758 | BG118: 0.8455738 | BH118: 0.8506557 | BI118: 0.8557227 | BJ118: 0.860776 | BK118: 0.8658169 | BL118: 0.8708464 | BM118: #N/A | BN118: #N/A
A119: =+A114+7 -> 43621 | B119: 20190605 | C119: 0.75 | D119: 0.7094 | E119: 0.7071711 | F119: 0.707885 | G119: 0.7066502 | H119: 0.7007634 | I119: 0.6891654 | J119: 0.6736844 | K119: 0.6570095 | L119: 0.641449 | M119: 0.6284479 | N119: 0.6184016 | O119: 0.611214 | P119: 0.6065317 | Q119: 0.6036164 | R119: 0.602147 | S119: 0.6019524 | T119: 0.6028616 | U119: 0.6047034 | V119: 0.607307 | W119: 0.6105143 | X119: 0.6142424 | Y119: 0.6184345 | Z119: 0.6230339 | AA119: 0.6279838 | AB119: 0.6332275 | AC119: 0.6387119 | AD119: 0.6444027 | AE119: 0.650272 | AF119: 0.6562922 | AG119: 0.6624354 | AH119: 0.6686738 | AI119: 0.6749795 | AJ119: 0.6813248 | AK119: 0.6876819 | AL119: 0.6940228 | AM119: 0.7003199 | AN119: 0.7065453 | AO119: 0.7126752 | AP119: 0.7187054 | AQ119: 0.7246374 | AR119: 0.7304729 | AS119: 0.7362137 | AT119: 0.7418613 | AU119: 0.7474174 | AV119: 0.7528836 | AW119: 0.7582617 | AX119: 0.7635533 | AY119: 0.76876 | AZ119: 0.7738835 | BA119: 0.7789261 | BB119: 0.7838933 | BC119: 0.7887914 | BD119: 0.7936264 | BE119: 0.7984048 | BF119: 0.8031327 | BG119: 0.8078165 | BH119: 0.8124623 | BI119: 0.8170765 | BJ119: 0.8216652 | BK119: 0.8262347 | BL119: 0.8307913 | BM119: #N/A | BN119: #N/A
A120: =+A115+7 -> 43622 | B120: 20190606 | C120: 0.75 | D120: 0.7092 | E120: 0.7055852 | F120: 0.7045423 | G120: 0.6993832 | H120: 0.6876761 | I120: 0.6700625 | J120: 0.649732 | K120: 0.6298249 | L120: 0.6121464 | M120: 0.5973208 | N120: 0.5851109 | O120: 0.5751676 | P120: 0.5671349 | Q120: 0.5606767 | R120: 0.5556529 | S120: 0.55199 | T120: 0.5496144 | U120: 0.5484527 | V120: 0.5484312 | W120: 0.5494722 | X120: 0.5514767 | Y120: 0.5543386 | Z120: 0.5579521 | AA120: 0.5622111 | AB120: 0.5670096 | AC120: 0.5722497 | AD120: 0.5778721 | AE120: 0.5838292 | AF120: 0.5900738 | AG120: 0.5965581 | AH120: 0.6032349 | AI120: 0.6100566 | AJ120: 0.6169757 | AK120: 0.6239449 | AL120: 0.6309165 | AM120: 0.6378431 | AN120: 0.6446773 | AO120: 0.6513793 | AP120: 0.6579429 | AQ120: 0.6643715 | AR120: 0.6706683 | AS120: 0.6768366 | AT120: 0.6828797 | AU120: 0.6888008 | AV120: 0.6946032 | AW120: 0.7002902 | AX120: 0.7058651 | AY120: 0.7113311 | AZ120: 0.7166915 | BA120: 0.7219503 | BB120: 0.7271146 | BC120: 0.7321924 | BD120: 0.7371919 | BE120: 0.742121 | BF120: 0.7469877 | BG120: 0.7518 | BH120: 0.7565661 | BI120: 0.7612938 | BJ120: 0.7659913 | BK120: 0.7706665 | BL120: 0.7753275 | BM120: #N/A | BN120: #N/A
A121: =+A116+7 -> 43623 | B121: 20190607 | C121: 0.75 | D121: 0.709 | E121: 0.7046733 | F121: 0.7024244 | G121: 0.6950897 | H121: 0.6812941 | I121: 0.6628066 | J121: 0.6431178 | K121: 0.6250054 | L121: 0.6094887 | M121: 0.5962816 | N121: 0.5847083 | O121: 0.5742173 | P121: 0.5645537 | Q121: 0.555681 | R121: 0.5477192 | S121: 0.5408256 | T121: 0.5351576 | U121: 0.5308725 | V121: 0.5281276 | W121: 0.5270316 | X121: 0.5274669 | Y121: 0.5292503 | Z121: 0.5321986 | AA121: 0.5361287 | AB121: 0.5408575 | AC121: 0.5462191 | AD121: 0.5521238 | AE121: 0.558503 | AF121: 0.5652881 | AG121: 0.5724104 | AH121: 0.5798014 | AI121: 0.5873923 | AJ121: 0.5951146 | AK121: 0.6028996 | AL121: 0.6106788 | AM121: 0.6183834 | AN121: 0.6259448 | AO121: 0.6333061 | AP121: 0.6404613 | AQ121: 0.6474186 | AR121: 0.6541863 | AS121: 0.6607727 | AT121: 0.6671859 | AU121: 0.6734342 | AV121: 0.6795258 | AW121: 0.685469 | AX121: 0.691272 | AY121: 0.6969429 | AZ121: 0.7024902 | BA121: 0.707922 | BB121: 0.7132473 | BC121: 0.7184751 | BD121: 0.7236145 | BE121: 0.7286743 | BF121: 0.7336638 | BG121: 0.7385918 | BH121: 0.7434673 | BI121: 0.7482996 | BJ121: 0.7530974 | BK121: 0.7578699 | BL121: 0.7626261 | BM121: #N/A | BN121: #N/A
A122: =+A117+7 -> 43626 | B122: 20190610 | C122: 0.75 | D122: 0.7082 | E122: 0.7029823 | F122: 0.6990241 | G122: 0.691678 | H122: 0.6810517 | I122: 0.6690652 | J122: 0.657294 | K122: 0.6464092 | L122: 0.6363075 | M122: 0.6266778 | N122: 0.617469 | O122: 0.6087565 | P122: 0.6006032 | Q122: 0.5930207 | R122: 0.586115 | S122: 0.5800236 | T122: 0.5748841 | U122: 0.5708343 | V122: 0.5680118 | W122: 0.5665191 | X122: 0.5662948 | Y122: 0.5672304 | Z122: 0.5692173 | AA122: 0.5721469 | AB122: 0.5759105 | AC122: 0.5804043 | AD122: 0.5855451 | AE122: 0.5912555 | AF122: 0.5974579 | AG122: 0.6040749 | AH122: 0.6110291 | AI122: 0.618243 | AJ122: 0.6256391 | AK122: 0.63314 | AL122: 0.6406682 | AM122: 0.6481464 | AN122: 0.6554969 | AO122: 0.6626552 | AP122: 0.6696138 | AQ122: 0.6763807 | AR122: 0.6829639 | AS122: 0.6893716 | AT122: 0.6956118 | AU122: 0.7016926 | AV122: 0.7076221 | AW122: 0.7134083 | AX122: 0.7190593 | AY122: 0.7245831 | AZ122: 0.729988 | BA122: 0.735282 | BB122: 0.7404739 | BC122: 0.7455728 | BD122: 0.7505875 | BE122: 0.7555272 | BF122: 0.7604008 | BG122: 0.7652173 | BH122: 0.7699857 | BI122: 0.7747149 | BJ122: 0.7794141 | BK122: 0.7840921 | BL122: 0.7887579 | BM122: #N/A | BN122: #N/A
A123: =+A118+7 -> 43627 | B123: 20190611 | C123: 0.75 | D123: 0.7082 | E123: 0.7139076 | F123: 0.7130176 | G123: 0.7101738 | H123: 0.7056446 | I123: 0.6997767 | J123: 0.6928414 | K123: 0.6851872 | L123: 0.6769365 | M123: 0.6680853 | N123: 0.6589324 | O123: 0.649883 | P123: 0.6413348 | Q123: 0.6338406 | R123: 0.627517 | S123: 0.622338 | T123: 0.618278 | U123: 0.6153112 | V123: 0.6134118 | W123: 0.6125415 | X123: 0.6126044 | Y123: 0.6134877 | Z123: 0.6150786 | AA123: 0.6172642 | AB123: 0.619932 | AC123: 0.6229813 | AD123: 0.6263663 | AE123: 0.6300561 | AF123: 0.6340195 | AG123: 0.6382258 | AH123: 0.642644 | AI123: 0.6472432 | AJ123: 0.6519923 | AK123: 0.6568605 | AL123: 0.6618168 | AM123: 0.6668303 | AN123: 0.67187 | AO123: 0.6769085 | AP123: 0.6819376 | AQ123: 0.6869552 | AR123: 0.6919594 | AS123: 0.6969482 | AT123: 0.7019198 | AU123: 0.7068721 | AV123: 0.7118032 | AW123: 0.7167112 | AX123: 0.7215942 | AY123: 0.7264501 | AZ123: 0.7312771 | BA123: 0.7360738 | BB123: 0.7408421 | BC123: 0.745585 | BD123: 0.7503051 | BE123: 0.7550054 | BF123: 0.7596887 | BG123: 0.7643579 | BH123: 0.7690158 | BI123: 0.7736653 | BJ123: 0.7783091 | BK123: 0.7829502 | BL123: 0.7875913 | BM123: #N/A | BN123: #N/A
A124: =+A119+7 -> 43628 | B124: 20190612 | C124: 0.75 | D124: 0.7086 | E124: 0.7095119 | F124: 0.7106105 | G124: 0.7090997 | H124: 0.704243 | I124: 0.6972156 | J124: 0.6899965 | K124: 0.6837468 | L124: 0.6784228 | M124: 0.6734761 | N124: 0.6684933 | O124: 0.6633693 | P124: 0.6582018 | Q124: 0.6533142 | R124: 0.6488191 | S124: 0.6447517 | T124: 0.6411475 | U124: 0.6380419 | V124: 0.6354702 | W124: 0.6334663 | X124: 0.6320544 | Y124: 0.6312558 | Z124: 0.6310914 | AA124: 0.6315824 | AB124: 0.6327498 | AC124: 0.6346052 | AD124: 0.6371087 | AE124: 0.6402031 | AF124: 0.6438314 | AG124: 0.6479365 | AH124: 0.6524611 | AI124: 0.6573481 | AJ124: 0.6625404 | AK124: 0.667981 | AL124: 0.6736125 | AM124: 0.679378 | AN124: 0.6852202 | AO124: 0.6910882 | AP124: 0.6969615 | AQ124: 0.7028286 | AR124: 0.7086781 | AS124: 0.7144986 | AT124: 0.7202786 | AU124: 0.7260068 | AV124: 0.7316718 | AW124: 0.7372621 | AX124: 0.7427664 | AY124: 0.7481731 | AZ124: 0.753471 | BA124: 0.7586515 | BB124: 0.7637189 | BC124: 0.7686811 | BD124: 0.7735458 | BE124: 0.778321 | BF124: 0.7830144 | BG124: 0.7876339 | BH124: 0.7921874 | BI124: 0.7966827 | BJ124: 0.8011275 | BK124: 0.8055299 | BL124: 0.8098975 | BM124: #N/A | BN124: #N/A
... A176: =+A171+7 -> 43700 | B176: 20190823 | C176: 0.75 | D176: 0.7116 | E176: 0.7079499 | F176: 0.6730196 | G176: 0.6295085 | H176: 0.5838414 | I176: 0.5433201 | J176: 0.5114151 | K176: 0.4878819 | L176: 0.4705426 | M176: 0.4569571 | N176: 0.4456879 | O176: 0.4360235 | P176: 0.4277322 | Q176: 0.4208332 | R176: 0.4152228 | S176: 0.4107438 | T176: 0.4072384 | U176: 0.4045493 | V176: 0.4025189 | W176: 0.4009986 | X176: 0.3998848 | Y176: 0.3990886 | Z176: 0.3985208 | AA176: 0.3980924 | AB176: 0.3977144 | AC176: 0.3973122 | AD176: 0.396875 | AE176: 0.3964098 | AF176: 0.3959232 | AG176: 0.3954222 | AH176: 0.3949135 | AI176: 0.3944042 | AJ176: 0.3939009 | AK176: 0.3934105 | AL176: 0.3929399 | AM176: 0.3924959 | AN176: 0.3920854 | AO176: 0.391715 | AP176: 0.3913903 | AQ176: 0.3911168 | AR176: 0.3908998 | AS176: 0.3907448 | AT176: 0.3906571 | AU176: 0.3906421 | AV176: 0.3907053 | AW176: 0.390852 | AX176: 0.3910877 | AY176: 0.3914177 | AZ176: 0.3918474 | BA176: 0.392381 | BB176: 0.3930172 | BC176: 0.393753 | BD176: 0.3945857 | BE176: 0.3955124 | BF176: 0.3965302 | BG176: 0.3976363 | BH176: 0.3988278 | BI176: 0.4001019 | BJ176: 0.4014557 | BK176: 0.4028864 | BL176: 0.4043911 | BM176: #N/A | BN176: #N/A
A177: =+A172+7 -> 43703 | B177: 20190826 | C177: 0.75 | D177: #N/A | E177: #N/A | F177: #N/A | G177: #N/A | H177: #N/A | I177: #N/A | J177: #N/A | K177: #N/A | L177: #N/A | M177: #N/A | N177: #N/A | O177: #N/A | P177: #N/A | Q177: #N/A | R177: #N/A | S177: #N/A | T177: #N/A | U177: #N/A | V177: #N/A | W177: #N/A | X177: #N/A | Y177: #N/A | Z177: #N/A | AA177: #N/A | AB177: #N/A | AC177: #N/A | AD177: #N/A | AE177: #N/A | AF177: #N/A | AG177: #N/A | AH177: #N/A | AI177: #N/A | AJ177: #N/A | AK177: #N/A | AL177: #N/A | AM177: #N/A | AN177: #N/A | AO177: #N/A | AP177: #N/A | AQ177: #N/A | AR177: #N/A | AS177: #N/A | AT177: #N/A | AU177: #N/A | AV177: #N/A | AW177: #N/A | AX177: #N/A | AY177: #N/A | AZ177: #N/A | BA177: #N/A | BB177: #N/A | BC177: #N/A | BD177: #N/A | BE177: #N/A | BF177: #N/A | BG177: #N/A | BH177: #N/A | BI177: #N/A | BJ177: #N/A | BK177: #N/A | BL177: #N/A | BM177: #N/A | BN177: #N/A
A178: =+A173+7 -> 43704 | B178: 20190827 | C178: 0.75 | D178: 0.7107 | E178: 0.706058 | F178: 0.6683778 | G178: 0.6235261 | H178: 0.578708 | I178: 0.5392291 | J178: 0.5072404 | K178: 0.4826318 | L178: 0.4637495 | M178: 0.4490249 | N178: 0.4374362 | O178: 0.4284573 | P178: 0.4218144 | Q178: 0.4174655 | R178: 0.4149004 | S178: 0.413456 | T178: 0.4124692 | U178: 0.4112768 | V178: 0.4092158 | W178: 0.4057249 | X178: 0.4008828 | Y178: 0.3950151 | Z178: 0.3884483 | AA178: 0.3815085 | AB178: 0.3745222 | AC178: 0.3677686 | AD178: 0.361319 | AE178: 0.3551874 | AF178: 0.3493878 | AG178: 0.3439341 | AH178: 0.3388404 | AI178: 0.3341206 | AJ178: 0.3297888 | AK178: 0.3258588 | AL178: 0.3223448 | AM178: 0.3192605 | AN178: 0.3166202 | AO178: 0.3144326 | AP178: 0.3126769 | AQ178: 0.311321 | AR178: 0.3103329 | AS178: 0.3096807 | AT178: 0.3093322 | AU178: 0.3092556 | AV178: 0.3094186 | AW178: 0.3097895 | AX178: 0.310336 | AY178: 0.3110263 | AZ178: 0.3118282 | BA178: 0.3127137 | BB178: 0.3136753 | BC178: 0.3147128 | BD178: 0.3158257 | BE178: 0.3170137 | BF178: 0.3182763 | BG178: 0.3196132 | BH178: 0.3210241 | BI178: 0.3225085 | BJ178: 0.3240661 | BK178: 0.3256966 | BL178: 0.3273994 | BM178: #N/A | BN178: #N/A
A179: =+A174+7 -> 43705 | B179: 20190828 | C179: 0.75 | D179: 0.7113 | E179: 0.7108981 | F179: 0.6671327 | G179: 0.6133212 | H179: 0.5612137 | I179: 0.5174203 | J179: 0.4831579 | K179: 0.4572551 | L179: 0.4375473 | M179: 0.4216951 | N179: 0.4082559 | O179: 0.3966031 | P179: 0.3865261 | Q179: 0.3779949 | R179: 0.3708263 | S179: 0.3647834 | T179: 0.3596296 | U179: 0.355128 | V179: 0.3510419 | W179: 0.3471592 | X179: 0.3434073 | Y179: 0.3397624 | Z179: 0.3362012 | AA179: 0.3327001 | AB179: 0.3292355 | AC179: 0.3257877 | AD179: 0.3223583 | AE179: 0.3189574 | AF179: 0.3155947 | AG179: 0.3122803 | AH179: 0.3090239 | AI179: 0.3058354 | AJ179: 0.3027248 | AK179: 0.2997019 | AL179: 0.2967766 | AM179: 0.2939588 | AN179: 0.2912583 | AO179: 0.2886841 | AP179: 0.2862394 | AQ179: 0.2839255 | AR179: 0.281744 | AS179: 0.2796963 | AT179: 0.2777836 | AU179: 0.2760075 | AV179: 0.2743693 | AW179: 0.2728705 | AX179: 0.2715125 | AY179: 0.2702966 | AZ179: 0.2692243 | BA179: 0.2682965 | BB179: 0.2675122 | BC179: 0.2668694 | BD179: 0.2663664 | BE179: 0.2660014 | BF179: 0.2657725 | BG179: 0.2656779 | BH179: 0.2657159 | BI179: 0.2658847 | BJ179: 0.2661823 | BK179: 0.2666071 | BL179: 0.2671572 | BM179: #N/A | BN179: #N/A
A180: =+A175+7 -> 43706 | B180: 20190829 | C180: 0.75 | D180: 0.7101 | E180: 0.7103073 | F180: 0.6659145 | G180: 0.6115204 | H180: 0.5592669 | I180: 0.5155307 | J180: 0.481552 | K180: 0.4560015 | L180: 0.4365314 | M180: 0.420535 | N180: 0.4064435 | O180: 0.3936703 | P180: 0.3821547 | Q180: 0.3724601 | R180: 0.3645938 | S180: 0.3582907 | T180: 0.3532854 | U180: 0.3493124 | V180: 0.3461061 | W180: 0.3434221 | X180: 0.3411238 | Y180: 0.339109 | Z180: 0.3372755 | AA180: 0.3355212 | AB180: 0.3337438 | AC180: 0.3318556 | AD180: 0.3298477 | AE180: 0.3277368 | AF180: 0.3255403 | AG180: 0.3232752 | AH180: 0.3209585 | AI180: 0.3186075 | AJ180: 0.3162391 | AK180: 0.3138704 | AL180: 0.3115187 | AM180: 0.309201 | AN180: 0.3069343 | AO180: 0.3047343 | AP180: 0.3026091 | AQ180: 0.3005649 | AR180: 0.2986075 | AS180: 0.2967429 | AT180: 0.2949772 | AU180: 0.2933162 | AV180: 0.2917661 | AW180: 0.2903327 | AX180: 0.2890221 | AY180: 0.2878403 | AZ180: 0.2867932 | BA180: 0.2858857 | BB180: 0.2851176 | BC180: 0.2844876 | BD180: 0.2839941 | BE180: 0.2836358 | BF180: 0.283411 | BG180: 0.2833183 | BH180: 0.2833563 | BI180: 0.2835235 | BJ180: 0.2838184 | BK180: 0.2842395 | BL180: 0.2847854 | BM180: #N/A | BN180: #N/A
A181: =+A176+7 -> 43707 | B181: 20190830 | C181: 0.75 | D181: 0.7103 | E181: 0.7105771 | F181: 0.666953 | G181: 0.6111285 | H181: 0.5565038 | I181: 0.5105793 | J181: 0.475766 | K181: 0.4514974 | L181: 0.4348328 | M181: 0.4223595 | N181: 0.4119643 | O181: 0.4026112 | P181: 0.3939687 | Q181: 0.386176 | R181: 0.3793337 | S181: 0.3734955 | T181: 0.368715 | U181: 0.365046 | V181: 0.3625423 | W181: 0.361214 | X181: 0.3608492 | Y181: 0.3611646 | Z181: 0.3618771 | AA181: 0.3627035 | AB181: 0.3633606 | AC181: 0.3636088 | AD181: 0.3634211 | AE181: 0.3628348 | AF181: 0.3618874 | AG181: 0.3606166 | AH181: 0.3590597 | AI181: 0.3572543 | AJ181: 0.3552379 | AK181: 0.353048 | AL181: 0.3507221 | AM181: 0.3482977 | AN181: 0.3458123 | AO181: 0.343301 | AP181: 0.3407888 | AQ181: 0.3382978 | AR181: 0.3358499 | AS181: 0.3334673 | AT181: 0.331172 | AU181: 0.3289861 | AV181: 0.3269316 | AW181: 0.3250306 | AX181: 0.3233052 | AY181: 0.3217774 | AZ181: 0.3204692 | BA181: 0.3193979 | BB181: 0.3185592 | BC181: 0.3179429 | BD181: 0.3175386 | BE181: 0.3173363 | BF181: 0.3173257 | BG181: 0.3174966 | BH181: 0.3178387 | BI181: 0.3183419 | BJ181: 0.3189958 | BK181: 0.3197904 | BL181: 0.3207153 | BM181: #N/A | BN181: #N/A
A182: =+A177+7 -> 43710 | B182: 20190902 | C182: 0.75 | D182: 0.7091 | E182: 0.7099331 | F182: 0.6564805 | G182: 0.5946392 | H182: 0.5404963 | I182: 0.4967118 | J182: 0.4612507 | K182: 0.4330499 | L182: 0.4102612 | M182: 0.3915212 | N182: 0.3757971 | O182: 0.3626571 | P182: 0.3517856 | Q182: 0.3430348 | R182: 0.3361155 | S182: 0.3306807 | T182: 0.3263834 | U182: 0.3228764 | V182: 0.3198127 | W182: 0.3169031 | X182: 0.3140783 | Y182: 0.3113213 | Z182: 0.3086153 | AA182: 0.3059432 | AB182: 0.3032882 | AC182: 0.3006374 | AD182: 0.2979952 | AE182: 0.2953713 | AF182: 0.2927749 | AG182: 0.2902156 | AH182: 0.2877027 | AI182: 0.2852458 | AJ182: 0.2828542 | AK182: 0.2805374 | AL182: 0.2783048 | AM182: 0.2761659 | AN182: 0.2741301 | AO182: 0.2722056 | AP182: 0.2703948 | AQ182: 0.2686987 | AR182: 0.2671182 | AS182: 0.2656542 | AT182: 0.2643077 | AU182: 0.2630796 | AV182: 0.2619708 | AW182: 0.2609823 | AX182: 0.260115 | AY182: 0.2593698 | AZ182: 0.2587477 | BA182: 0.2582493 | BB182: 0.2578738 | BC182: 0.2576199 | BD182: 0.2574864 | BE182: 0.257472 | BF182: 0.2575754 | BG182: 0.2577953 | BH182: 0.2581305 | BI182: 0.2585797 | BJ182: 0.2591415 | BK182: 0.2598148 | BL182: 0.2605983 | BM182: #N/A | BN182: #N/A
A183: =+A178+7 -> 43711 | B183: 20190903 | C183: 0.75 | D183: 0.7099 | E183: 0.7059204 | F183: 0.6497503 | G183: 0.5880182 | H183: 0.5354106 | I183: 0.4929654 | J183: 0.4578815 | K183: 0.4289715 | L183: 0.4047808 | M183: 0.3842282 | N183: 0.3663885 | O183: 0.3507632 | P183: 0.3370031 | Q183: 0.3247859 | R183: 0.3139989 | S183: 0.3045898 | T183: 0.2965062 | U183: 0.2896957 | V183: 0.2841059 | W183: 0.2796638 | X183: 0.276217 | Y183: 0.2735945 | Z183: 0.2716252 | AA183: 0.2701379 | AB183: 0.2689616 | AC183: 0.2679484 | AD183: 0.2670522 | AE183: 0.2662551 | AF183: 0.2655393 | AG183: 0.2648868 | AH183: 0.26428 | AI183: 0.2637008 | AJ183: 0.2631314 | AK183: 0.262554 | AL183: 0.2619506 | AM183: 0.2613034 | AN183: 0.2605946 | AO183: 0.2598104 | AP183: 0.258959 | AQ183: 0.2580561 | AR183: 0.2571175 | AS183: 0.2561589 | AT183: 0.2551958 | AU183: 0.2542441 | AV183: 0.2533194 | AW183: 0.2524375 | AX183: 0.2516139 | AY183: 0.2508644 | AZ183: 0.2502048 | BA183: 0.2496486 | BB183: 0.2492 | BC183: 0.2488599 | BD183: 0.2486296 | BE183: 0.2485099 | BF183: 0.2485021 | BG183: 0.2486072 | BH183: 0.2488263 | BI183: 0.2491604 | BJ183: 0.2496107 | BK183: 0.2501781 | BL183: 0.2508638 | BM183: #N/A | BN183: #N/A
A184: =+A179+7 -> 43712 | B184: 20190904 | C184: 0.75 | D184: 0.7095 | E184: 0.7039639 | F184: 0.6573352 | G184: 0.6058461 | H184: 0.560635 | I184: 0.522206 | J184: 0.489425 | K184: 0.4630522 | L184: 0.4424345 | M184: 0.4264395 | N184: 0.4138066 | O184: 0.4035854 | P184: 0.3951195 | Q184: 0.3876539 | R184: 0.3809474 | S184: 0.3749236 | T184: 0.3695058 | U184: 0.3646178 | V184: 0.360183 | W184: 0.3561322 | X184: 0.3524232 | Y184: 0.3490203 | Z184: 0.3458881 | AA184: 0.3429907 | AB184: 0.3402926 | AC184: 0.3377618 | AD184: 0.3353859 | AE184: 0.333159 | AF184: 0.3310753 | AG184: 0.3291289 | AH184: 0.327314 | AI184: 0.3256248 | AJ184: 0.3240554 | AK184: 0.3226 | AL184: 0.3212527 | AM184: 0.3200077 | AN184: 0.3188592 | AO184: 0.3178024 | AP184: 0.3168381 | AQ184: 0.3159686 | AR184: 0.3151963 | AS184: 0.3145237 | AT184: 0.313953 | AU184: 0.3134867 | AV184: 0.3131272 | AW184: 0.3128768 | AX184: 0.3127379 | AY184: 0.3127129 | AZ184: 0.3128041 | BA184: 0.3130132 | BB184: 0.313338 | BC184: 0.3137755 | BD184: 0.3143224 | BE184: 0.3149758 | BF184: 0.3157325 | BG184: 0.3165894 | BH184: 0.3175433 | BI184: 0.3185913 | BJ184: 0.3197301 | BK184: 0.3209567 | BL184: 0.322268 | BM184: #N/A | BN184: #N/A
A185: =+A180+7 -> 43713 | B185: 20190905 | C185: 0.75 | D185: 0.7099 | E185: 0.7046639 | F185: 0.6710131 | G185: 0.634525 | H185: 0.6029768 | I185: 0.5757639 | J185: 0.5510302 | K185: 0.5291591 | L185: 0.5106624 | M185: 0.4955433 | N185: 0.4833349 | O185: 0.4735024 | P185: 0.465548 | Q185: 0.4588773 | R185: 0.4532202 | S185: 0.4484315 | T185: 0.4443661 | U185: 0.4408792 | V185: 0.4378256 | W185: 0.4350819 | X185: 0.4326066 | Y185: 0.4303779 | Z185: 0.4283737 | AA185: 0.426572 | AB185: 0.424951 | AC185: 0.4234909 | AD185: 0.422182 | AE185: 0.4210181 | AF185: 0.4199928 | AG185: 0.4190997 | AH185: 0.4183324 | AI185: 0.4176847 | AJ185: 0.41715 | AK185: 0.4167222 | AL185: 0.4163947 | AM185: 0.4161612 | AN185: 0.4160154 | AO185: 0.415952 | AP185: 0.415971 | AQ185: 0.4160736 | AR185: 0.416261 | AS185: 0.4165346 | AT185: 0.4168956 | AU185: 0.4173453 | AV185: 0.4178849 | AW185: 0.4185158 | AX185: 0.4192392 | AY185: 0.4200564 | AZ185: 0.4209687 | BA185: 0.421977 | BB185: 0.423081 | BC185: 0.42428 | BD185: 0.4255733 | BE185: 0.4269601 | BF185: 0.4284398 | BG185: 0.4300117 | BH185: 0.431675 | BI185: 0.4334291 | BJ185: 0.4352732 | BK185: 0.4372066 | BL185: 0.4392286 | BM185: #N/A | BN185: #N/A
A186: =+A181+7 -> 43714 | B186: 20190906 | C186: 0.75 | D186: 0.7098 | E186: 0.7037414 | F186: 0.6710403 | G186: 0.6346608 | H186: 0.6019476 | I186: 0.5721681 | J186: 0.5442233 | K186: 0.519057 | L186: 0.4972053 | M186: 0.4785852 | N186: 0.4628465 | O186: 0.4495053 | P186: 0.4381776 | Q186: 0.4284377 | R186: 0.4200411 | S186: 0.4128088 | T186: 0.4065617 | U186: 0.4011211 | V186: 0.3963079 | W186: 0.3919571 | X186: 0.3879691 | Y186: 0.3842629 | Z186: 0.3807577 | AA186: 0.3773726 | AB186: 0.3740267 | AC186: 0.3706546 | AD186: 0.3672594 | AE186: 0.3638628 | AF186: 0.3604866 | AG186: 0.3571528 | AH186: 0.3538831 | AI186: 0.3506993 | AJ186: 0.3476234 | AK186: 0.3446772 | AL186: 0.3418824 | AM186: 0.3392609 | AN186: 0.3368346 | AO186: 0.3346219 | AP186: 0.3326265 | AQ186: 0.3308479 | AR186: 0.3292857 | AS186: 0.3279396 | AT186: 0.3268089 | AU186: 0.3258933 | AV186: 0.3251924 | AW186: 0.3247057 | AX186: 0.3244328 | AY186: 0.3243732 | AZ186: 0.3245266 | BA186: 0.3248912 | BB186: 0.3254605 | BC186: 0.3262261 | BD186: 0.32718 | BE186: 0.3283141 | BF186: 0.3296202 | BG186: 0.3310901 | BH186: 0.3327157 | BI186: 0.3344889 | BJ186: 0.3364015 | BK186: 0.3384453 | BL186: 0.3406122 | BM186: #N/A | BN186: #N/A
A187: =+A182+7 -> 43717 | B187: 20190909 | C187: 0.75 | D187: 0.7096 | E187: 0.7074848 | F187: 0.6869869 | G187: 0.6576906 | H187: 0.6248964 | I187: 0.5943755 | J187: 0.5685926 | K187: 0.5477924 | L187: 0.5309857 | M187: 0.5173102 | N187: 0.5059628 | O187: 0.4964513 | P187: 0.4883239 | Q187: 0.481127 | R187: 0.474691 | S187: 0.4689295 | T187: 0.4637563 | U187: 0.459085 | V187: 0.4548292 | W187: 0.4509103 | X187: 0.4472787 | Y187: 0.4438921 | Z187: 0.4407079 | AA187: 0.4376837 | AB187: 0.4347768 | AC187: 0.4319524 | AD187: 0.429208 | AE187: 0.4265504 | AF187: 0.4239864 | AG187: 0.4215226 | AH187: 0.419166 | AI187: 0.4169232 | AJ187: 0.4148009 | AK187: 0.4128059 | AL187: 0.4109451 | AM187: 0.409225 | AN187: 0.4076525 | AO187: 0.4062337 | AP187: 0.4049724 | AQ187: 0.4038715 | AR187: 0.4029341 | AS187: 0.4021632 | AT187: 0.4015618 | AU187: 0.4011329 | AV187: 0.4008795 | AW187: 0.4008047 | AX187: 0.4009114 | AY187: 0.4012026 | AZ187: 0.4016814 | BA187: 0.4023497 | BB187: 0.4032029 | BC187: 0.4042344 | BD187: 0.4054378 | BE187: 0.4068065 | BF187: 0.4083339 | BG187: 0.4100134 | BH187: 0.4118385 | BI187: 0.4138026 | BJ187: 0.4158992 | BK187: 0.4181216 | BL187: 0.4204634 | BM187: #N/A | BN187: #N/A
A188: =+A183+7 -> 43718 | B188: 20190910 | C188: 0.75 | D188: 0.7087 | E188: 0.7080145 | F188: 0.6938222 | G188: 0.672186 | H188: 0.6461093 | I188: 0.6199763 | J188: 0.5963788 | K188: 0.5763541 | L188: 0.5598477 | M188: 0.5467736 | N188: 0.5367246 | O188: 0.5293816 | P188: 0.5242642 | Q188: 0.5206708 | R188: 0.5181993 | S188: 0.5165496 | T188: 0.5154213 | U188: 0.5145141 | V188: 0.5135278 | W188: 0.5122206 | X188: 0.5105737 | Y188: 0.5086212 | Z188: 0.5063973 | AA188: 0.5039363 | AB188: 0.5012723 | AC188: 0.4984394 | AD188: 0.4954713 | AE188: 0.4924018 | AF188: 0.4892645 | AG188: 0.4860932 | AH188: 0.4829214 | AI188: 0.4797829 | AJ188: 0.4767113 | AK188: 0.4737403 | AL188: 0.4709036 | AM188: 0.4682349 | AN188: 0.4657679 | AO188: 0.4635318 | AP188: 0.4615328 | AQ188: 0.4597689 | AR188: 0.4582385 | AS188: 0.4569396 | AT188: 0.4558706 | AU188: 0.4550295 | AV188: 0.4544145 | AW188: 0.4540239 | AX188: 0.4538558 | AY188: 0.4539085 | AZ188: 0.45418 | BA188: 0.4546678 | BB188: 0.4553646 | BC188: 0.456262 | BD188: 0.4573514 | BE188: 0.4586243 | BF188: 0.4600723 | BG188: 0.4616868 | BH188: 0.4634594 | BI188: 0.4653816 | BJ188: 0.4674448 | BK188: 0.4696405 | BL188: 0.4719603 | BM188: #N/A | BN188: #N/A
A189: =+A184+7 -> 43719 | B189: 20190911 | C189: 0.75 | D189: 0.7091 | E189: 0.7061658 | F189: 0.6841168 | G189: 0.6615918 | H189: 0.6419963 | I189: 0.6238087 | J189: 0.6061782 | K189: 0.59014 | L189: 0.5765105 | M189: 0.5655194 | N189: 0.5568983 | O189: 0.5502409 | P189: 0.5451601 | Q189: 0.5410797 | R189: 0.5377277 | S189: 0.5349382 | T189: 0.532545 | U189: 0.5303823 | V189: 0.528284 | W189: 0.5261162 | X189: 0.5238667 | Y189: 0.5215524 | Z189: 0.5191901 | AA189: 0.5167968 | AB189: 0.5143893 | AC189: 0.5119834 | AD189: 0.5095895 | AE189: 0.5072158 | AF189: 0.5048708 | AG189: 0.5025629 | AH189: 0.5003004 | AI189: 0.4980917 | AJ189: 0.4959452 | AK189: 0.4938693 | AL189: 0.4918724 | AM189: 0.4899628 | AN189: 0.488149 | AO189: 0.4864386 | AP189: 0.484836 | AQ189: 0.4833444 | AR189: 0.4819673 | AS189: 0.4807079 | AT189: 0.4795695 | AU189: 0.4785555 | AV189: 0.4776692 | AW189: 0.4769138 | AX189: 0.4762928 | AY189: 0.4758094 | AZ189: 0.475467 | BA189: 0.4752681 | BB189: 0.4752125 | BC189: 0.475299 | BD189: 0.4755263 | BE189: 0.4758933 | BF189: 0.4763989 | BG189: 0.4770418 | BH189: 0.4778209 | BI189: 0.4787351 | BJ189: 0.479783 | BK189: 0.4809636 | BL189: 0.4822757 | BM189: #N/A | BN189: #N/A
... A263: =+A258+7 -> 43823 | B263: 20191224 | C263: 0.75 | D263: 0.7094 | E263: 0.7045723 | F263: 0.6962383 | G263: 0.6826256 | H263: 0.6647923 | I263: 0.6455625 | J263: 0.6275146 | K263: 0.6118675 | L263: 0.5987478 | M263: 0.5880104 | N263: 0.5794062 | O263: 0.5727411 | P263: 0.5679727 | Q263: 0.5650459 | R263: 0.5637573 | S263: 0.563865 | T263: 0.5651271 | U263: 0.5673016 | V263: 0.5701466 | W263: 0.5734473 | X263: 0.5771028 | Y263: 0.5810421 | Z263: 0.5851943 | AA263: 0.5894886 | AB263: 0.5938538 | AC263: 0.5982289 | AD263: 0.6025956 | AE263: 0.6069473 | AF263: 0.6112777 | AG263: 0.6155803 | AH263: 0.6198487 | AI263: 0.6240764 | AJ263: 0.628257 | AK263: 0.6323841 | AL263: 0.6364512 | AM263: 0.6404519 | AN263: 0.6443797 | AO263: 0.6482296 | AP263: 0.6520061 | AQ263: 0.6557172 | AR263: 0.6593712 | AS263: 0.6629764 | AT263: 0.6665408 | AU263: 0.6700728 | AV263: 0.6735804 | AW263: 0.677072 | AX263: 0.6805557 | AY263: 0.6840397 | AZ263: 0.6875323 | BA263: 0.6910405 | BB263: 0.6945652 | BC263: 0.6981049 | BD263: 0.7016581 | BE263: 0.7052233 | BF263: 0.708799 | BG263: 0.7123837 | BH263: 0.7159759 | BI263: 0.7195741 | BJ263: 0.7231767 | BK263: 0.7267824 | BL263: 0.7303895 | BM263: #N/A | BN263: #N/A
A264: =+A259+7 -> 43824 | B264: 20191225 | C264: 0.75 | D264: #N/A | E264: #N/A | F264: #N/A | G264: #N/A | H264: #N/A | I264: #N/A | J264: #N/A | K264: #N/A | L264: #N/A | M264: #N/A | N264: #N/A | O264: #N/A | P264: #N/A | Q264: #N/A | R264: #N/A | S264: #N/A | T264: #N/A | U264: #N/A | V264: #N/A | W264: #N/A | X264: #N/A | Y264: #N/A | Z264: #N/A | AA264: #N/A | AB264: #N/A | AC264: #N/A | AD264: #N/A | AE264: #N/A | AF264: #N/A | AG264: #N/A | AH264: #N/A | AI264: #N/A | AJ264: #N/A | AK264: #N/A | AL264: #N/A | AM264: #N/A | AN264: #N/A | AO264: #N/A | AP264: #N/A | AQ264: #N/A | AR264: #N/A | AS264: #N/A | AT264: #N/A | AU264: #N/A | AV264: #N/A | AW264: #N/A | AX264: #N/A | AY264: #N/A | AZ264: #N/A | BA264: #N/A | BB264: #N/A | BC264: #N/A | BD264: #N/A | BE264: #N/A | BF264: #N/A | BG264: #N/A | BH264: #N/A | BI264: #N/A | BJ264: #N/A | BK264: #N/A | BL264: #N/A | BM264: #N/A | BN264: #N/A
A265: =+A260+7 -> 43825 | B265: 20191226 | C265: 0.75 | D265: #N/A | E265: #N/A | F265: #N/A | G265: #N/A | H265: #N/A | I265: #N/A | J265: #N/A | K265: #N/A | L265: #N/A | M265: #N/A | N265: #N/A | O265: #N/A | P265: #N/A | Q265: #N/A | R265: #N/A | S265: #N/A | T265: #N/A | U265: #N/A | V265: #N/A | W265: #N/A | X265: #N/A | Y265: #N/A | Z265: #N/A | AA265: #N/A | AB265: #N/A | AC265: #N/A | AD265: #N/A | AE265: #N/A | AF265: #N/A | AG265: #N/A | AH265: #N/A | AI265: #N/A | AJ265: #N/A | AK265: #N/A | AL265: #N/A | AM265: #N/A | AN265: #N/A | AO265: #N/A | AP265: #N/A | AQ265: #N/A | AR265: #N/A | AS265: #N/A | AT265: #N/A | AU265: #N/A | AV265: #N/A | AW265: #N/A | AX265: #N/A | AY265: #N/A | AZ265: #N/A | BA265: #N/A | BB265: #N/A | BC265: #N/A | BD265: #N/A | BE265: #N/A | BF265: #N/A | BG265: #N/A | BH265: #N/A | BI265: #N/A | BJ265: #N/A | BK265: #N/A | BL265: #N/A | BM265: #N/A | BN265: #N/A
A266: =+A261+7 -> 43826 | B266: 20191227 | C266: 0.75 | D266: 0.71 | E266: 0.7136544 | F266: 0.6953149 | G266: 0.6799667 | H266: 0.6653818 | I266: 0.6518222 | J266: 0.6400405 | K266: 0.6299026 | L266: 0.6209601 | M266: 0.6128194 | N266: 0.6053003 | O266: 0.5984569 | P266: 0.5924892 | Q266: 0.587762 | R266: 0.5843296 | S266: 0.5821201 | T266: 0.5810618 | U266: 0.5810827 | V266: 0.582111 | W266: 0.5840632 | X266: 0.5868012 | Y266: 0.5901713 | Z266: 0.5940196 | AA266: 0.5981925 | AB266: 0.6025361 | AC266: 0.6069136 | AD266: 0.6112795 | AE266: 0.615619 | AF266: 0.6199171 | AG266: 0.6241591 | AH266: 0.6283299 | AI266: 0.6324148 | AJ266: 0.636399 | AK266: 0.6402674 | AL266: 0.6440053 | AM266: 0.6475978 | AN266: 0.6510301 | AO266: 0.6542909 | AP266: 0.6573874 | AQ266: 0.6603323 | AR266: 0.6631381 | AS266: 0.6658176 | AT266: 0.6683833 | AU266: 0.670848 | AV266: 0.6732241 | AW266: 0.6755245 | AX266: 0.6777616 | AY266: 0.6799483 | AZ266: 0.682097 | BA266: 0.6842195 | BB266: 0.6863225 | BC266: 0.6884118 | BD266: 0.6904929 | BE266: 0.6925716 | BF266: 0.6946534 | BG266: 0.696744 | BH266: 0.6988489 | BI266: 0.700974 | BJ266: 0.7031246 | BK266: 0.7053066 | BL266: 0.7075256 | BM266: #N/A | BN266: #N/A
A267: =+A262+7 -> 43829 | B267: 20191230 | C267: 0.75 | D267: 0.7107 | E267: 0.7131832 | F267: 0.6937905 | G267: 0.6780731 | H267: 0.6640853 | I267: 0.651997 | J267: 0.6422303 | K267: 0.6343859 | L267: 0.6278056 | M267: 0.62221 | N267: 0.6174882 | O267: 0.6136827 | P267: 0.6109071 | Q267: 0.6093141 | R267: 0.6088978 | S267: 0.609603 | T267: 0.6113745 | U267: 0.6141571 | V267: 0.6178953 | W267: 0.622519 | X267: 0.6278942 | Y267: 0.6338707 | Z267: 0.6402978 | AA267: 0.6470253 | AB267: 0.6539025 | AC267: 0.6607995 | AD267: 0.6676755 | AE267: 0.6745146 | AF267: 0.6813011 | AG267: 0.688019 | AH267: 0.6946523 | AI267: 0.7011853 | AJ267: 0.707602 | AK267: 0.7138865 | AL267: 0.720023 | AM267: 0.7259955 | AN267: 0.7317882 | AO267: 0.7373893 | AP267: 0.7428054 | AQ267: 0.7480482 | AR267: 0.7531293 | AS267: 0.7580604 | AT267: 0.7628532 | AU267: 0.7675192 | AV267: 0.7720703 | AW267: 0.7765179 | AX267: 0.7808739 | AY267: 0.7851498 | AZ267: 0.7893573 | BA267: 0.7935071 | BB267: 0.7976052 | BC267: 0.8016552 | BD267: 0.8056612 | BE267: 0.809627 | BF267: 0.8135563 | BG267: 0.8174533 | BH267: 0.8213216 | BI267: 0.8251651 | BJ267: 0.8289878 | BK267: 0.8327935 | BL267: 0.8365861 | BM267: #N/A | BN267: #N/A
A268: =+A263+7 -> 43830 | B268: 20191231 | C268: 0.75 | D268: 0.7098 | E268: 0.704574 | F268: 0.6899871 | G268: 0.674398 | H268: 0.6570204 | I268: 0.6401441 | J268: 0.6254549 | K268: 0.6128895 | L268: 0.6016647 | M268: 0.5915258 | N268: 0.582666 | O268: 0.5755539 | P268: 0.5707829 | Q268: 0.5689163 | R268: 0.5698498 | S268: 0.5732871 | T268: 0.578932 | U268: 0.5864879 | V268: 0.5956588 | W268: 0.6061075 | X268: 0.617343 | Y268: 0.6288371 | Z268: 0.6400618 | AA268: 0.6504891 | AB268: 0.6595911 | AC268: 0.6669488 | AD268: 0.6726255 | AE268: 0.6768174 | AF268: 0.6797208 | AG268: 0.6815318 | AH268: 0.6824468 | AI268: 0.6826618 | AJ268: 0.6823732 | AK268: 0.6817772 | AL268: 0.68107 | AM268: 0.6804478 | AN268: 0.6801069 | AO268: 0.6802233 | AP268: 0.6808532 | AQ268: 0.6820086 | AR268: 0.6837012 | AS268: 0.685943 | AT268: 0.6887458 | AU268: 0.6921215 | AV268: 0.6960818 | AW268: 0.7006388 | AX268: 0.7058041 | AY268: 0.7115897 | AZ268: 0.7180075 | BA268: 0.7250597 | BB268: 0.7326975 | BC268: 0.7408548 | BD268: 0.7494654 | BE268: 0.7584634 | BF268: 0.7677826 | BG268: 0.7773569 | BH268: 0.7871203 | BI268: 0.7970066 | BJ268: 0.8069497 | BK268: 0.8168836 | BL268: 0.8267422 | BM268: #N/A | BN268: #N/A
A269: =+A264+7 -> 43831 | B269: 20200101 | C269: 0.75 | D269: #N/A | E269: #N/A | F269: #N/A | G269: #N/A | H269: #N/A | I269: #N/A | J269: #N/A | K269: #N/A | L269: #N/A | M269: #N/A | N269: #N/A | O269: #N/A | P269: #N/A | Q269: #N/A | R269: #N/A | S269: #N/A | T269: #N/A | U269: #N/A | V269: #N/A | W269: #N/A | X269: #N/A | Y269: #N/A | Z269: #N/A | AA269: #N/A | AB269: #N/A | AC269: #N/A | AD269: #N/A | AE269: #N/A | AF269: #N/A | AG269: #N/A | AH269: #N/A | AI269: #N/A | AJ269: #N/A | AK269: #N/A | AL269: #N/A | AM269: #N/A | AN269: #N/A | AO269: #N/A | AP269: #N/A | AQ269: #N/A | AR269: #N/A | AS269: #N/A | AT269: #N/A | AU269: #N/A | AV269: #N/A | AW269: #N/A | AX269: #N/A | AY269: #N/A | AZ269: #N/A | BA269: #N/A | BB269: #N/A | BC269: #N/A | BD269: #N/A | BE269: #N/A | BF269: #N/A | BG269: #N/A | BH269: #N/A | BI269: #N/A | BJ269: #N/A | BK269: #N/A | BL269: #N/A | BM269: #N/A | BN269: #N/A
A270: =+A265+7 -> 43832 | B270: 20200102 | C270: 0.75 | D270: 0.7125 | E270: 0.7034224 | F270: 0.6909451 | G270: 0.6747515 | H270: 0.6551756 | I270: 0.6359188 | J270: 0.6194742 | K270: 0.6062368 | L270: 0.5955666 | M270: 0.5869173 | N270: 0.5799811 | O270: 0.5746606 | P270: 0.5708755 | Q270: 0.5684818 | R270: 0.5673551 | S270: 0.5673835 | T270: 0.5684552 | U270: 0.5704583 | V270: 0.5732809 | W270: 0.5768096 | X270: 0.5809253 | Y270: 0.5855075 | Z270: 0.5904356 | AA270: 0.595589 | AB270: 0.6008472 | AC270: 0.6061034 | AD270: 0.6113234 | AE270: 0.6164977 | AF270: 0.621617 | AG270: 0.6266717 | AH270: 0.6316524 | AI270: 0.6365496 | AJ270: 0.6413537 | AK270: 0.6460554 | AL270: 0.6506451 | AM270: 0.6551134 | AN270: 0.6594507 | AO270: 0.6636506 | AP270: 0.6677205 | AQ270: 0.6716724 | AR270: 0.6755181 | AS270: 0.6792694 | AT270: 0.6829383 | AU270: 0.6865365 | AV270: 0.690076 | AW270: 0.6935686 | AX270: 0.6970262 | AY270: 0.7004607 | AZ270: 0.7038838 | BA270: 0.7073063 | BB270: 0.7107328 | BC270: 0.7141668 | BD270: 0.7176113 | BE270: 0.7210698 | BF270: 0.7245455 | BG270: 0.7280415 | BH270: 0.7315613 | BI270: 0.735108 | BJ270: 0.7386849 | BK270: 0.7422953 | BL270: 0.7459424 | BM270: #N/A | BN270: #N/A
A271: =+A266+7 -> 43833 | B271: 20200103 | C271: 0.75 | D271: 0.711 | E271: 0.6995832 | F271: 0.6841334 | G271: 0.6657019 | H271: 0.6436878 | I271: 0.6218766 | J271: 0.6029688 | K271: 0.5873297 | L271: 0.5746734 | M271: 0.5647154 | N271: 0.5570332 | O271: 0.5511829 | P271: 0.5468667 | Q271: 0.5438089 | R271: 0.5418857 | S271: 0.5410237 | T271: 0.5411497 | U271: 0.5421903 | V271: 0.5440722 | W271: 0.5467143 | X271: 0.5499991 | Y271: 0.5537987 | Z271: 0.5579853 | AA271: 0.5624307 | AB271: 0.5670073 | AC271: 0.5716023 | AD271: 0.5761791 | AE271: 0.5807235 | AF271: 0.5852216 | AG271: 0.5896595 | AH271: 0.5940232 | AI271: 0.5982988 | AJ271: 0.6024722 | AK271: 0.6065295 | AL271: 0.6104569 | AM271: 0.6142402 | AN271: 0.6178656 | AO271: 0.6213233 | AP271: 0.6246219 | AQ271: 0.6277752 | AR271: 0.630797 | AS271: 0.633701 | AT271: 0.6365009 | AU271: 0.6392106 | AV271: 0.6418437 | AW271: 0.6444141 | AX271: 0.6469354 | AY271: 0.6494215 | AZ271: 0.6518861 | BA271: 0.6543416 | BB271: 0.6567937 | BC271: 0.6592468 | BD271: 0.661705 | BE271: 0.6641725 | BF271: 0.6666534 | BG271: 0.669152 | BH271: 0.6716724 | BI271: 0.6742187 | BJ271: 0.6767952 | BK271: 0.6794061 | BL271: 0.6820555 | BM271: #N/A | BN271: #N/A
A272: =+A267+7 -> 43836 | B272: 20200106 | C272: 0.75 | D272: 0.7124 | E272: 0.7017855 | F272: 0.6909359 | G272: 0.6758281 | H272: 0.6569008 | I272: 0.6383733 | J272: 0.6227407 | K272: 0.6100753 | L272: 0.5998277 | M272: 0.5916939 | N272: 0.5852876 | O272: 0.5803559 | P272: 0.5766989 | Q272: 0.5741076 | R272: 0.572502 | S272: 0.5718406 | T272: 0.5720824 | U272: 0.573186 | V272: 0.5751103 | W272: 0.5777971 | X272: 0.5811246 | Y272: 0.5849557 | Z272: 0.5891533 | AA272: 0.5935804 | AB272: 0.5980997 | AC272: 0.6025933 | AD272: 0.6070268 | AE272: 0.6113889 | AF272: 0.6156686 | AG272: 0.6198545 | AH272: 0.6239355 | AI272: 0.6279005 | AJ272: 0.6317381 | AK272: 0.6354372 | AL272: 0.6389867 | AM272: 0.6423752 | AN272: 0.6455917 | AO272: 0.6486291 | AP272: 0.6514993 | AQ272: 0.6542194 | AR272: 0.6568063 | AS272: 0.6592771 | AT272: 0.6616489 | AU272: 0.6639386 | AV272: 0.6661633 | AW272: 0.66834 | AX272: 0.6704857 | AY272: 0.6726176 | AZ272: 0.6747525 | BA272: 0.6769059 | BB272: 0.6790848 | BC272: 0.6812932 | BD272: 0.683535 | BE272: 0.6858142 | BF272: 0.688135 | BG272: 0.6905013 | BH272: 0.6929172 | BI272: 0.6953866 | BJ272: 0.6979136 | BK272: 0.7005022 | BL272: 0.7031565 | BM272: #N/A | BN272: #N/A
A273: =+A268+7 -> 43837 | B273: 20200107 | C273: 0.75 | D273: 0.712 | E273: 0.7012664 | F273: 0.6916228 | G273: 0.6780007 | H273: 0.6602214 | I273: 0.6420175 | J273: 0.6259973 | K273: 0.6127415 | L273: 0.602173 | M273: 0.5941719 | N273: 0.5883692 | O273: 0.5843775 | P273: 0.5819159 | Q273: 0.5806316 | R273: 0.58035 | S273: 0.5809579 | T273: 0.5823421 | U273: 0.5843893 | V273: 0.5869864 | W273: 0.5900257 | X273: 0.5934206 | Y273: 0.5970894 | Z273: 0.6009505 | AA273: 0.6049225 | AB273: 0.6089236 | AC273: 0.6128836 | AD273: 0.6167825 | AE273: 0.6206141 | AF273: 0.6243721 | AG273: 0.6280502 | AH273: 0.6316424 | AI273: 0.6351423 | AJ273: 0.6385437 | AK273: 0.6418405 | AL273: 0.6450263 | AM273: 0.6480949 | AN273: 0.6510402 | AO273: 0.6538581 | AP273: 0.6565564 | AQ273: 0.6591468 | AR273: 0.6616411 | AS273: 0.6640509 | AT273: 0.6663881 | AU273: 0.6686644 | AV273: 0.6708916 | AW273: 0.6730812 | AX273: 0.6752452 | AY273: 0.6773953 | AZ273: 0.6795431 | BA273: 0.6816996 | BB273: 0.683871 | BC273: 0.6860624 | BD273: 0.6882788 | BE273: 0.6905252 | BF273: 0.6928065 | BG273: 0.6951278 | BH273: 0.6974941 | BI273: 0.6999104 | BJ273: 0.7023816 | BK273: 0.7049128 | BL273: 0.7075089 | BM273: #N/A | BN273: #N/A
A274: =+A269+7 -> 43838 | B274: 20200108 | C274: 0.75 | D274: 0.7124 | E274: 0.6979136 | F274: 0.6889148 | G274: 0.6776385 | H274: 0.6634891 | I274: 0.6488827 | J274: 0.6355758 | K274: 0.6240835 | L274: 0.6146854 | M274: 0.6076416 | N274: 0.6028313 | O274: 0.5999856 | P274: 0.5987876 | Q274: 0.5987868 | R274: 0.5997514 | S274: 0.601524 | T274: 0.6039473 | U274: 0.606864 | V274: 0.6101168 | W274: 0.6135704 | X274: 0.617173 | Y274: 0.6208927 | Z274: 0.6246976 | AA274: 0.6285557 | AB274: 0.6324353 | AC274: 0.6363074 | AD274: 0.6401588 | AE274: 0.6439818 | AF274: 0.6477687 | AG274: 0.6515116 | AH274: 0.6552029 | AI274: 0.6588348 | AJ274: 0.6623994 | AK274: 0.6658891 | AL274: 0.669296 | AM274: 0.6726124 | AN274: 0.6758306 | AO274: 0.6789448 | AP274: 0.6819594 | AQ274: 0.6848818 | AR274: 0.6877193 | AS274: 0.6904794 | AT274: 0.6931695 | AU274: 0.6957968 | AV274: 0.698369 | AW274: 0.7008933 | AX274: 0.7033771 | AY274: 0.7058278 | AZ274: 0.7082529 | BA274: 0.7106595 | BB274: 0.713054 | BC274: 0.7154425 | BD274: 0.7178312 | BE274: 0.7202262 | BF274: 0.7226337 | BG274: 0.7250597 | BH274: 0.7275105 | BI274: 0.7299922 | BJ274: 0.7325108 | BK274: 0.7350726 | BL274: 0.7376837 | BM274: #N/A | BN274: #N/A
A275: =+A270+7 -> 43839 | B275: 20200109 | C275: 0.75 | D275: 0.7123 | E275: 0.6879084 | F275: 0.6690394 | G275: 0.6479183 | H275: 0.6250877 | I275: 0.6047522 | J275: 0.5892663 | K275: 0.5785331 | L275: 0.5714956 | M275: 0.5672233 | N275: 0.5649448 | O275: 0.56414 | P275: 0.5644052 | Q275: 0.5653256 | R275: 0.5667765 | S275: 0.5687381 | T275: 0.5711909 | U275: 0.5741151 | V275: 0.5774912 | W275: 0.5812939 | X275: 0.585477 | Y275: 0.5899889 | Z275: 0.5947782 | AA275: 0.5997935 | AB275: 0.6049833 | AC275: 0.6102995 | AD275: 0.6157099 | AE275: 0.6211873 | AF275: 0.6267045 | AG275: 0.6322342 | AH275: 0.637749 | AI275: 0.6432219 | AJ275: 0.6486255 | AK275: 0.6539325 | AL275: 0.6591158 | AM275: 0.664148 | AN275: 0.6690019 | AO275: 0.6736565 | AP275: 0.678118 | AQ275: 0.6824004 | AR275: 0.6865174 | AS275: 0.690483 | AT275: 0.694311 | AU275: 0.6980153 | AV275: 0.7016097 | AW275: 0.7051081 | AX275: 0.7085243 | AY275: 0.7118723 | AZ275: 0.7151659 | BA275: 0.7184176 | BB275: 0.7216344 | BC275: 0.7248217 | BD275: 0.7279849 | BE275: 0.7311293 | BF275: 0.7342602 | BG275: 0.7373832 | BH275: 0.7405035 | BI275: 0.7436265 | BJ275: 0.7467576 | BK275: 0.7499022 | BL275: 0.7530656 | BM275: #N/A | BN275: #N/A
A276: =+A271+7 -> 43840 | B276: 20200110 | C276: 0.75 | D276: 0.7117 | E276: 0.6665999 | F276: 0.6423434 | G276: 0.618075 | H276: 0.5928828 | I276: 0.5703152 | J276: 0.5523809 | K276: 0.5385679 | L276: 0.5279077 | M276: 0.5198821 | N276: 0.5141709 | O276: 0.5104503 | P276: 0.5084386 | Q276: 0.5077037 | R276: 0.508052 | S276: 0.5093815 | T276: 0.5115905 | U276: 0.514577 | V276: 0.5182393 | W276: 0.52248 | X276: 0.527223 | Y276: 0.5323985 | Z276: 0.5379363 | AA276: 0.5437666 | AB276: 0.5498194 | AC276: 0.5560301 | AD276: 0.5623579 | AE276: 0.5687684 | AF276: 0.5752273 | AG276: 0.5817002 | AH276: 0.5881529 | AI276: 0.5945511 | AJ276: 0.6008603 | AK276: 0.6070462 | AL276: 0.6130746 | AM276: 0.6189112 | AN276: 0.6245215 | AO276: 0.6298787 | AP276: 0.6349887 | AQ276: 0.6398664 | AR276: 0.6445268 | AS276: 0.6489847 | AT276: 0.6532552 | AU276: 0.6573532 | AV276: 0.6612936 | AW276: 0.6650913 | AX276: 0.6687613 | AY276: 0.6723185 | AZ276: 0.6757779 | BA276: 0.6791533 | BB276: 0.6824541 | BC276: 0.6856882 | BD276: 0.6888638 | BE276: 0.6919889 | BF276: 0.6950714 | BG276: 0.6981195 | BH276: 0.7011411 | BI276: 0.7041444 | BJ276: 0.7071372 | BK276: 0.7101278 | BL276: 0.713124 | BM276: #N/A | BN276: #N/A
A277: =+A272+7 -> 43843 | B277: 20200113 | C277: 0.75 | D277: 0.7107 | E277: 0.60355 | F277: 0.5774263 | G277: 0.5508074 | H277: 0.5247374 | I277: 0.5031568 | J277: 0.4874666 | K277: 0.4765445 | L277: 0.4687868 | M277: 0.4633266 | N277: 0.4596803 | O277: 0.4576888 | P277: 0.4572079 | Q277: 0.4580089 | R277: 0.45993 | S277: 0.4628353 | T277: 0.4665888 | U277: 0.4710547 | V277: 0.476097 | W277: 0.4815918 | X277: 0.4874607 | Y277: 0.493636 | Z277: 0.50005 | AA277: 0.5066351 | AB277: 0.5133237 | AC277: 0.5200555 | AD277: 0.5268029 | AE277: 0.5335472 | AF277: 0.5402699 | AG277: 0.5469522 | AH277: 0.5535754 | AI277: 0.5601211 | AJ277: 0.5665705 | AK277: 0.5729049 | AL277: 0.5791059 | AM277: 0.5851546 | AN277: 0.5910324 | AO277: 0.5967248 | AP277: 0.602235 | AQ277: 0.6075713 | AR277: 0.6127417 | AS277: 0.6177546 | AT277: 0.622618 | AU277: 0.6273403 | AV277: 0.6319295 | AW277: 0.6363939 | AX277: 0.6407416 | AY277: 0.644981 | AZ277: 0.64912 | BA277: 0.6531671 | BB277: 0.6571313 | BC277: 0.6610215 | BD277: 0.664847 | BE277: 0.6686169 | BF277: 0.6723403 | BG277: 0.6760263 | BH277: 0.6796842 | BI277: 0.683323 | BJ277: 0.6869518 | BK277: 0.6905799 | BL277: 0.6942163 | BM277: #N/A | BN277: #N/A
A278: =+A273+7 -> 43844 | B278: 20200114 | C278: 0.75 | D278: 0.7111 | E278: 0.6037085 | F278: 0.5846113 | G278: 0.5617043 | H278: 0.5372941 | I278: 0.5159665 | J278: 0.4994714 | K278: 0.4870935 | L278: 0.4776165 | M278: 0.4703763 | N278: 0.4650002 | O278: 0.4612998 | P278: 0.4591882 | Q278: 0.4584688 | R278: 0.4589839 | S278: 0.4605988 | T278: 0.4631786 | U278: 0.4665886 | V278: 0.4706939 | W278: 0.4753682 | X278: 0.4805169 | Y278: 0.4860535 | Z278: 0.4918911 | AA278: 0.4979428 | AB278: 0.5041221 | AC278: 0.5103527 | AD278: 0.516606 | AE278: 0.5228663 | AF278: 0.5291178 | AG278: 0.535345 | AH278: 0.541532 | AI278: 0.5476632 | AJ278: 0.5537229 | AK278: 0.5596955 | AL278: 0.5655651 | AM278: 0.5713162 | AN278: 0.576933 | AO278: 0.5824026 | AP278: 0.5877265 | AQ278: 0.5929111 | AR278: 0.5979629 | AS278: 0.6028884 | AT278: 0.6076939 | AU278: 0.612386 | AV278: 0.616971 | AW278: 0.6214554 | AX278: 0.6258457 | AY278: 0.6301484 | AZ278: 0.6343697 | BA278: 0.6385163 | BB278: 0.6425949 | BC278: 0.6466123 | BD278: 0.6505753 | BE278: 0.6544907 | BF278: 0.6583653 | BG278: 0.6622061 | BH278: 0.6660197 | BI278: 0.669813 | BJ278: 0.6735927 | BK278: 0.6773659 | BL278: 0.6811391 | BM278: #N/A | BN278: #N/A
A279: =+A274+7 -> 43845 | B279: 20200115 | C279: 0.75 | D279: 0.7125 | E279: 0.5475212 | F279: 0.531055 | G279: 0.5076778 | H279: 0.4808091 | I279: 0.4562805 | J279: 0.4367846 | K279: 0.421998 | L279: 0.4107888 | M279: 0.4023216 | N279: 0.3960064 | O279: 0.3915424 | P279: 0.3887555 | Q279: 0.3874112 | R279: 0.3873406 | S279: 0.3884009 | T279: 0.3904492 | U279: 0.3933425 | V279: 0.3969381 | W279: 0.401107 | X279: 0.4057743 | Y279: 0.4108778 | Z279: 0.4163552 | AA279: 0.4221442 | AB279: 0.4281826 | AC279: 0.4344118 | AD279: 0.4407934 | AE279: 0.4472953 | AF279: 0.4538857 | AG279: 0.4605327 | AH279: 0.4672043 | AI279: 0.4738687 | AJ279: 0.480494 | AK279: 0.4870482 | AL279: 0.4934995 | AM279: 0.4998159 | AN279: 0.5059656 | AO279: 0.5119223 | AP279: 0.5176873 | AQ279: 0.5232702 | AR279: 0.5286807 | AS279: 0.5339284 | AT279: 0.5390231 | AU279: 0.5439743 | AV279: 0.5487918 | AW279: 0.5534851 | AX279: 0.5580639 | AY279: 0.5625379 | AZ279: 0.5669168 | BA279: 0.57121 | BB279: 0.575426 | BC279: 0.5795732 | BD279: 0.58366 | BE279: 0.5876946 | BF279: 0.5916853 | BG279: 0.5956406 | BH279: 0.5995687 | BI279: 0.603478 | BJ279: 0.6073767 | BK279: 0.6112733 | BL279: 0.6151759 | BM279: #N/A | BN279: #N/A
A280: =+A275+7 -> 43846 | B280: 20200116 | C280: 0.75 | D280: 0.7117 | E280: 0.5592081 | F280: 0.5462805 | G280: 0.5206118 | H280: 0.4899138 | I280: 0.4624012 | J280: 0.4411774 | K280: 0.4258686 | L280: 0.4149964 | M280: 0.407341 | N280: 0.4019789 | O280: 0.3983901 | P280: 0.3962077 | Q280: 0.3950158 | R280: 0.3946545 | S280: 0.3950613 | T280: 0.3961736 | U280: 0.3979289 | V280: 0.4002646 | W280: 0.4031229 | X280: 0.4064643 | Y280: 0.4102533 | Z280: 0.4144548 | AA280: 0.4190332 | AB280: 0.4239534 | AC280: 0.4291797 | AD280: 0.4346749 | AE280: 0.4404013 | AF280: 0.4463213 | AG280: 0.4523972 | AH280: 0.4585913 | AI280: 0.464866 | AJ280: 0.4711837 | AK280: 0.4775065 | AL280: 0.4837969 | AM280: 0.4900173 | AN280: 0.4961299 | AO280: 0.5021035 | AP280: 0.5079355 | AQ280: 0.5136309 | AR280: 0.5191949 | AS280: 0.5246327 | AT280: 0.5299493 | AU280: 0.53515 | AV280: 0.5402398 | AW280: 0.5452238 | AX280: 0.5501074 | AY280: 0.5548954 | AZ280: 0.5595932 | BA280: 0.5642062 | BB280: 0.5687409 | BC280: 0.5732046 | BD280: 0.5776043 | BE280: 0.5819469 | BF280: 0.5862397 | BG280: 0.5904897 | BH280: 0.5947038 | BI280: 0.5988893 | BJ280: 0.603053 | BK280: 0.6072022 | BL280: 0.6113439 | BM280: #N/A | BN280: #N/A
A281: =+A276+7 -> 43847 | B281: 20200117 | C281: 0.75 | D281: 0.712 | E281: 0.5328439 | F281: 0.5209737 | G281: 0.4970383 | H281: 0.468501 | I281: 0.4429554 | J281: 0.4232214 | K281: 0.408935 | L281: 0.3988746 | M281: 0.3920029 | N281: 0.3875191 | O281: 0.3848109 | P281: 0.3834452 | Q281: 0.3829356 | R281: 0.3830893 | S281: 0.3838162 | T281: 0.3850265 | U281: 0.3866302 | V281: 0.3885374 | W281: 0.3906778 | X281: 0.393071 | Y281: 0.3957633 | Z281: 0.3988006 | AA281: 0.4022289 | AB281: 0.4060943 | AC281: 0.4104288 | AD281: 0.4152024 | AE281: 0.420368 | AF281: 0.4258784 | AG281: 0.4316866 | AH281: 0.4377456 | AI281: 0.4440081 | AJ281: 0.4504272 | AK281: 0.4569557 | AL281: 0.4635465 | AM281: 0.4701525 | AN281: 0.4767267 | AO281: 0.4832284 | AP281: 0.4896457 | AQ281: 0.4959744 | AR281: 0.5022106 | AS281: 0.5083502 | AT281: 0.514389 | AU281: 0.5203231 | AV281: 0.5261484 | AW281: 0.5318607 | AX281: 0.5374561 | AY281: 0.5429305 | AZ281: 0.5482797 | BA281: 0.5535018 | BB281: 0.5586032 | BC281: 0.5635929 | BD281: 0.5684798 | BE281: 0.5732728 | BF281: 0.5779808 | BG281: 0.5826128 | BH281: 0.5871777 | BI281: 0.5916845 | BJ281: 0.596142 | BK281: 0.6005592 | BL281: 0.604945 | BM281: #N/A | BN281: #N/A
... A340: =+A335+7 -> 43930 | B340: 20200409 | C340: 0.1 | D340: 0.066 | E340: 0.0743562 | F340: 0.0779693 | G340: 0.0796764 | H340: 0.0805949 | I340: 0.0817316 | J340: 0.0836286 | K340: 0.0866642 | L340: 0.0911461 | M340: 0.0969483 | N340: 0.1036391 | O340: 0.1106686 | P340: 0.1175399 | Q340: 0.1236619 | R340: 0.1290043 | S340: 0.1336954 | T340: 0.1378632 | U340: 0.1416357 | V340: 0.1451411 | W340: 0.1484986 | X340: 0.1517817 | Y340: 0.1550493 | Z340: 0.1583606 | AA340: 0.1617745 | AB340: 0.16535 | AC340: 0.1691349 | AD340: 0.1731222 | AE340: 0.1772883 | AF340: 0.1816097 | AG340: 0.1860627 | AH340: 0.1906238 | AI340: 0.1952693 | AJ340: 0.1999757 | AK340: 0.2047194 | AL340: 0.2094767 | AM340: 0.2142241 | AN340: 0.2189379 | AO340: 0.2235967 | AP340: 0.2281888 | AQ340: 0.2327054 | AR340: 0.2371381 | AS340: 0.2414781 | AT340: 0.2457169 | AU340: 0.2498457 | AV340: 0.253856 | AW340: 0.2577391 | AX340: 0.2614864 | AY340: 0.2650892 | AZ340: 0.2685389 | BA340: 0.2718301 | BB340: 0.274971 | BC340: 0.2779738 | BD340: 0.2808507 | BE340: 0.2836139 | BF340: 0.2862755 | BG340: 0.2888476 | BH340: 0.2913425 | BI340: 0.2937723 | BJ340: 0.2961492 | BK340: 0.2984853 | BL340: 0.3007928 | BM340: #N/A | BN340: #N/A
A341: =+A336+7 -> 43931 | B341: 20200410 | C341: 0.1 | D341: #N/A | E341: #N/A | F341: #N/A | G341: #N/A | H341: #N/A | I341: #N/A | J341: #N/A | K341: #N/A | L341: #N/A | M341: #N/A | N341: #N/A | O341: #N/A | P341: #N/A | Q341: #N/A | R341: #N/A | S341: #N/A | T341: #N/A | U341: #N/A | V341: #N/A | W341: #N/A | X341: #N/A | Y341: #N/A | Z341: #N/A | AA341: #N/A | AB341: #N/A | AC341: #N/A | AD341: #N/A | AE341: #N/A | AF341: #N/A | AG341: #N/A | AH341: #N/A | AI341: #N/A | AJ341: #N/A | AK341: #N/A | AL341: #N/A | AM341: #N/A | AN341: #N/A | AO341: #N/A | AP341: #N/A | AQ341: #N/A | AR341: #N/A | AS341: #N/A | AT341: #N/A | AU341: #N/A | AV341: #N/A | AW341: #N/A | AX341: #N/A | AY341: #N/A | AZ341: #N/A | BA341: #N/A | BB341: #N/A | BC341: #N/A | BD341: #N/A | BE341: #N/A | BF341: #N/A | BG341: #N/A | BH341: #N/A | BI341: #N/A | BJ341: #N/A | BK341: #N/A | BL341: #N/A | BM341: #N/A | BN341: #N/A
A342: =+A337+7 -> 43934 | B342: 20200413 | C342: 0.1 | D342: #N/A | E342: #N/A | F342: #N/A | G342: #N/A | H342: #N/A | I342: #N/A | J342: #N/A | K342: #N/A | L342: #N/A | M342: #N/A | N342: #N/A | O342: #N/A | P342: #N/A | Q342: #N/A | R342: #N/A | S342: #N/A | T342: #N/A | U342: #N/A | V342: #N/A | W342: #N/A | X342: #N/A | Y342: #N/A | Z342: #N/A | AA342: #N/A | AB342: #N/A | AC342: #N/A | AD342: #N/A | AE342: #N/A | AF342: #N/A | AG342: #N/A | AH342: #N/A | AI342: #N/A | AJ342: #N/A | AK342: #N/A | AL342: #N/A | AM342: #N/A | AN342: #N/A | AO342: #N/A | AP342: #N/A | AQ342: #N/A | AR342: #N/A | AS342: #N/A | AT342: #N/A | AU342: #N/A | AV342: #N/A | AW342: #N/A | AX342: #N/A | AY342: #N/A | AZ342: #N/A | BA342: #N/A | BB342: #N/A | BC342: #N/A | BD342: #N/A | BE342: #N/A | BF342: #N/A | BG342: #N/A | BH342: #N/A | BI342: #N/A | BJ342: #N/A | BK342: #N/A | BL342: #N/A | BM342: #N/A | BN342: #N/A
A343: =+A338+7 -> 43935 | B343: 20200414 | C343: 0.1 | D343: 0.0635 | E343: 0.0708223 | F343: 0.0776021 | G343: 0.0831012 | H343: 0.0868773 | I343: 0.0895613 | J343: 0.09217 | K343: 0.095529 | L343: 0.1000561 | M343: 0.105759 | N343: 0.1122752 | O343: 0.1190998 | P343: 0.125754 | Q343: 0.1315238 | R343: 0.1363952 | S343: 0.1405626 | T343: 0.1442199 | U343: 0.1475615 | V343: 0.1507813 | W343: 0.1540508 | X343: 0.157446 | Y343: 0.161018 | Z343: 0.1648175 | AA343: 0.1688957 | AB343: 0.1733034 | AC343: 0.1780759 | AD343: 0.1831858 | AE343: 0.1885897 | AF343: 0.1942445 | AG343: 0.2001071 | AH343: 0.2061341 | AI343: 0.2122825 | AJ343: 0.218509 | AK343: 0.2247704 | AL343: 0.2310236 | AM343: 0.2372253 | AN343: 0.2433323 | AO343: 0.2493092 | AP343: 0.2551514 | AQ343: 0.2608619 | AR343: 0.2664438 | AS343: 0.2719002 | AT343: 0.2772343 | AU343: 0.2824491 | AV343: 0.2875478 | AW343: 0.2925334 | AX343: 0.297409 | AY343: 0.3021777 | AZ343: 0.3068427 | BA343: 0.3114068 | BB343: 0.3158718 | BC343: 0.3202393 | BD343: 0.3245108 | BE343: 0.3286877 | BF343: 0.3327717 | BG343: 0.3367642 | BH343: 0.3406668 | BI343: 0.3444809 | BJ343: 0.3482081 | BK343: 0.3518499 | BL343: 0.3554079 | BM343: #N/A | BN343: #N/A
...

Sheet HAVERM
B1: 195101 !M | C1: AGG(R112RD@INTDAILY,EOP)
B2: .DESC | C2: United Kingdom: Official Bank Rate (%)
B3: .T1 | C3: Jan-1953 <- 01-Jan-1953
B4: .TN | C4: Mar-2024 <- 17-Apr-2024
B5: .LSOURCE | C5: Bank of England
B6: .DTLM | C6: Apr-17-2024 13:57
A7: 18629 | B7: 195101 | C7: #N/A
A8: 18660 | B8: 195102 | C8: #N/A
A9: 18688 | B9: 195103 | C9: #N/A
A10: 18719 | B10: 195104 | C10: #N/A
A11: 18749 | B11: 195105 | C11: #N/A
A12: 18780 | B12: 195106 | C12: #N/A
A13: 18810 | B13: 195107 | C13: #N/A
A14: 18841 | B14: 195108 | C14: #N/A
A15: 18872 | B15: 195109 | C15: #N/A
A16: 18902 | B16: 195110 | C16: #N/A
A17: 18933 | B17: 195111 | C17: #N/A
A18: 18963 | B18: 195112 | C18: #N/A
... A30: 19329 | B30: 195212 | C30: #N/A
A31: 19360 | B31: 195301 | C31: 4
A32: 19391 | B32: 195302 | C32: 4
A33: 19419 | B33: 195303 | C33: 4
A34: 19450 | B34: 195304 | C34: 4
A35: 19480 | B35: 195305 | C35: 4
A36: 19511 | B36: 195306 | C36: 4
A37: 19541 | B37: 195307 | C37: 4
A38: 19572 | B38: 195308 | C38: 4
A39: 19603 | B39: 195309 | C39: 3.5
A40: 19633 | B40: 195310 | C40: 3.5
A41: 19664 | B41: 195311 | C41: 3.5
A42: 19694 | B42: 195312 | C42: 3.5
... A885: 45352 | B885: 202403 | C885: 5.25

Sheet Data
D1: =GMW!C2 -> APR017I
D2: UK
D3: RCBEOP
D4: GBR
D5: L
C6: =C318+5 -> 2289 | D6: {=_xlfn.CONCAT(INDEX(GMW!$A$2:$LR$200,MATCH(1,(GMW!$LQ$2:$LQ$200=D$3)*(GMW!$LP$2:$LP$200=D$4),0),$C6-1966),"0",(INDEX(GMW!$A$2:$LR$200,MATCH(1,(GMW!$LQ$2:$LQ$200=D$3)*(GMW!$LP$2:$LP$200=D$4),0),$C6-1965)))} -> 202401
A7: 26665 | B7: 1973 | C7: 1973 | D7: {=INDEX(GMW!$A$2:$LR$200,MATCH(1,(GMW!$LQ$2:$LQ$200=D$3)*(GMW!$LP$2:$LP$200=D$4),0),$C7-1966)} -> 8.5
A8: 26755 | C8: =+C7+1 -> 1974 | D8: {=INDEX(GMW!$A$2:$LR$200,MATCH(1,(GMW!$LQ$2:$LQ$200=D$3)*(GMW!$LP$2:$LP$200=D$4),0),$C8-1966)} -> 7.5
A9: 26846 | C9: =+C8+1 -> 1975 | D9: {=INDEX(GMW!$A$2:$LR$200,MATCH(1,(GMW!$LQ$2:$LQ$200=D$3)*(GMW!$LP$2:$LP$200=D$4),0),$C9-1966)} -> 11.5
A10: 26938 | C10: =+C9+1 -> 1976 | D10: {=INDEX(GMW!$A$2:$LR$200,MATCH(1,(GMW!$LQ$2:$LQ$200=D$3)*(GMW!$LP$2:$LP$200=D$4),0),$C10-1966)} -> 13
A11: 27030 | B11: 1974 | C11: =+C10+1 -> 1977 | D11: {=INDEX(GMW!$A$2:$LR$200,MATCH(1,(GMW!$LQ$2:$LQ$200=D$3)*(GMW!$LP$2:$LP$200=D$4),0),$C11-1966)} -> 12.5
A12: 27120 | C12: =+C11+1 -> 1978 | D12: {=INDEX(GMW!$A$2:$LR$200,MATCH(1,(GMW!$LQ$2:$LQ$200=D$3)*(GMW!$LP$2:$LP$200=D$4),0),$C12-1966)} -> 11.75
A13: 27211 | C13: =+C12+1 -> 1979 | D13: {=INDEX(GMW!$A$2:$LR$200,MATCH(1,(GMW!$LQ$2:$LQ$200=D$3)*(GMW!$LP$2:$LP$200=D$4),0),$C13-1966)} -> 11.5
A14: 27303 | C14: =+C13+1 -> 1980 | D14: {=INDEX(GMW!$A$2:$LR$200,MATCH(1,(GMW!$LQ$2:$LQ$200=D$3)*(GMW!$LP$2:$LP$200=D$4),0),$C14-1966)} -> 11.5
A15: 27395 | B15: 1975 | C15: =+C14+1 -> 1981 | D15: {=INDEX(GMW!$A$2:$LR$200,MATCH(1,(GMW!$LQ$2:$LQ$200=D$3)*(GMW!$LP$2:$LP$200=D$4),0),$C15-1966)} -> 10
A16: 27485 | C16: =+C15+1 -> 1982 | D16: {=INDEX(GMW!$A$2:$LR$200,MATCH(1,(GMW!$LQ$2:$LQ$200=D$3)*(GMW!$LP$2:$LP$200=D$4),0),$C16-1966)} -> 10
A17: 27576 | C17: =+C16+1 -> 1983 | D17: {=INDEX(GMW!$A$2:$LR$200,MATCH(1,(GMW!$LQ$2:$LQ$200=D$3)*(GMW!$LP$2:$LP$200=D$4),0),$C17-1966)} -> 11
A18: 27668 | C18: =+C17+1 -> 1984 | D18: {=INDEX(GMW!$A$2:$LR$200,MATCH(1,(GMW!$LQ$2:$LQ$200=D$3)*(GMW!$LP$2:$LP$200=D$4),0),$C18-1966)} -> 11.25
A19: 27760 | B19: 1976 | C19: =+C18+1 -> 1985 | D19: {=INDEX(GMW!$A$2:$LR$200,MATCH(1,(GMW!$LQ$2:$LQ$200=D$3)*(GMW!$LP$2:$LP$200=D$4),0),$C19-1966)} -> 9
A20: 27851 | C20: =+C19+1 -> 1986 | D20: {=INDEX(GMW!$A$2:$LR$200,MATCH(1,(GMW!$LQ$2:$LQ$200=D$3)*(GMW!$LP$2:$LP$200=D$4),0),$C20-1966)} -> 11.5
A21: 27942 | C21: =+C20+1 -> 1987 | D21: {=INDEX(GMW!$A$2:$LR$200,MATCH(1,(GMW!$LQ$2:$LQ$200=D$3)*(GMW!$LP$2:$LP$200=D$4),0),$C21-1966)} -> 13
A22: 28034 | C22: =+C21+1 -> 1988 | D22: {=INDEX(GMW!$A$2:$LR$200,MATCH(1,(GMW!$LQ$2:$LQ$200=D$3)*(GMW!$LP$2:$LP$200=D$4),0),$C22-1966)} -> 14.25
A23: 28126 | B23: 1977 | C23: =+C22+1 -> 1989 | D23: {=INDEX(GMW!$A$2:$LR$200,MATCH(1,(GMW!$LQ$2:$LQ$200=D$3)*(GMW!$LP$2:$LP$200=D$4),0),$C23-1966)} -> 9.5
A24: 28216 | C24: =+C23+1 -> 1990 | D24: {=INDEX(GMW!$A$2:$LR$200,MATCH(1,(GMW!$LQ$2:$LQ$200=D$3)*(GMW!$LP$2:$LP$200=D$4),0),$C24-1966)} -> 8
A25: 28307 | C25: =+C24+1 -> 1991 | D25: {=INDEX(GMW!$A$2:$LR$200,MATCH(1,(GMW!$LQ$2:$LQ$200=D$3)*(GMW!$LP$2:$LP$200=D$4),0),$C25-1966)} -> 6
A26: 28399 | C26: =+C25+1 -> 1992 | D26: {=INDEX(GMW!$A$2:$LR$200,MATCH(1,(GMW!$LQ$2:$LQ$200=D$3)*(GMW!$LP$2:$LP$200=D$4),0),$C26-1966)} -> 7
A27: 28491 | B27: 1978 | C27: =+C26+1 -> 1993 | D27: {=INDEX(GMW!$A$2:$LR$200,MATCH(1,(GMW!$LQ$2:$LQ$200=D$3)*(GMW!$LP$2:$LP$200=D$4),0),$C27-1966)} -> 6.5
A28: 28581 | C28: =+C27+1 -> 1994 | D28: {=INDEX(GMW!$A$2:$LR$200,MATCH(1,(GMW!$LQ$2:$LQ$200=D$3)*(GMW!$LP$2:$LP$200=D$4),0),$C28-1966)} -> 10
A29: 28672 | C29: =+C28+1 -> 1995 | D29: {=INDEX(GMW!$A$2:$LR$200,MATCH(1,(GMW!$LQ$2:$LQ$200=D$3)*(GMW!$LP$2:$LP$200=D$4),0),$C29-1966)} -> 10
A30: 28764 | C30: =+C29+1 -> 1996 | D30: {=INDEX(GMW!$A$2:$LR$200,MATCH(1,(GMW!$LQ$2:$LQ$200=D$3)*(GMW!$LP$2:$LP$200=D$4),0),$C30-1966)} -> 12.5
A31: 28856 | B31: 1979 | C31: =+C30+1 -> 1997 | D31: {=INDEX(GMW!$A$2:$LR$200,MATCH(1,(GMW!$LQ$2:$LQ$200=D$3)*(GMW!$LP$2:$LP$200=D$4),0),$C31-1966)} -> 13
A32: 28946 | C32: =+C31+1 -> 1998 | D32: {=INDEX(GMW!$A$2:$LR$200,MATCH(1,(GMW!$LQ$2:$LQ$200=D$3)*(GMW!$LP$2:$LP$200=D$4),0),$C32-1966)} -> 14
A33: 29037 | C33: =+C32+1 -> 1999 | D33: {=INDEX(GMW!$A$2:$LR$200,MATCH(1,(GMW!$LQ$2:$LQ$200=D$3)*(GMW!$LP$2:$LP$200=D$4),0),$C33-1966)} -> 14
A34: 29129 | C34: =+C33+1 -> 2000 | D34: {=INDEX(GMW!$A$2:$LR$200,MATCH(1,(GMW!$LQ$2:$LQ$200=D$3)*(GMW!$LP$2:$LP$200=D$4),0),$C34-1966)} -> 17
A35: 29221 | B35: 1980 | C35: =+C34+1 -> 2001 | D35: {=INDEX(GMW!$A$2:$LR$200,MATCH(1,(GMW!$LQ$2:$LQ$200=D$3)*(GMW!$LP$2:$LP$200=D$4),0),$C35-1966)} -> 17
A36: 29312 | C36: =+C35+1 -> 2002 | D36: {=INDEX(GMW!$A$2:$LR$200,MATCH(1,(GMW!$LQ$2:$LQ$200=D$3)*(GMW!$LP$2:$LP$200=D$4),0),$C36-1966)} -> 17
A37: 29403 | C37: =+C36+1 -> 2003 | D37: {=INDEX(GMW!$A$2:$LR$200,MATCH(1,(GMW!$LQ$2:$LQ$200=D$3)*(GMW!$LP$2:$LP$200=D$4),0),$C37-1966)} -> 16
A38: 29495 | C38: =+C37+1 -> 2004 | D38: {=INDEX(GMW!$A$2:$LR$200,MATCH(1,(GMW!$LQ$2:$LQ$200=D$3)*(GMW!$LP$2:$LP$200=D$4),0),$C38-1966)} -> 14
A39: 29587 | B39: 1981 | C39: =+C38+1 -> 2005 | D39: {=INDEX(GMW!$A$2:$LR$200,MATCH(1,(GMW!$LQ$2:$LQ$200=D$3)*(GMW!$LP$2:$LP$200=D$4),0),$C39-1966)} -> 12
A40: 29677 | C40: =+C39+1 -> 2006 | D40: {=INDEX(GMW!$A$2:$LR$200,MATCH(1,(GMW!$LQ$2:$LQ$200=D$3)*(GMW!$LP$2:$LP$200=D$4),0),$C40-1966)} -> 12
A41: 29768 | C41: =+C40+1 -> 2007 | D41: {=INDEX(GMW!$A$2:$LR$200,MATCH(1,(GMW!$LQ$2:$LQ$200=D$3)*(GMW!$LP$2:$LP$200=D$4),0),$C41-1966)} -> 14
A42: 29860 | C42: =+C41+1 -> 2008 | D42: {=INDEX(GMW!$A$2:$LR$200,MATCH(1,(GMW!$LQ$2:$LQ$200=D$3)*(GMW!$LP$2:$LP$200=D$4),0),$C42-1966)} -> 14.375
A43: 29952 | B43: 1982 | C43: =+C42+1 -> 2009 | D43: {=INDEX(GMW!$A$2:$LR$200,MATCH(1,(GMW!$LQ$2:$LQ$200=D$3)*(GMW!$LP$2:$LP$200=D$4),0),$C43-1966)} -> 13.25
A44: 30042 | C44: =+C43+1 -> 2010 | D44: {=INDEX(GMW!$A$2:$LR$200,MATCH(1,(GMW!$LQ$2:$LQ$200=D$3)*(GMW!$LP$2:$LP$200=D$4),0),$C44-1966)} -> 12.625
A45: 30133 | C45: =+C44+1 -> 2011 | D45: {=INDEX(GMW!$A$2:$LR$200,MATCH(1,(GMW!$LQ$2:$LQ$200=D$3)*(GMW!$LP$2:$LP$200=D$4),0),$C45-1966)} -> 10.125
A46: 30225 | C46: =+C45+1 -> 2012 | D46: {=INDEX(GMW!$A$2:$LR$200,MATCH(1,(GMW!$LQ$2:$LQ$200=D$3)*(GMW!$LP$2:$LP$200=D$4),0),$C46-1966)} -> 10
A47: 30317 | B47: 1983 | C47: =+C46+1 -> 2013 | D47: {=INDEX(GMW!$A$2:$LR$200,MATCH(1,(GMW!$LQ$2:$LQ$200=D$3)*(GMW!$LP$2:$LP$200=D$4),0),$C47-1966)} -> 10.5625
A48: 30407 | C48: =+C47+1 -> 2014 | D48: {=INDEX(GMW!$A$2:$LR$200,MATCH(1,(GMW!$LQ$2:$LQ$200=D$3)*(GMW!$LP$2:$LP$200=D$4),0),$C48-1966)} -> 9.5625
A49: 30498 | C49: =+C48+1 -> 2015 | D49: {=INDEX(GMW!$A$2:$LR$200,MATCH(1,(GMW!$LQ$2:$LQ$200=D$3)*(GMW!$LP$2:$LP$200=D$4),0),$C49-1966)} -> 9.5625
A50: 30590 | C50: =+C49+1 -> 2016 | D50: {=INDEX(GMW!$A$2:$LR$200,MATCH(1,(GMW!$LQ$2:$LQ$200=D$3)*(GMW!$LP$2:$LP$200=D$4),0),$C50-1966)} -> 9.0625
A51: 30682 | B51: 1984 | C51: =+C50+1 -> 2017 | D51: {=INDEX(GMW!$A$2:$LR$200,MATCH(1,(GMW!$LQ$2:$LQ$200=D$3)*(GMW!$LP$2:$LP$200=D$4),0),$C51-1966)} -> 8.5625
A52: 30773 | C52: =+C51+1 -> 2018 | D52: {=INDEX(GMW!$A$2:$LR$200,MATCH(1,(GMW!$LQ$2:$LQ$200=D$3)*(GMW!$LP$2:$LP$200=D$4),0),$C52-1966)} -> 8.875
A53: 30864 | C53: =+C52+1 -> 2019 | D53: {=INDEX(GMW!$A$2:$LR$200,MATCH(1,(GMW!$LQ$2:$LQ$200=D$3)*(GMW!$LP$2:$LP$200=D$4),0),$C53-1966)} -> 10.5
A54: 30956 | C54: =+C53+1 -> 2020 | D54: {=INDEX(GMW!$A$2:$LR$200,MATCH(1,(GMW!$LQ$2:$LQ$200=D$3)*(GMW!$LP$2:$LP$200=D$4),0),$C54-1966)} -> 9.5
A55: 31048 | B55: 1985 | C55: =+C54+1 -> 2021 | D55: {=INDEX(GMW!$A$2:$LR$200,MATCH(1,(GMW!$LQ$2:$LQ$200=D$3)*(GMW!$LP$2:$LP$200=D$4),0),$C55-1966)} -> 12.875
A56: 31138 | C56: =+C55+1 -> 2022 | D56: {=INDEX(GMW!$A$2:$LR$200,MATCH(1,(GMW!$LQ$2:$LQ$200=D$3)*(GMW!$LP$2:$LP$200=D$4),0),$C56-1966)} -> 12.375
A57: 31229 | C57: =+C56+1 -> 2023 | D57: {=INDEX(GMW!$A$2:$LR$200,MATCH(1,(GMW!$LQ$2:$LQ$200=D$3)*(GMW!$LP$2:$LP$200=D$4),0),$C57-1966)} -> 11.375
A58: 31321 | C58: =+C57+1 -> 2024 | D58: {=INDEX(GMW!$A$2:$LR$200,MATCH(1,(GMW!$LQ$2:$LQ$200=D$3)*(GMW!$LP$2:$LP$200=D$4),0),$C58-1966)} -> 11.375
A59: 31413 | B59: 1986 | C59: =+C58+1 -> 2025 | D59: {=INDEX(GMW!$A$2:$LR$200,MATCH(1,(GMW!$LQ$2:$LQ$200=D$3)*(GMW!$LP$2:$LP$200=D$4),0),$C59-1966)} -> 11.375
A60: 31503 | C60: =+C59+1 -> 2026 | D60: {=INDEX(GMW!$A$2:$LR$200,MATCH(1,(GMW!$LQ$2:$LQ$200=D$3)*(GMW!$LP$2:$LP$200=D$4),0),$C60-1966)} -> 9.875
A61: 31594 | C61: =+C60+1 -> 2027 | D61: {=INDEX(GMW!$A$2:$LR$200,MATCH(1,(GMW!$LQ$2:$LQ$200=D$3)*(GMW!$LP$2:$LP$200=D$4),0),$C61-1966)} -> 9.875
A62: 31686 | C62: =+C61+1 -> 2028 | D62: {=INDEX(GMW!$A$2:$LR$200,MATCH(1,(GMW!$LQ$2:$LQ$200=D$3)*(GMW!$LP$2:$LP$200=D$4),0),$C62-1966)} -> 10.875
A63: 31778 | B63: 1987 | C63: =+C62+1 -> 2029 | D63: {=INDEX(GMW!$A$2:$LR$200,MATCH(1,(GMW!$LQ$2:$LQ$200=D$3)*(GMW!$LP$2:$LP$200=D$4),0),$C63-1966)} -> 9.875
A64: 31868 | C64: =+C63+1 -> 2030 | D64: {=INDEX(GMW!$A$2:$LR$200,MATCH(1,(GMW!$LQ$2:$LQ$200=D$3)*(GMW!$LP$2:$LP$200=D$4),0),$C64-1966)} -> 8.875
A65: 31959 | C65: =+C64+1 -> 2031 | D65: {=INDEX(GMW!$A$2:$LR$200,MATCH(1,(GMW!$LQ$2:$LQ$200=D$3)*(GMW!$LP$2:$LP$200=D$4),0),$C65-1966)} -> 9.875
A66: 32051 | C66: =+C65+1 -> 2032 | D66: {=INDEX(GMW!$A$2:$LR$200,MATCH(1,(GMW!$LQ$2:$LQ$200=D$3)*(GMW!$LP$2:$LP$200=D$4),0),$C66-1966)} -> 8.375
A67: 32143 | B67: 1988 | C67: =+C66+1 -> 2033 | D67: {=INDEX(GMW!$A$2:$LR$200,MATCH(1,(GMW!$LQ$2:$LQ$200=D$3)*(GMW!$LP$2:$LP$200=D$4),0),$C67-1966)} -> 8.375
A68: 32234 | C68: =+C67+1 -> 2034 | D68: {=INDEX(GMW!$A$2:$LR$200,MATCH(1,(GMW!$LQ$2:$LQ$200=D$3)*(GMW!$LP$2:$LP$200=D$4),0),$C68-1966)} -> 8.875
A69: 32325 | C69: =+C68+1 -> 2035 | D69: {=INDEX(GMW!$A$2:$LR$200,MATCH(1,(GMW!$LQ$2:$LQ$200=D$3)*(GMW!$LP$2:$LP$200=D$4),0),$C69-1966)} -> 11.875
A70: 32417 | C70: =+C69+1 -> 2036 | D70: {=INDEX(GMW!$A$2:$LR$200,MATCH(1,(GMW!$LQ$2:$LQ$200=D$3)*(GMW!$LP$2:$LP$200=D$4),0),$C70-1966)} -> 12.875
A71: 32509 | B71: 1989 | C71: =+C70+1 -> 2037 | D71: {=INDEX(GMW!$A$2:$LR$200,MATCH(1,(GMW!$LQ$2:$LQ$200=D$3)*(GMW!$LP$2:$LP$200=D$4),0),$C71-1966)} -> 12.875
A72: 32599 | C72: =+C71+1 -> 2038 | D72: {=INDEX(GMW!$A$2:$LR$200,MATCH(1,(GMW!$LQ$2:$LQ$200=D$3)*(GMW!$LP$2:$LP$200=D$4),0),$C72-1966)} -> 13.75
A73: 32690 | C73: =+C72+1 -> 2039 | D73: {=INDEX(GMW!$A$2:$LR$200,MATCH(1,(GMW!$LQ$2:$LQ$200=D$3)*(GMW!$LP$2:$LP$200=D$4),0),$C73-1966)} -> 13.75
A74: 32782 | C74: =+C73+1 -> 2040 | D74: {=INDEX(GMW!$A$2:$LR$200,MATCH(1,(GMW!$LQ$2:$LQ$200=D$3)*(GMW!$LP$2:$LP$200=D$4),0),$C74-1966)} -> 14.875
A75: 32874 | B75: 1990 | C75: =+C74+1 -> 2041 | D75: {=INDEX(GMW!$A$2:$LR$200,MATCH(1,(GMW!$LQ$2:$LQ$200=D$3)*(GMW!$LP$2:$LP$200=D$4),0),$C75-1966)} -> 14.875
A76: 32964 | C76: =+C75+1 -> 2042 | D76: {=INDEX(GMW!$A$2:$LR$200,MATCH(1,(GMW!$LQ$2:$LQ$200=D$3)*(GMW!$LP$2:$LP$200=D$4),0),$C76-1966)} -> 14.875
A77: 33055 | C77: =+C76+1 -> 2043 | D77: {=INDEX(GMW!$A$2:$LR$200,MATCH(1,(GMW!$LQ$2:$LQ$200=D$3)*(GMW!$LP$2:$LP$200=D$4),0),$C77-1966)} -> 14.875
A78: 33147 | C78: =+C77+1 -> 2044 | D78: {=INDEX(GMW!$A$2:$LR$200,MATCH(1,(GMW!$LQ$2:$LQ$200=D$3)*(GMW!$LP$2:$LP$200=D$4),0),$C78-1966)} -> 13.875
A79: 33239 | B79: 1991 | C79: =+C78+1 -> 2045 | D79: {=INDEX(GMW!$A$2:$LR$200,MATCH(1,(GMW!$LQ$2:$LQ$200=D$3)*(GMW!$LP$2:$LP$200=D$4),0),$C79-1966)} -> 12.375
A80: 33329 | C80: =+C79+1 -> 2046 | D80: {=INDEX(GMW!$A$2:$LR$200,MATCH(1,(GMW!$LQ$2:$LQ$200=D$3)*(GMW!$LP$2:$LP$200=D$4),0),$C80-1966)} -> 11.375
A81: 33420 | C81: =+C80+1 -> 2047 | D81: {=INDEX(GMW!$A$2:$LR$200,MATCH(1,(GMW!$LQ$2:$LQ$200=D$3)*(GMW!$LP$2:$LP$200=D$4),0),$C81-1966)} -> 10.375
A82: 33512 | C82: =+C81+1 -> 2048 | D82: {=INDEX(GMW!$A$2:$LR$200,MATCH(1,(GMW!$LQ$2:$LQ$200=D$3)*(GMW!$LP$2:$LP$200=D$4),0),$C82-1966)} -> 10.375
A83: 33604 | B83: 1992 | C83: =+C82+1 -> 2049 | D83: {=INDEX(GMW!$A$2:$LR$200,MATCH(1,(GMW!$LQ$2:$LQ$200=D$3)*(GMW!$LP$2:$LP$200=D$4),0),$C83-1966)} -> 10.375
A84: 33695 | C84: =+C83+1 -> 2050 | D84: {=INDEX(GMW!$A$2:$LR$200,MATCH(1,(GMW!$LQ$2:$LQ$200=D$3)*(GMW!$LP$2:$LP$200=D$4),0),$C84-1966)} -> 9.875
A85: 33786 | C85: =+C84+1 -> 2051 | D85: {=INDEX(GMW!$A$2:$LR$200,MATCH(1,(GMW!$LQ$2:$LQ$200=D$3)*(GMW!$LP$2:$LP$200=D$4),0),$C85-1966)} -> 8.875
A86: 33878 | C86: =+C85+1 -> 2052 | D86: {=INDEX(GMW!$A$2:$LR$200,MATCH(1,(GMW!$LQ$2:$LQ$200=D$3)*(GMW!$LP$2:$LP$200=D$4),0),$C86-1966)} -> 6.875
A87: 33970 | B87: 1993 | C87: =+C86+1 -> 2053 | D87: {=INDEX(GMW!$A$2:$LR$200,MATCH(1,(GMW!$LQ$2:$LQ$200=D$3)*(GMW!$LP$2:$LP$200=D$4),0),$C87-1966)} -> 5.875
A88: 34060 | C88: =+C87+1 -> 2054 | D88: {=INDEX(GMW!$A$2:$LR$200,MATCH(1,(GMW!$LQ$2:$LQ$200=D$3)*(GMW!$LP$2:$LP$200=D$4),0),$C88-1966)} -> 5.875
A89: 34151 | C89: =+C88+1 -> 2055 | D89: {=INDEX(GMW!$A$2:$LR$200,MATCH(1,(GMW!$LQ$2:$LQ$200=D$3)*(GMW!$LP$2:$LP$200=D$4),0),$C89-1966)} -> 5.875
A90: 34243 | C90: =+C89+1 -> 2056 | D90: {=INDEX(GMW!$A$2:$LR$200,MATCH(1,(GMW!$LQ$2:$LQ$200=D$3)*(GMW!$LP$2:$LP$200=D$4),0),$C90-1966)} -> 5.375
A91: 34335 | B91: 1994 | C91: =+C90+1 -> 2057 | D91: {=INDEX(GMW!$A$2:$LR$200,MATCH(1,(GMW!$LQ$2:$LQ$200=D$3)*(GMW!$LP$2:$LP$200=D$4),0),$C91-1966)} -> 5.125
A92: 34425 | C92: =+C91+1 -> 2058 | D92: {=INDEX(GMW!$A$2:$LR$200,MATCH(1,(GMW!$LQ$2:$LQ$200=D$3)*(GMW!$LP$2:$LP$200=D$4),0),$C92-1966)} -> 5.125
A93: 34516 | C93: =+C92+1 -> 2059 | D93: {=INDEX(GMW!$A$2:$LR$200,MATCH(1,(GMW!$LQ$2:$LQ$200=D$3)*(GMW!$LP$2:$LP$200=D$4),0),$C93-1966)} -> 5.625
A94: 34608 | C94: =+C93+1 -> 2060 | D94: {=INDEX(GMW!$A$2:$LR$200,MATCH(1,(GMW!$LQ$2:$LQ$200=D$3)*(GMW!$LP$2:$LP$200=D$4),0),$C94-1966)} -> 6.125
A95: 34700 | B95: 1995 | C95: =+C94+1 -> 2061 | D95: {=INDEX(GMW!$A$2:$LR$200,MATCH(1,(GMW!$LQ$2:$LQ$200=D$3)*(GMW!$LP$2:$LP$200=D$4),0),$C95-1966)} -> 6.625
A96: 34790 | C96: =+C95+1 -> 2062 | D96: {=INDEX(GMW!$A$2:$LR$200,MATCH(1,(GMW!$LQ$2:$LQ$200=D$3)*(GMW!$LP$2:$LP$200=D$4),0),$C96-1966)} -> 6.625
A97: 34881 | C97: =+C96+1 -> 2063 | D97: {=INDEX(GMW!$A$2:$LR$200,MATCH(1,(GMW!$LQ$2:$LQ$200=D$3)*(GMW!$LP$2:$LP$200=D$4),0),$C97-1966)} -> 6.625
A98: 34973 | C98: =+C97+1 -> 2064 | D98: {=INDEX(GMW!$A$2:$LR$200,MATCH(1,(GMW!$LQ$2:$LQ$200=D$3)*(GMW!$LP$2:$LP$200=D$4),0),$C98-1966)} -> 6.375
A99: 35065 | B99: 1996 | C99: =+C98+1 -> 2065 | D99: {=INDEX(GMW!$A$2:$LR$200,MATCH(1,(GMW!$LQ$2:$LQ$200=D$3)*(GMW!$LP$2:$LP$200=D$4),0),$C99-1966)} -> 5.9375
A100: 35156 | C100: =+C99+1 -> 2066 | D100: {=INDEX(GMW!$A$2:$LR$200,MATCH(1,(GMW!$LQ$2:$LQ$200=D$3)*(GMW!$LP$2:$LP$200=D$4),0),$C100-1966)} -> 5.6875
...

Sheet GMW
A1: Location | B1: Indicator | C1: Scenario | D1: Units | E1: Scale | F1: Measurement | G1: 1973 Q1 | H1: 1973 Q2 | I1: 1973 Q3 | J1: 1973 Q4 | K1: 1974 Q1 | L1: 1974 Q2 | M1: 1974 Q3 | N1: 1974 Q4 | O1: 1975 Q1 | P1: 1975 Q2 | Q1: 1975 Q3 | R1: 1975 Q4 | S1: 1976 Q1 | T1: 1976 Q2 | U1: 1976 Q3 | V1: 1976 Q4 | W1: 1977 Q1 | X1: 1977 Q2 | Y1: 1977 Q3 | Z1: 1977 Q4 | AA1: 1978 Q1 | AB1: 1978 Q2 | AC1: 1978 Q3 | AD1: 1978 Q4 | AE1: 1979 Q1 | AF1: 1979 Q2 | AG1: 1979 Q3 | AH1: 1979 Q4 | AI1: 1980 Q1 | AJ1: 1980 Q2 | AK1: 1980 Q3 | AL1: 1980 Q4 | AM1: 1981 Q1 | AN1: 1981 Q2 | AO1: 1981 Q3 | AP1: 1981 Q4 | AQ1: 1982 Q1 | AR1: 1982 Q2 | AS1: 1982 Q3 | AT1: 1982 Q4 | AU1: 1983 Q1 | AV1: 1983 Q2 | AW1: 1983 Q3 | AX1: 1983 Q4 | AY1: 1984 Q1 | AZ1: 1984 Q2 | BA1: 1984 Q3 | BB1: 1984 Q4 | BC1: 1985 Q1 | BD1: 1985 Q2 | BE1: 1985 Q3 | BF1: 1985 Q4 | BG1: 1986 Q1 | BH1: 1986 Q2 | BI1: 1986 Q3 | BJ1: 1986 Q4 | BK1: 1987 Q1 | BL1: 1987 Q2 | BM1: 1987 Q3 | BN1: 1987 Q4 | BO1: 1988 Q1 | BP1: 1988 Q2 | BQ1: 1988 Q3 | BR1: 1988 Q4 | BS1: 1989 Q1 | BT1: 1989 Q2 | BU1: 1989 Q3 | BV1: 1989 Q4 | BW1: 1990 Q1 | BX1: 1990 Q2 | BY1: 1990 Q3 | BZ1: 1990 Q4 | CA1: 1991 Q1 | CB1: 1991 Q2 | CC1: 1991 Q3 | CD1: 1991 Q4 | CE1: 1992 Q1 | CF1: 1992 Q2 | CG1: 1992 Q3 | CH1: 1992 Q4 | CI1: 1993 Q1 | CJ1: 1993 Q2 | CK1: 1993 Q3 | CL1: 1993 Q4 | CM1: 1994 Q1 | CN1: 1994 Q2 | CO1: 1994 Q3 | CP1: 1994 Q4 | CQ1: 1995 Q1 | CR1: 1995 Q2 | CS1: 1995 Q3 | CT1: 1995 Q4 | CU1: 1996 Q1 | CV1: 1996 Q2 | CW1: 1996 Q3 | CX1: 1996 Q4 | CY1: 1997 Q1 | CZ1: 1997 Q2 | DA1: 1997 Q3 | DB1: 1997 Q4 | DC1: 1998 Q1 | DD1: 1998 Q2 | DE1: 1998 Q3 | DF1: 1998 Q4 | DG1: 1999 Q1 | DH1: 1999 Q2 | DI1: 1999 Q3 | DJ1: 1999 Q4 | DK1: 2000 Q1 | DL1: 2000 Q2 | DM1: 2000 Q3 | DN1: 2000 Q4 | DO1: 2001 Q1 | DP1: 2001 Q2 | DQ1: 2001 Q3 | DR1: 2001 Q4 | DS1: 2002 Q1 | DT1: 2002 Q2 | DU1: 2002 Q3 | DV1: 2002 Q4 | DW1: 2003 Q1 | DX1: 2003 Q2 | DY1: 2003 Q3 | DZ1: 2003 Q4 | EA1: 2004 Q1 | EB1: 2004 Q2 | EC1: 2004 Q3 | ED1: 2004 Q4 | EE1: 2005 Q1 | EF1: 2005 Q2 | EG1: 2005 Q3 | EH1: 2005 Q4 | EI1: 2006 Q1 | EJ1: 2006 Q2 | EK1: 2006 Q3 | EL1: 2006 Q4 | EM1: 2007 Q1 | EN1: 2007 Q2 | EO1: 2007 Q3 | EP1: 2007 Q4 | EQ1: 2008 Q1 | ER1: 2008 Q2 | ES1: 2008 Q3 | ET1: 2008 Q4 | EU1: 2009 Q1 | EV1: 2009 Q2 | EW1: 2009 Q3 | EX1: 2009 Q4 | EY1: 2010 Q1 | EZ1: 2010 Q2 | FA1: 2010 Q3 | FB1: 2010 Q4 | FC1: 2011 Q1 | FD1: 2011 Q2 | FE1: 2011 Q3 | FF1: 2011 Q4 | FG1: 2012 Q1 | FH1: 2012 Q2 | FI1: 2012 Q3 | FJ1: 2012 Q4 | FK1: 2013 Q1 | FL1: 2013 Q2 | FM1: 2013 Q3 | FN1: 2013 Q4 | FO1: 2014 Q1 | FP1: 2014 Q2 | FQ1: 2014 Q3 | FR1: 2014 Q4 | FS1: 2015 Q1 | FT1: 2015 Q2 | FU1: 2015 Q3 | FV1: 2015 Q4 | FW1: 2016 Q1 | FX1: 2016 Q2 | FY1: 2016 Q3 | FZ1: 2016 Q4 | GA1: 2017 Q1 | GB1: 2017 Q2 | GC1: 2017 Q3 | GD1: 2017 Q4 | GE1: 2018 Q1 | GF1: 2018 Q2 | GG1: 2018 Q3 | GH1: 2018 Q4 | GI1: 2019 Q1 | GJ1: 2019 Q2 | GK1: 2019 Q3 | GL1: 2019 Q4 | GM1: 2020 Q1 | GN1: 2020 Q2 | GO1: 2020 Q3 | GP1: 2020 Q4 | GQ1: 2021 Q1 | GR1: 2021 Q2 | GS1: 2021 Q3 | GT1: 2021 Q4 | GU1: 2022 Q1 | GV1: 2022 Q2 | GW1: 2022 Q3 | GX1: 2022 Q4 | GY1: 2023 Q1 | GZ1: 2023 Q2 | HA1: 2023 Q3 | HB1: 2023 Q4 | HC1: 2024 Q1 | HD1: 2024 Q2 | HE1: 2024 Q3 | HF1: 2024 Q4 | HG1: 2025 Q1 | HH1: 2025 Q2 | HI1: 2025 Q3 | HJ1: 2025 Q4 | HK1: 2026 Q1 | HL1: 2026 Q2 | HM1: 2026 Q3 | HN1: 2026 Q4 | HO1: 2027 Q1 | HP1: 2027 Q2 | HQ1: 2027 Q3 | HR1: 2027 Q4 | HS1: 2028 Q1 | HT1: 2028 Q2 | HU1: 2028 Q3 | HV1: 2028 Q4 | HW1: 2029 Q1 | HX1: 2029 Q2 | HY1: 2029 Q3 | HZ1: 2029 Q4 | IA1: 2030 Q1 | IB1: 2030 Q2 | IC1: 2030 Q3 | ID1: 2030 Q4 | IE1: 2031 Q1 | IF1: 2031 Q2 | IG1: 2031 Q3 | IH1: 2031 Q4 | II1: 2032 Q1 | IJ1: 2032 Q2 | IK1: 2032 Q3 | IL1: 2032 Q4 | IM1: 2033 Q1 | IN1: 2033 Q2 | IO1: 2033 Q3 | IP1: 2033 Q4 | IQ1: 2034 Q1 | IR1: 2034 Q2 | IS1: 2034 Q3 | IT1: 2034 Q4 | IU1: 2035 Q1 | IV1: 2035 Q2 | IW1: 2035 Q3 | IX1: 2035 Q4 | IY1: 2036 Q1 | IZ1: 2036 Q2 | JA1: 2036 Q3 | JB1: 2036 Q4 | JC1: 2037 Q1 | JD1: 2037 Q2 | JE1: 2037 Q3 | JF1: 2037 Q4 | JG1: 2038 Q1 | JH1: 2038 Q2 | JI1: 2038 Q3 | JJ1: 2038 Q4 | JK1: 2039 Q1 | JL1: 2039 Q2 | JM1: 2039 Q3 | JN1: 2039 Q4 | JO1: 2040 Q1 | JP1: 2040 Q2 | JQ1: 2040 Q3 | JR1: 2040 Q4 | JS1: 2041 Q1 | JT1: 2041 Q2 | JU1: 2041 Q3 | JV1: 2041 Q4 | JW1: 2042 Q1 | JX1: 2042 Q2 | JY1: 2042 Q3 | JZ1: 2042 Q4 | KA1: 2043 Q1 | KB1: 2043 Q2 | KC1: 2043 Q3 | KD1: 2043 Q4 | KE1: 2044 Q1 | KF1: 2044 Q2 | KG1: 2044 Q3 | KH1: 2044 Q4 | KI1: 2045 Q1 | KJ1: 2045 Q2 | KK1: 2045 Q3 | KL1: 2045 Q4 | KM1: 2046 Q1 | KN1: 2046 Q2 | KO1: 2046 Q3 | KP1: 2046 Q4 | KQ1: 2047 Q1 | KR1: 2047 Q2 | KS1: 2047 Q3 | KT1: 2047 Q4 | KU1: 2048 Q1 | KV1: 2048 Q2 | KW1: 2048 Q3 | KX1: 2048 Q4 | KY1: 2049 Q1 | KZ1: 2049 Q2 | LA1: 2049 Q3 | LB1: 2049 Q4 | LC1: 2050 Q1 | LD1: 2050 Q2 | LE1: 2050 Q3 | LF1: 2050 Q4 | LG1: Source | LH1: Seasonally adjusted | LI1: Base year price | LJ1: Base year index | LK1: Historical end year | LL1: Historical end quarter | LM1: Date of last update | LN1: Source details | LO1: Additional source details | LP1: Location code | LQ1: Indicator code | LR1: Databank code
A2: United Kingdom | B2: Interest rate, central bank policy, end of period | C2: APR017I | D2: % | E2: NA | F2: Level | G2: 8.5 | H2: 7.5 | I2: 11.5 | J2: 13 | K2: 12.5 | L2: 11.75 | M2: 11.5 | N2: 11.5 | O2: 10 | P2: 10 | Q2: 11 | R2: 11.25 | S2: 9 | T2: 11.5 | U2: 13 | V2: 14.25 | W2: 9.5 | X2: 8 | Y2: 6 | Z2: 7 | AA2: 6.5 | AB2: 10 | AC2: 10 | AD2: 12.5 | AE2: 13 | AF2: 14 | AG2: 14 | AH2: 17 | AI2: 17 | AJ2: 17 | AK2: 16 | AL2: 14 | AM2: 12 | AN2: 12 | AO2: 14 | AP2: 14.375 | AQ2: 13.25 | AR2: 12.625 | AS2: 10.125 | AT2: 10 | AU2: 10.5625 | AV2: 9.5625 | AW2: 9.5625 | AX2: 9.0625 | AY2: 8.5625 | AZ2: 8.875 | BA2: 10.5 | BB2: 9.5 | BC2: 12.875 | BD2: 12.375 | BE2: 11.375 | BF2: 11.375 | BG2: 11.375 | BH2: 9.875 | BI2: 9.875 | BJ2: 10.875 | BK2: 9.875 | BL2: 8.875 | BM2: 9.875 | BN2: 8.375 | BO2: 8.375 | BP2: 8.875 | BQ2: 11.875 | BR2: 12.875 | BS2: 12.875 | BT2: 13.75 | BU2: 13.75 | BV2: 14.875 | BW2: 14.875 | BX2: 14.875 | BY2: 14.875 | BZ2: 13.875 | CA2: 12.375 | CB2: 11.375 | CC2: 10.375 | CD2: 10.375 | CE2: 10.375 | CF2: 9.875 | CG2: 8.875 | CH2: 6.875 | CI2: 5.875 | CJ2: 5.875 | CK2: 5.875 | CL2: 5.375 | CM2: 5.125 | CN2: 5.125 | CO2: 5.625 | CP2: 6.125 | CQ2: 6.625 | CR2: 6.625 | CS2: 6.625 | CT2: 6.375 | CU2: 5.9375 | CV2: 5.6875 | CW2: 5.6875 | CX2: 5.9375 | CY2: 5.9375 | CZ2: 6.5 | DA2: 7 | DB2: 7.25 | DC2: 7.25 | DD2: 7.5 | DE2: 7.5 | DF2: 6.25 | DG2: 5.5 | DH2: 5 | DI2: 5.25 | DJ2: 5.5 | DK2: 6 | DL2: 6 | DM2: 6 | DN2: 6 | DO2: 5.75 | DP2: 5.25 | DQ2: 4.75 | DR2: 4 | DS2: 4 | DT2: 4 | DU2: 4 | DV2: 4 | DW2: 3.75 | DX2: 3.75 | DY2: 3.5 | DZ2: 3.75 | EA2: 4 | EB2: 4.5 | EC2: 4.75 | ED2: 4.75 | EE2: 4.75 | EF2: 4.75 | EG2: 4.5 | EH2: 4.5 | EI2: 4.5 | EJ2: 4.5 | EK2: 4.75 | EL2: 5 | EM2: 5.25 | EN2: 5.5 | EO2: 5.75 | EP2: 5.5 | EQ2: 5.25 | ER2: 5 | ES2: 5 | ET2: 2 | EU2: 0.5 | EV2: 0.5 | EW2: 0.5 | EX2: 0.5 | EY2: 0.5 | EZ2: 0.5 | FA2: 0.5 | FB2: 0.5 | FC2: 0.5 | FD2: 0.5 | FE2: 0.5 | FF2: 0.5 | FG2: 0.5 | FH2: 0.5 | FI2: 0.5 | FJ2: 0.5 | FK2: 0.5 | FL2: 0.5 | FM2: 0.5 | FN2: 0.5 | FO2: 0.5 | FP2: 0.5 | FQ2: 0.5 | FR2: 0.5 | FS2: 0.5 | FT2: 0.5 | FU2: 0.5 | FV2: 0.5 | FW2: 0.5 | FX2: 0.5 | FY2: 0.25 | FZ2: 0.25 | GA2: 0.25 | GB2: 0.25 | GC2: 0.25 | GD2: 0.5 | GE2: 0.5 | GF2: 0.5 | GG2: 0.75 | GH2: 0.75 | GI2: 0.75 | GJ2: 0.75 | GK2: 0.75 | GL2: 0.75 | GM2: 0.1 | GN2: 0.1 | GO2: 0.1 | GP2: 0.1 | GQ2: 0.1 | GR2: 0.1 | GS2: 0.1 | GT2: 0.25 | GU2: 0.75 | GV2: 1.25 | GW2: 2.25 | GX2: 3.5 | GY2: 4.25 | GZ2: 5 | HA2: 5.25 | HB2: 5.25 | HC2: 5.25 | HD2: 5 | HE2: 4.75 | HF2: 4.5 | HG2: 4.25 | HH2: 4 | HI2: 3.75 | HJ2: 3.5 | HK2: 3.25 | HL2: 3 | HM2: 2.75 | HN2: 2.5 | HO2: 2.25 | HP2: 2 | HQ2: 2 | HR2: 2 | HS2: 2 | HT2: 2 | HU2: 2 | HV2: 2 | HW2: 2 | HX2: 2 | HY2: 2 | HZ2: 2 | IA2: 2 | IB2: 2 | IC2: 2 | ID2: 2 | IE2: 2 | IF2: 2 | IG2: 2 | IH2: 2 | II2: 2 | IJ2: 2 | IK2: 2 | IL2: 2 | IM2: 2 | IN2: 2 | IO2: 2 | IP2: 2 | IQ2: 2 | IR2: 2 | IS2: 2 | IT2: 2 | IU2: 2 | IV2: 2 | IW2: 2 | IX2: 2 | IY2: 2 | IZ2: 2 | JA2: 2 | JB2: 2 | JC2: 2 | JD2: 2 | JE2: 2 | JF2: 2 | JG2: 2 | JH2: 2 | JI2: 2 | JJ2: 2 | JK2: 2 | JL2: 2 | JM2: 2 | JN2: 2 | JO2: 2 | JP2: 2 | JQ2: 2 | JR2: 2 | JS2: 2 | JT2: 2 | JU2: 2 | JV2: 2 | JW2: 2 | JX2: 2 | JY2: 2 | JZ2: 2 | KA2: 2 | KB2: 2 | KC2: 2 | KD2: 2 | KE2: 2 | KF2: 2 | KG2: 2 | KH2: 2 | KI2: 2 | KJ2: 2 | KK2: 2 | KL2: 2 | KM2: 2 | KN2: 2 | KO2: 2 | KP2: 2 | KQ2: 2 | KR2: 2 | KS2: 2 | KT2: 2 | KU2: 2 | KV2: 2 | KW2: 2 | KX2: 2 | KY2: 2 | KZ2: 2 | LA2: 2 | LB2: 2 | LC2: 2 | LD2: 2 | LE2: 2 | LF2: 2 | LG2: Bank of England \Haver Analytics | LH2: False | LI2: NA | LJ2: NA | LK2: 2024 | LL2: 1 | LM2: 17 April 2024 | LN2: agg(R112RD@INTDAILY,EOP) | LO2: United Kingdom: Official Bank Rate (%) ,EOP | LP2: GBR | LQ2: RCBEOP | LR2: Desktop
