Workbook
Name Astartpg: #REF!
Name Astartpg: #REF!
Name Row_A: #REF!
Name Row_A: #REF!
Name Row_B: #REF!
Name Row_B: #REF!
Name Row_C: #REF!
Name Row_C: #REF!
Name Row_D: #REF!
Name Row_D: #REF!
Name Row_E: #REF!
Name Row_E: #REF!
Name Row_F: #REF!
Name Row_F: #REF!
Name Row_G: #REF!
Name Row_G: #REF!
Name toolong: #REF!
Name toolong: #REF!

Sheet Chart Data
A1: Total population | F1: Migration | K1: Natural change | P1: Births
B2: 2020-based (published Jan 2022) | C2: 2021-based (published Jan 2024) | D2: 2022-based (published Jan 2025) | G2: 2020-based (published Jan 2022) | H2: 2021-based (published Jan 2024) | I2: 2022-based (published Jan 2025) | L2: 2020-based (published Jan 2022) | M2: 2021-based (published Jan 2024) | N2: 2022-based (published Jan 2025) | Q2: 2020-based (published Jan 2022) | R2: 2021-based (published Jan 2024) | S2: 2022-based (published Jan 2025)
A3: 2020 | B3: 67081.234 | C3: 67081.234 | D3: 66744.067 | F3: 2020 | G3: 247 | H3: 111 | I3: 111 | K3: 2020 | L3: 37.427 | M3: =-L3 -> -37.427 | N3: 2.36 | P3: 2020
A4: 2021 | B4: {=TRANSPOSE('2020-based principal'!C26:AP26)} -> 67350.695 | C4: 67026.292 | D4: 66983.488 | F4: 2021 | G4: 244.498 | H4: 221 | I4: 221 | K4: 2021 | L4: 24.963 | M4: =-L4 -> -24.963 | N4: 18.421 | P4: 2021
A5: 2022 | B5: 67595.824 | C5: 67661.747 | D5: {=TRANSPOSE('2022-based principal'!B34:AN34)} -> 67602.761 | F5: 2022 | G5: {=TRANSPOSE('2020-based principal'!C19:AP19)} -> 244.498 | H5: 595.84 | I5: 607 | K5: 2022 | L5: {=TRANSPOSE('2020-based principal'!C13:AP13)} -> 24.963 | M5: 39.615455 | N5: 12.973 | P5: 2022 | Q5: {=TRANSPOSE('2020-based principal'!C10:AP10)} -> 671.374
A6: 2023 | B6: 67844.315 | C6: {=TRANSPOSE('2021-based principal'!D26:AO26)} -> 68350.236 | D6: 68492.495 | F6: 2023 | G6: 236.989 | H6: {=TRANSPOSE('2021-based principal'!D19:AO19)} -> 670.128 | I6: {=TRANSPOSE('2022-based principal'!C18:AN18)} -> 906 | K6: 2023 | L6: 8.14 | M6: {=TRANSPOSE('2021-based principal'!D13:AO13)} -> 0.916 | N6: {=TRANSPOSE('2022-based principal'!C11:AN11)} -> -16.263 | P6: 2023 | Q6: 663.443 | R6: {=TRANSPOSE('2021-based principal'!D10:AO10)} -> 665.539 | S6: {=TRANSPOSE('2022-based principal'!C9:AN9)} -> 664.464
A7: 2024 | B7: 68081.792 | C7: 69025.203 | D7: 69226.231 | F7: 2024 | G7: 231.015 | H7: 598.974 | I7: 728 | K7: 2024 | L7: 17.476 | M7: 75.987 | N7: 5.744 | P7: 2024 | Q7: 659.316 | R7: 713.92 | S7: 667.909
A8: 2025 | B8: 68304.932 | C8: 69630.376 | D8: 69867.979 | F8: 2025 | G8: 224.004 | H8: 528.461 | I8: 630.9 | K8: 2025 | L8: 13.473 | M8: 76.729 | N8: 10.849 | P8: 2025 | Q8: 662.485 | R8: 723.176 | S8: 674.821
A9: 2026 | B9: 68512.086 | C9: 70160.187 | D9: 70414.3 | F9: 2026 | G9: 217 | H9: 457.457 | I9: 533.8 | K9: 2026 | L9: 6.14 | M9: 72.355 | N9: 12.519 | P9: 2026 | Q9: 662.632 | R9: 727.449 | S9: 679.536
A10: 2027 | B10: 68701.986 | C10: 70612.833 | D10: 70861.913 | F10: 2027 | G10: 211.514 | H10: 386.476 | I10: 436.7 | K10: 2027 | L10: -4.36 | M10: 66.148 | N10: 10.892 | P10: 2027 | Q10: 659.855 | R10: 730 | S10: 682.033
A11: 2028 | B11: 68881.062 | C11: 70985.959 | D11: 71208.101 | F11: 2028 | G11: 205.011 | H11: 315.005 | I11: 340 | K11: 2028 | L11: -15.111 | M11: 58.144 | N11: 6.185 | P11: 2028 | Q11: 657.135 | R11: 730.916 | S11: 683.078
A12: 2029 | B12: 69049.389 | C12: 71350.151 | D12: 71547.662 | F12: 2029 | G12: 205.011 | H12: 315.005 | I12: 340 | K12: 2029 | L12: -25.935 | M12: 49.195 | N12: -0.434 | P12: 2029 | Q12: 654.598 | R12: 731.015 | S12: 683.712
A13: 2030 | B13: 69207.197 | C13: 71705.282 | D13: 71879.988 | F13: 2030 | G13: 205.011 | H13: 315.005 | I13: 340 | K13: 2030 | L13: -36.684 | M13: 40.142 | N13: -7.67 | P13: 2030 | Q13: 652.408 | R13: 731.12 | S13: 684.296
A14: 2031 | B14: 69355.074 | C14: 72051.458 | D14: 72204.574 | F14: 2031 | G14: 205.011 | H14: 315.005 | I14: 340 | K14: 2031 | L14: -47.203 | M14: 31.166 | N14: -15.409 | P14: 2031 | Q14: 650.624 | R14: 731.346 | S14: 684.842
A15: 2032 | B15: 69493.866 | C15: 72388.988 | D15: 72521.173 | F15: 2032 | G15: 205.011 | H15: 315.005 | I15: 340 | K15: 2032 | L15: -57.134 | M15: 22.516 | N15: -23.387 | P15: 2032 | Q15: 649.516 | R15: 731.85 | S15: 685.388
A16: 2033 | B16: 69624.16 | C16: 72717.937 | D16: 72830.021 | F16: 2033 | G16: 205.011 | H16: 315.005 | I16: 340 | K16: 2033 | L16: -66.219 | M16: 13.951 | N16: -31.139 | P16: 2033 | Q16: 649.252 | R16: 732.327 | S16: 686.341
A17: 2034 | B17: 69746.769 | C17: 73038.609 | D17: 73131.597 | F17: 2034 | G17: 205.011 | H17: 315.005 | I17: 340 | K17: 2034 | L17: -74.717 | M17: 5.64 | N17: -38.414 | P17: 2034 | Q17: 649.451 | R17: 732.815 | S17: 687.824
A18: 2035 | B18: 69862.985 | C18: 73351.615 | D18: 73426.168 | F18: 2035 | G18: 205.011 | H18: 315.005 | I18: 340 | K18: 2035 | L18: -82.402 | M18: -1.995 | N18: -45.439 | P18: 2035 | Q18: 650.273 | R18: 733.656 | S18: 689.489
... A43: 2060 | B43: 71613.724 | C43: 79672.491 | D43: 78805.317 | F43: 2060 | G43: 205.011 | H43: 315.005 | I43: 340 | K43: 2060 | L43: -207.589 | M43: -119.607 | N43: -206.717 | P43: 2060 | Q43: 632.346 | R43: 735.7 | S43: 661.617
G44: 205.011 | L44: -210.121 | Q44: 629.526

Sheet Calculations
B1: Population | J1: Migration | R1: Natural change | Z1: Total population | AF1: Working age population
B2: OE current | C2: ONS 2022-based principal | D2: ONS 2022-based migration category variant | E2: ONS 2022-based low migration | F2: OE old low variant + new natural change | G2: OE 80% of new migration + new natural change | J2: =B2 -> OE current | K2: =C2 -> ONS 2022-based principal | L2: =D2 -> ONS 2022-based migration category variant | M2: =E2 -> ONS 2022-based low migration | N2: =F2 -> OE old low variant + new natural change | O2: =G2 -> OE 80% of new migration + new natural change | R2: =B2 -> OE current | S2: =C2 -> ONS 2022-based principal | T2: =D2 -> ONS 2022-based migration category variant | U2: =E2 -> ONS 2022-based low migration | V2: =F2 -> OE old low variant + new natural change | W2: =G2 -> OE 80% of new migration + new natural change | Z2: OE (new) | AA2: ONS (new) | AB2: OE (old) | AC2: ONS (old) | AF2: OE (new) | AG2: ONS (new) | AH2: OE (old) | AI2: ONS (old)
A3: 2020 | B3: 66744.067 | I3: 2020 | J3: 111 | Q3: 2020 | R3: 2.36 | Y3: 2020 | Z3: ='[1]2022-based'!Q27 -> 66744.067 | AB3: ='[1]2021-based'!Q27 -> 66744.067 | AC3: ='[1]2021-based'!D27 -> 66744.067 | AE3: 2020 | AF3: ='[1]2022-based'!R27 -> 42614.901 | AH3: ='[1]2021-based'!R27 -> 42614.901 | AI3: ='[1]2021-based'!E27 -> 42614.901
A4: 2021 | B4: 66983.488 | I4: 2021 | J4: 221 | Q4: 2021 | R4: 18.421 | Y4: 2021 | Z4: ='[1]2022-based'!Q28 -> 66983.488 | AB4: ='[1]2021-based'!Q28 -> 66983.488 | AC4: ='[1]2021-based'!D28 -> 66983.488 | AE4: 2021 | AF4: ='[1]2022-based'!R28 -> 42845.915 | AH4: ='[1]2021-based'!R28 -> 42845.915 | AI4: ='[1]2021-based'!E28 -> 42845.915
A5: 2022 | B5: 67603.461 | C5: {=TRANSPOSE('2022-based principal'!B34:AN34)} -> 67602.761 | D5: =C5 -> 67602.761 | E5: {=TRANSPOSE('2022-based low'!B34:AN34)} -> 67602.761 | F5: =E5 -> 67602.761 | G5: =F5 -> 67602.761 | I5: 2022 | J5: 607 | Q5: 2022 | R5: 12.973 | Y5: 2022 | Z5: ='[1]2022-based'!Q29 -> 67603.461 | AA5: ='[1]2022-based'!B29 -> 67602.761 | AB5: ='[1]2021-based'!Q29 -> 67603.461 | AC5: ='[1]2021-based'!D29 -> 67603.461 | AE5: 2022 | AF5: ='[1]2022-based'!R29 -> 43199.2 | AG5: ='[1]2022-based'!C29 -> 43198.556 | AH5: ='[1]2021-based'!R29 -> 43199.2 | AI5: ='[1]2021-based'!E29 -> 43199.2
A6: 2023 | B6: 68265.209 | C6: 68492.495 | D6: =D5+L6+T6 -> 68492.498 | E6: 68492.495 | F6: =F5+N6+V6 -> 68492.498 | G6: =G5+O6+W6 -> 68492.498 | I6: 2023 | J6: 677.3 | K6: {=TRANSPOSE('2022-based principal'!C16:AN16)} -> 906 | L6: ='Migration variants'!F17 -> 906 | M6: {=TRANSPOSE('2022-based low'!C16:AN16)} -> 906 | N6: =K6 -> 906 | O6: =K6 -> 906 | Q6: 2023 | R6: -15.552 | S6: {=TRANSPOSE('2022-based principal'!C11:AN11)} -> -16.263 | T6: =S6 -> -16.263 | U6: {=TRANSPOSE('2022-based low'!C11:AN11)} -> -16.263 | V6: =S6 -> -16.263 | W6: =S6 -> -16.263 | Y6: 2023 | Z6: ='[1]2022-based'!Q30 -> 68265.209 | AA6: ='[1]2022-based'!B30 -> 68492.495 | AB6: ='[1]2021-based'!Q30 -> 68265.209 | AC6: ='[1]2021-based'!D30 -> 68265.209 | AE6: 2023 | AF6: ='[1]2022-based'!R30 -> 43617.552 | AG6: ='[1]2022-based'!C30 -> 43917.531 | AH6: ='[1]2021-based'!R30 -> 43617.552 | AI6: ='[1]2021-based'!E30 -> 43617.552
A7: 2024 | B7: 69154.229 | C7: 69226.231 | D7: =D6+L7+T7 -> 69226.242 | E7: 69226.231 | F7: =F6+N7+V7 -> 69226.242 | G7: =G6+O7+W7 -> 69226.242 | I7: 2024 | J7: 728 | K7: 728 | L7: ='Migration variants'!F18 -> 728 | M7: 728 | N7: =K7 -> 728 | O7: =K7 -> 728 | Q7: 2024 | R7: 161.02 | S7: 5.744 | T7: =S7 -> 5.744 | U7: 5.744 | V7: =S7 -> 5.744 | W7: =S7 -> 5.744 | Y7: 2024 | Z7: ='[1]2022-based'!Q31 -> 69226.209 | AA7: ='[1]2022-based'!B31 -> 69226.231 | AB7: ='[1]2021-based'!Q31 -> 69154.229 | AC7: ='[1]2021-based'!D31 -> 69025.203 | AE7: 2024 | AF7: ='[1]2022-based'!R31 -> 44199.397 | AG7: ='[1]2022-based'!C31 -> 44500.02 | AH7: ='[1]2021-based'!R31 -> 44484.053 | AI7: ='[1]2021-based'!E31 -> 44364.506
A8: 2025 | B8: 69734.141 | C8: 69867.979 | D8: =D7+L8+T8 -> 69587.391 | E8: 69812.631 | F8: =F7+N8+V8 -> 69740.291 | G8: =G7+O8+W8 -> 69867.991 | I8: 2025 | J8: 503.2 | K8: 630.9 | L8: ='Migration variants'!F19 -> 350.3 | M8: 576.1 | N8: =J8 -> 503.2 | O8: =K8 -> 630.9 | Q8: 2025 | R8: 76.712 | S8: 10.849 | T8: =S8 -> 10.849 | U8: 10.288 | V8: =S8 -> 10.849 | W8: =S8 -> 10.849 | Y8: 2025 | Z8: ='[1]2022-based'!Q32 -> 69867.957 | AA8: ='[1]2022-based'!B32 -> 69867.979 | AB8: ='[1]2021-based'!Q32 -> 69734.141 | AC8: ='[1]2021-based'!D32 -> 69630.376 | AE8: 2025 | AF8: ='[1]2022-based'!R32 -> 44681.33 | AG8: ='[1]2022-based'!C32 -> 44981.953 | AH8: ='[1]2021-based'!R32 -> 44862.592 | AI8: ='[1]2021-based'!E32 -> 44764.26
A9: 2026 | B9: 70226.295 | C9: 70414.3 | D9: =D8+L9+T9 -> 69861.81 | E9: 70247.113 | F9: =F8+N9+V9 -> 70172.61 | G9: =G8+O9+W9 -> 70307.55 | I9: 2026 | J9: 419.8 | K9: 533.8 | L9: ='Migration variants'!F20 -> 261.9 | M9: 424.2 | N9: =J9 -> 419.8 | O9: =K9*0.8 -> 427.04 | Q9: 2026 | R9: 72.354 | S9: 12.519 | T9: =S9 -> 12.519 | U9: 10.279 | V9: =S9 -> 12.519 | W9: =S9 -> 12.519 | Y9: 2026 | Z9: ='[1]2022-based'!Q33 -> 70307.518 | AA9: ='[1]2022-based'!B33 -> 70414.3 | AB9: ='[1]2021-based'!Q33 -> 70226.295 | AC9: ='[1]2021-based'!D33 -> 70160.187 | AE9: 2026 | AF9: ='[1]2022-based'!R33 -> 45105.29 | AG9: ='[1]2022-based'!C33 -> 45495.34 | AH9: ='[1]2021-based'!R33 -> 45281.521 | AI9: ='[1]2021-based'!E33 -> 45214.791 | AJ9: 100000
A10: 2027 | B10: 70628.865 | C10: 70861.913 | D10: =D9+L10+T10 -> 70131.202 | E10: 70525.251 | F10: =F9+N10+V10 -> 70519.902 | G10: =G9+O10+W10 -> 70667.802 | I10: 2027 | J10: 336.4 | K10: 436.7 | L10: ='Migration variants'!F21 -> 258.5 | M10: 272.3 | N10: =J10 -> 336.4 | O10: =K10*0.8 -> 349.36 | Q10: 2027 | R10: 66.17 | S10: 10.892 | T10: =S10 -> 10.892 | U10: 5.827 | V10: =S10 -> 10.892 | W10: =S10 -> 10.892 | Y10: 2027 | Z10: ='[1]2022-based'!Q34 -> 70667.791 | AA10: ='[1]2022-based'!B34 -> 70861.913 | AB10: ='[1]2021-based'!Q34 -> 70628.865 | AC10: ='[1]2021-based'!D34 -> 70612.833 | AE10: 2027 | AF10: ='[1]2022-based'!R34 -> 45736.222 | AG10: ='[1]2022-based'!C34 -> 46199.299 | AH10: ='[1]2021-based'!R34 -> 45904.155 | AI10: ='[1]2021-based'!E34 -> 45879.422 | AJ10: 100000
A11: 2028 | B11: 70939.986 | C11: 71208.101 | D11: =D10+L11+T11 -> 70427.687 | E11: 70642.366 | F11: =F10+N11+V11 -> 70779.087 | G11: =G10+O11+W11 -> 70945.987 | I11: 2028 | J11: 253 | K11: 340 | L11: ='Migration variants'!F22 -> 290.3 | M11: 120 | N11: =J11 -> 253 | O11: =K11*0.8 -> 272 | Q11: 2028 | R11: 58.121 | S11: 6.185 | T11: =S11 -> 6.185 | U11: -2.895 | V11: =S11 -> 6.185 | W11: =S11 -> 6.185 | Y11: 2028 | Z11: ='[1]2022-based'!Q35 -> 70945.979 | AA11: ='[1]2022-based'!B35 -> 71208.101 | AB11: ='[1]2021-based'!Q35 -> 70939.986 | AC11: ='[1]2021-based'!D35 -> 70985.959 | AE11: 2028 | AF11: ='[1]2022-based'!R35 -> 46180.929 | AG11: ='[1]2022-based'!C35 -> 46700.663 | AH11: ='[1]2021-based'!R35 -> 46332.655 | AI11: ='[1]2021-based'!E35 -> 46359.85 | AJ11: 100000
A12: 2029 | B12: 71242.173 | C12: 71547.662 | D12: =D11+L12+T12 -> 70754.053 | E12: 70748.184 | F12: =F11+N12+V12 -> 71031.653 | G12: =G11+O12+W12 -> 71217.553 | I12: 2029 | J12: 253 | K12: 340 | L12: ='Migration variants'!F23 -> 326.8 | M12: 120 | N12: =J12 -> 253 | O12: =K12*0.8 -> 272 | Q12: 2029 | R12: 49.187 | S12: -0.434 | T12: =S12 -> -0.434 | U12: -14.186 | V12: =S12 -> -0.434 | W12: =S12 -> -0.434 | Y12: 2029 | Z12: ='[1]2022-based'!Q36 -> 71217.54 | AA12: ='[1]2022-based'!B36 -> 71547.662 | AB12: ='[1]2021-based'!Q36 -> 71242.173 | AC12: ='[1]2021-based'!D36 -> 71350.151 | AE12: 2029 | AF12: ='[1]2022-based'!R36 -> 46296.628 | AG12: ='[1]2022-based'!C36 -> 46873.019 | AH12: ='[1]2021-based'!R36 -> 46430.746 | AI12: ='[1]2021-based'!E36 -> 46509.867
A13: 2030 | B13: 71535.299 | C13: 71879.988 | D13: =D12+L13+T13 -> 71086.383 | E13: 70841.942 | F13: =F12+N13+V13 -> 71276.983 | G13: =G12+O13+W13 -> 71481.883 | I13: 2030 | J13: 253 | K13: 340 | L13: ='Migration variants'!F24 -> 340 | M13: 120 | N13: =J13 -> 253 | O13: =K13*0.8 -> 272 | Q13: 2030 | R13: 40.126 | S13: -7.67 | T13: =S13 -> -7.67 | U13: -26.232 | V13: =S13 -> -7.67 | W13: =S13 -> -7.67 | Y13: 2030 | Z13: ='[1]2022-based'!Q37 -> 71481.866 | AA13: ='[1]2022-based'!B37 -> 71879.988 | AB13: ='[1]2021-based'!Q37 -> 71535.299 | AC13: ='[1]2021-based'!D37 -> 71705.282 | AE13: 2030 | AF13: ='[1]2022-based'!R37 -> 46378.976 | AG13: ='[1]2022-based'!C37 -> 47012.023 | AH13: ='[1]2021-based'!R37 -> 46495.167 | AI13: ='[1]2021-based'!E37 -> 46626.215
A14: 2031 | B14: 71819.47 | C14: 72204.574 | D14: =D13+L14+T14 -> 71410.974 | E14: 70923.131 | F14: =F13+N14+V14 -> 71514.574 | G14: =G13+O14+W14 -> 71738.474 | I14: 2031 | J14: 253 | K14: 340 | L14: =L13 -> 340 | M14: 120 | N14: =J14 -> 253 | O14: =K14*0.8 -> 272 | Q14: 2031 | R14: 31.171 | S14: -15.409 | T14: =S14 -> -15.409 | U14: -38.813 | V14: =S14 -> -15.409 | W14: =S14 -> -15.409 | Y14: 2031 | Z14: ='[1]2022-based'!Q38 -> 71738.452 | AA14: ='[1]2022-based'!B38 -> 72204.574 | AB14: ='[1]2021-based'!Q38 -> 71819.47 | AC14: ='[1]2021-based'!D38 -> 72051.458 | AE14: 2031 | AF14: ='[1]2022-based'!R38 -> 46444.25 | AG14: ='[1]2022-based'!C38 -> 47133.954 | AH14: ='[1]2021-based'!R38 -> 46541.49 | AI14: ='[1]2021-based'!E38 -> 46724.465
A15: 2032 | B15: 72094.995 | C15: 72521.173 | D15: =D14+L15+T15 -> 71727.587 | E15: 70991.456 | F15: =F14+N15+V15 -> 71744.187 | G15: =G14+O15+W15 -> 71987.087 | I15: 2032 | J15: 253 | K15: 340 | L15: =L14 -> 340 | M15: 120 | N15: =J15 -> 253 | O15: =K15*0.8 -> 272 | Q15: 2032 | R15: 22.525 | S15: -23.387 | T15: =S15 -> -23.387 | U15: -51.678 | V15: =S15 -> -23.387 | W15: =S15 -> -23.387 | Y15: 2032 | Z15: ='[1]2022-based'!Q39 -> 71987.051 | AA15: ='[1]2022-based'!B39 -> 72521.173 | AB15: ='[1]2021-based'!Q39 -> 72094.995 | AC15: ='[1]2021-based'!D39 -> 72388.988 | AE15: 2032 | AF15: ='[1]2022-based'!R39 -> 46511.147 | AG15: ='[1]2022-based'!C39 -> 47257.508 | AH15: ='[1]2021-based'!R39 -> 46587.436 | AI15: ='[1]2021-based'!E39 -> 46822.337
A16: 2033 | B16: 72361.939 | C16: 72830.021 | D16: =D15+L16+T16 -> 72036.448 | E16: 71047.18 | F16: =F15+N16+V16 -> 71966.048 | G16: =G15+O16+W16 -> 72227.948 | I16: 2033 | J16: 253 | K16: 340 | L16: =L15 -> 340 | M16: 120 | N16: =J16 -> 253 | O16: =K16*0.8 -> 272 | Q16: 2033 | R16: 13.944 | S16: -31.139 | T16: =S16 -> -31.139 | U16: -64.268 | V16: =S16 -> -31.139 | W16: =S16 -> -31.139 | Y16: 2033 | Z16: ='[1]2022-based'!Q40 -> 72227.899 | AA16: ='[1]2022-based'!B40 -> 72830.021 | AB16: ='[1]2021-based'!Q40 -> 72361.939 | AC16: ='[1]2021-based'!D40 -> 72717.937 | AE16: 2033 | AF16: ='[1]2022-based'!R40 -> 46567.098 | AG16: ='[1]2022-based'!C40 -> 47370.116 | AH16: ='[1]2021-based'!R40 -> 46621.511 | AI16: ='[1]2021-based'!E40 -> 46908.339
A17: 2034 | B17: 72620.606 | C17: 73131.597 | D17: =D16+L17+T17 -> 72338.034 | E17: 71090.845 | F17: =F16+N17+V17 -> 72180.634 | G17: =G16+O17+W17 -> 72461.534 | I17: 2034 | J17: 253 | K17: 340 | L17: =L16 -> 340 | M17: 120 | N17: =J17 -> 253 | O17: =K17*0.8 -> 272 | Q17: 2034 | R17: 5.667 | S17: -38.414 | T17: =S17 -> -38.414 | U17: -76.339 | V17: =S17 -> -38.414 | W17: =S17 -> -38.414 | Y17: 2034 | Z17: ='[1]2022-based'!Q41 -> 72461.475 | AA17: ='[1]2022-based'!B41 -> 73131.597 | AB17: ='[1]2021-based'!Q41 -> 72620.606 | AC17: ='[1]2021-based'!D41 -> 73038.609 | AE17: 2034 | AF17: ='[1]2022-based'!R41 -> 46608.568 | AG17: ='[1]2022-based'!C41 -> 47468.243 | AH17: ='[1]2021-based'!R41 -> 46639.529 | AI17: ='[1]2021-based'!E41 -> 46978.284
A18: 2035 | B18: 72871.607 | C18: 73426.168 | D18: =D17+L18+T18 -> 72632.595 | E18: 71122.832 | F18: =F17+N18+V18 -> 72388.195 | G18: =G17+O18+W18 -> 72688.095 | I18: 2035 | J18: 253 | K18: 340 | L18: =L17 -> 340 | M18: 120 | N18: =J18 -> 253 | O18: =K18*0.8 -> 272 | Q18: 2035 | R18: -1.999 | S18: -45.439 | T18: =S18 -> -45.439 | U18: -88.018 | V18: =S18 -> -45.439 | W18: =S18 -> -45.439 | Y18: 2035 | Z18: ='[1]2022-based'!Q42 -> 72688.046 | AA18: ='[1]2022-based'!B42 -> 73426.168 | AB18: ='[1]2021-based'!Q42 -> 72871.607 | AC18: ='[1]2021-based'!D42 -> 73351.615 | AE18: 2035 | AF18: ='[1]2022-based'!R42 -> 46652.419 | AG18: ='[1]2022-based'!C42 -> 47568.751 | AH18: ='[1]2021-based'!R42 -> 46656.565 | AI18: ='[1]2021-based'!E42 -> 47047.246
A19: 2036 | B19: 73116.782 | C19: 73714.089 | D19: =D18+L19+T19 -> 72920.528 | E19: 71143.8 | F19: =F18+N19+V19 -> 72589.128 | G19: =G18+O19+W19 -> 72908.028 | I19: 2036 | J19: 253 | K19: 340 | L19: =L18 -> 340 | M19: 120 | N19: =J19 -> 253 | O19: =K19*0.8 -> 272 | Q19: 2036 | R19: -7.825 | S19: -52.067 | T19: =S19 -> -52.067 | U19: -99.03 | V19: =S19 -> -52.067 | W19: =S19 -> -52.067 | Y19: 2036 | Z19: ='[1]2022-based'!Q43 -> 72907.967 | AA19: ='[1]2022-based'!B43 -> 73714.089 | AB19: ='[1]2021-based'!Q43 -> 73116.782 | AC19: ='[1]2021-based'!D43 -> 73658.795 | AE19: 2036 | AF19: ='[1]2022-based'!R43 -> 46686.085 | AG19: ='[1]2022-based'!C43 -> 47659.073 | AH19: ='[1]2021-based'!R43 -> 46664.337 | AI19: ='[1]2021-based'!E43 -> 47106.945
A20: 2037 | B20: 73358.104 | C20: 73995.941 | D20: =D19+L20+T20 -> 73202.396 | E20: 71154.555 | F20: =F19+N20+V20 -> 72783.996 | G20: =G19+O20+W20 -> 73121.896 | I20: 2037 | J20: 253 | K20: 340 | L20: =L19 -> 340 | M20: 120 | N20: =J20 -> 253 | O20: =K20*0.8 -> 272 | Q20: 2037 | R20: -11.678 | S20: -58.132 | T20: =S20 -> -58.132 | U20: -109.24 | V20: =S20 -> -58.132 | W20: =S20 -> -58.132 | Y20: 2037 | Z20: ='[1]2022-based'!Q44 -> 73121.819 | AA20: ='[1]2022-based'!B44 -> 73995.941 | AB20: ='[1]2021-based'!Q44 -> 73358.104 | AC20: ='[1]2021-based'!D44 -> 73962.122 | AE20: 2037 | AF20: ='[1]2022-based'!R44 -> 46722.46 | AG20: ='[1]2022-based'!C44 -> 47752.105 | AH20: ='[1]2021-based'!R44 -> 46670.41 | AI20: ='[1]2021-based'!E44 -> 47164.945
A21: 2038 | B21: 73596.385 | C21: 74272.334 | D21: =D20+L21+T21 -> 73478.793 | E21: 71156.042 | F21: =F20+N21+V21 -> 72973.393 | G21: =G20+O21+W21 -> 73330.293 | I21: 2038 | J21: 253 | K21: 340 | L21: =L20 -> 340 | M21: 120 | N21: =J21 -> 253 | O21: =K21*0.8 -> 272 | Q21: 2038 | R21: -14.719 | S21: -63.603 | T21: =S21 -> -63.603 | U21: -118.523 | V21: =S21 -> -63.603 | W21: =S21 -> -63.603 | Y21: 2038 | Z21: ='[1]2022-based'!Q45 -> 73330.212 | AA21: ='[1]2022-based'!B45 -> 74272.334 | AB21: ='[1]2021-based'!Q45 -> 73596.385 | AC21: ='[1]2021-based'!D45 -> 74262.408 | AE21: 2038 | AF21: ='[1]2022-based'!R45 -> 46748.213 | AG21: ='[1]2022-based'!C45 -> 47834.515 | AH21: ='[1]2021-based'!R45 -> 46671.475 | AI21: ='[1]2021-based'!E45 -> 47217.936
A22: 2039 | B22: 73832.183 | C22: 74543.738 | D22: =D21+L22+T22 -> 73750.189 | E22: 71149.096 | F22: =F21+N22+V22 -> 73157.789 | G22: =G21+O22+W22 -> 73533.689 | I22: 2039 | J22: 253 | K22: 340 | L22: =L21 -> 340 | M22: 120 | N22: =J22 -> 253 | O22: =K22*0.8 -> 272 | Q22: 2039 | R22: -17.202 | S22: -68.604 | T22: =S22 -> -68.604 | U22: -126.958 | V22: =S22 -> -68.604 | W22: =S22 -> -68.604 | Y22: 2039 | Z22: ='[1]2022-based'!Q46 -> 73533.616 | AA22: ='[1]2022-based'!B46 -> 74543.738 | AB22: ='[1]2021-based'!Q46 -> 73832.183 | AC22: ='[1]2021-based'!D46 -> 74560.211 | AE22: 2039 | AF22: ='[1]2022-based'!R46 -> 46772.661 | AG22: ='[1]2022-based'!C46 -> 47915.62 | AH22: ='[1]2021-based'!R46 -> 46673.662 | AI22: ='[1]2021-based'!E46 -> 47272.05
A23: 2040 | B23: 74065.817 | C23: 74810.478 | D23: =D22+L23+T23 -> 74016.941 | E23: 71134.408 | F23: =F22+N23+V23 -> 73337.541 | G23: =G22+O23+W23 -> 73732.441 | I23: 2040 | J23: 253 | K23: 340 | L23: =L22 -> 340 | M23: 120 | N23: =J23 -> 253 | O23: =K23*0.8 -> 272 | Q23: 2040 | R23: -19.366 | S23: -73.248 | T23: =S23 -> -73.248 | U23: -134.682 | V23: =S23 -> -73.248 | W23: =S23 -> -73.248 | Y23: 2040 | Z23: ='[1]2022-based'!Q47 -> 73732.356 | AA23: ='[1]2022-based'!B47 -> 74810.478 | AB23: ='[1]2021-based'!Q47 -> 74065.817 | AC23: ='[1]2021-based'!D47 -> 74855.85 | AE23: 2040 | AF23: ='[1]2022-based'!R47 -> 46827.023 | AG23: ='[1]2022-based'!C47 -> 48026.639 | AH23: ='[1]2021-based'!R47 -> 46752.706 | AI23: ='[1]2021-based'!E47 -> 47403.021
A24: 2041 | B24: 74296.873 | C24: 75072.892 | D24: =D23+L24+T24 -> 74279.362 | E24: 71112.67 | F24: =F23+N24+V24 -> 73512.962 | G24: =G23+O24+W24 -> 73926.862 | I24: 2041 | J24: 253 | K24: 340 | L24: =L23 -> 340 | M24: 120 | N24: =J24 -> 253 | O24: =K24*0.8 -> 272 | Q24: 2041 | R24: -21.944 | S24: -77.579 | T24: =S24 -> -77.579 | U24: -141.739 | V24: =S24 -> -77.579 | W24: =S24 -> -77.579 | Y24: 2041 | Z24: ='[1]2022-based'!Q48 -> 73926.77 | AA24: ='[1]2022-based'!B48 -> 75072.892 | AB24: ='[1]2021-based'!Q48 -> 74296.873 | AC24: ='[1]2021-based'!D48 -> 75148.911 | AE24: 2041 | AF24: ='[1]2022-based'!R48 -> 46914.979 | AG24: ='[1]2022-based'!C48 -> 48171.252 | AH24: ='[1]2021-based'!R48 -> 46869.518 | AI24: ='[1]2021-based'!E48 -> 47571.759
A25: 2042 | B25: 74524.852 | C25: 75331.209 | D25: =D24+L25+T25 -> 74537.682 | E25: 71084.426 | F25: =F24+N25+V25 -> 73684.282 | G25: =G24+O25+W25 -> 74117.182 | I25: 2042 | J25: 253 | K25: 340 | L25: =L24 -> 340 | M25: 120 | N25: =J25 -> 253 | O25: =K25*0.8 -> 272 | Q25: 2042 | R25: -25.021 | S25: -81.68 | T25: =S25 -> -81.68 | U25: -148.251 | V25: =S25 -> -81.68 | W25: =S25 -> -81.68 | Y25: 2042 | Z25: ='[1]2022-based'!Q49 -> 74117.087 | AA25: ='[1]2022-based'!B49 -> 75331.209 | AB25: ='[1]2021-based'!Q49 -> 74524.852 | AC25: ='[1]2021-based'!D49 -> 75438.895 | AE25: 2042 | AF25: ='[1]2022-based'!R49 -> 47014.811 | AG25: ='[1]2022-based'!C49 -> 48327.74 | AH25: ='[1]2021-based'!R49 -> 46998.436 | AI25: ='[1]2021-based'!E49 -> 47752.604
A26: 2043 | B26: 74749.709 | C26: 75585.236 | D26: =D25+L26+T26 -> 74791.724 | E26: 71049.754 | F26: =F25+N26+V26 -> 73851.324 | G26: =G25+O26+W26 -> 74303.224 | I26: 2043 | J26: 253 | K26: 340 | L26: =L25 -> 340 | M26: 120 | N26: =J26 -> 253 | O26: =K26*0.8 -> 272 | Q26: 2043 | R26: -28.143 | S26: -85.958 | T26: =S26 -> -85.958 | U26: -154.657 | V26: =S26 -> -85.958 | W26: =S26 -> -85.958 | Y26: 2043 | Z26: ='[1]2022-based'!Q50 -> 74303.114 | AA26: ='[1]2022-based'!B50 -> 75585.236 | AB26: ='[1]2021-based'!Q50 -> 74749.709 | AC26: ='[1]2021-based'!D50 -> 75725.757 | AE26: 2043 | AF26: ='[1]2022-based'!R50 -> 47128.745 | AG26: ='[1]2022-based'!C50 -> 48498.331 | AH26: ='[1]2021-based'!R50 -> 47142.266 | AI26: ='[1]2021-based'!E50 -> 47948.361
A27: 2044 | B27: 74971.281 | C27: 75834.507 | D27: =D26+L27+T27 -> 75040.989 | E27: 71008.509 | F27: =F26+N27+V27 -> 74013.589 | G27: =G26+O27+W27 -> 74484.489 | I27: 2044 | J27: 253 | K27: 340 | L27: =L26 -> 340 | M27: 120 | N27: =J27 -> 253 | O27: =K27*0.8 -> 272 | Q27: 2044 | R27: -31.428 | S27: -90.735 | T27: =S27 -> -90.735 | U27: -161.252 | V27: =S27 -> -90.735 | W27: =S27 -> -90.735 | Y27: 2044 | Z27: ='[1]2022-based'!Q51 -> 74484.385 | AA27: ='[1]2022-based'!B51 -> 75834.507 | AB27: ='[1]2021-based'!Q51 -> 74971.281 | AC27: ='[1]2021-based'!D51 -> 76009.334 | AE27: 2044 | AF27: ='[1]2022-based'!R51 -> 47370.251 | AG27: ='[1]2022-based'!C51 -> 48796.494 | AH27: ='[1]2021-based'!R51 -> 47414.701 | AI27: ='[1]2021-based'!E51 -> 48272.722 | AJ27: 100000
A28: 2045 | B28: 75188.12 | C28: 76078.686 | D28: =D27+L28+T28 -> 75285.169 | E28: 70960.588 | F28: =F27+N28+V28 -> 74170.769 | G28: =G27+O28+W28 -> 74660.669 | I28: 2045 | J28: 253 | K28: 340 | L28: =L27 -> 340 | M28: 120 | N28: =J28 -> 253 | O28: =K28*0.8 -> 272 | Q28: 2045 | R28: -36.161 | S28: -95.82 | T28: =S28 -> -95.82 | U28: -167.915 | V28: =S28 -> -95.82 | W28: =S28 -> -95.82 | Y28: 2045 | Z28: ='[1]2022-based'!Q52 -> 74660.564 | AA28: ='[1]2022-based'!B52 -> 76078.686 | AB28: ='[1]2021-based'!Q52 -> 75188.12 | AC28: ='[1]2021-based'!D52 -> 76288.178 | AE28: 2045 | AF28: ='[1]2022-based'!R52 -> 47856.559 | AG28: ='[1]2022-based'!C52 -> 49339.459 | AH28: ='[1]2021-based'!R52 -> 47932.917 | AI28: ='[1]2021-based'!E52 -> 48842.866 | AJ28: 100000
A29: 2046 | B29: 75398.568 | C29: 76317.48 | D29: =D28+L29+T29 -> 75523.984 | E29: 70905.848 | F29: =F28+N29+V29 -> 74322.584 | G29: =G28+O29+W29 -> 74831.484 | I29: 2046 | J29: 253 | K29: 340 | L29: =L28 -> 340 | M29: 120 | N29: =J29 -> 253 | O29: =K29*0.8 -> 272 | Q29: 2046 | R29: -42.552 | S29: -101.185 | T29: =S29 -> -101.185 | U29: -174.727 | V29: =S29 -> -101.185 | W29: =S29 -> -101.185 | Y29: 2046 | Z29: ='[1]2022-based'!Q53 -> 74831.358 | AA29: ='[1]2022-based'!B53 -> 76317.48 | AB29: ='[1]2021-based'!Q53 -> 75398.568 | AC29: ='[1]2021-based'!D53 -> 76560.631 | AE29: 2046 | AF29: ='[1]2022-based'!R53 -> 48232.802 | AG29: ='[1]2022-based'!C53 -> 49772.297 | AH29: ='[1]2021-based'!R53 -> 48340.089 | AI29: ='[1]2021-based'!E53 -> 49301.91 | AJ29: 100000
A30: 2047 | B30: 75602.145 | C30: 76550.535 | D30: =D29+L30+T30 -> 75757.036 | E30: 70844.131 | F30: =F29+N30+V30 -> 74468.636 | G30: =G29+O30+W30 -> 74996.536 | I30: 2047 | J30: 253 | K30: 340 | L30: =L29 -> 340 | M30: 120 | N30: =J30 -> 253 | O30: =K30*0.8 -> 272 | Q30: 2047 | R30: -49.423 | S30: -106.948 | T30: =S30 -> -106.948 | U30: -181.729 | V30: =S30 -> -106.948 | W30: =S30 -> -106.948 | Y30: 2047 | Z30: ='[1]2022-based'!Q54 -> 74996.413 | AA30: ='[1]2022-based'!B54 -> 76550.535 | AB30: ='[1]2021-based'!Q54 -> 75602.145 | AC30: ='[1]2021-based'!D54 -> 76826.213 | AE30: 2047 | AF30: ='[1]2022-based'!R54 -> 48291.625 | AG30: ='[1]2022-based'!C54 -> 49887.751 | AH30: ='[1]2021-based'!R54 -> 48428.709 | AI30: ='[1]2021-based'!E54 -> 49442.435
A31: 2048 | B31: 75798.418 | C31: 76776.46 | D31: =D30+L31+T31 -> 75982.957 | E31: 70774.277 | F31: =F30+N31+V31 -> 74607.557 | G31: =G30+O31+W31 -> 75154.457 | I31: 2048 | J31: 253 | K31: 340 | L31: =L30 -> 340 | M31: 120 | N31: =J31 -> 253 | O31: =K31*0.8 -> 272 | Q31: 2048 | R31: -56.727 | S31: -114.079 | T31: =S31 -> -114.079 | U31: -189.857 | V31: =S31 -> -114.079 | W31: =S31 -> -114.079 | Y31: 2048 | Z31: ='[1]2022-based'!Q55 -> 75154.338 | AA31: ='[1]2022-based'!B55 -> 76776.46 | AB31: ='[1]2021-based'!Q55 -> 75798.418 | AC31: ='[1]2021-based'!D55 -> 77084.491 | AE31: 2048 | AF31: ='[1]2022-based'!R55 -> 48315.945 | AG31: ='[1]2022-based'!C55 -> 49968.728 | AH31: ='[1]2021-based'!R55 -> 48482.09 | AI31: ='[1]2021-based'!E55 -> 49547.743
A32: 2049 | B32: 75986.883 | C32: 76993.637 | D32: =D31+L32+T32 -> 76200.13 | E32: 70694.92 | F32: =F31+N32+V32 -> 74737.73 | G32: =G31+O32+W32 -> 75303.63 | I32: 2049 | J32: 253 | K32: 340 | L32: =L31 -> 340 | M32: 120 | N32: =J32 -> 253 | O32: =K32*0.8 -> 272 | Q32: 2049 | R32: -64.535 | S32: -122.827 | T32: =S32 -> -122.827 | U32: -199.356 | V32: =S32 -> -122.827 | W32: =S32 -> -122.827 | Y32: 2049 | Z32: ='[1]2022-based'!Q56 -> 75303.515 | AA32: ='[1]2022-based'!B56 -> 76993.637 | AB32: ='[1]2021-based'!Q56 -> 75986.883 | AC32: ='[1]2021-based'!D56 -> 77334.961 | AE32: 2049 | AF32: ='[1]2022-based'!R56 -> 48340.137 | AG32: ='[1]2022-based'!C56 -> 50049.577 | AH32: ='[1]2021-based'!R56 -> 48535.572 | AI32: ='[1]2021-based'!E56 -> 49653.151
A33: 2050 | B33: 76167.384 | C33: 77201.483 | D33: =D32+L33+T33 -> 76407.98 | E33: 70605.494 | F33: =F32+N33+V33 -> 74858.58 | G33: =G32+O33+W33 -> 75443.48 | I33: 2050 | J33: 253 | K33: 340 | L33: =L32 -> 340 | M33: 120 | N33: =J33 -> 253 | O33: =K33*0.8 -> 272 | Q33: 2050 | R33: -72.499 | S33: -132.15 | T33: =S33 -> -132.15 | U33: -209.429 | V33: =S33 -> -132.15 | W33: =S33 -> -132.15 | Y33: 2050 | Z33: ='[1]2022-based'!Q57 -> 75443.361 | AA33: ='[1]2022-based'!B57 -> 77201.483 | AB33: ='[1]2021-based'!Q57 -> 76167.384 | AC33: ='[1]2021-based'!D57 -> 77577.467 | AE33: 2050 | AF33: ='[1]2022-based'!R57 -> 48370.682 | AG33: ='[1]2022-based'!C57 -> 50136.779 | AH33: ='[1]2021-based'!R57 -> 48593.634 | AI33: ='[1]2021-based'!E57 -> 49763.14
A34: 2051 | B34: 76340.093 | C34: 77399.645 | D34: =D33+L34+T34 -> 76606.133 | E34: 70505.698 | F34: =F33+N34+V34 -> 74969.733 | G34: =G33+O34+W34 -> 75573.633 | I34: 2051 | J34: 253 | K34: 340 | L34: =L33 -> 340 | M34: 120 | N34: =J34 -> 253 | O34: =K34*0.8 -> 272 | Q34: 2051 | R34: -80.291 | S34: -141.847 | T34: =S34 -> -141.847 | U34: -219.798 | V34: =S34 -> -141.847 | W34: =S34 -> -141.847 | Y34: 2051 | Z34: ='[1]2022-based'!Q58 -> 75573.523 | AA34: ='[1]2022-based'!B58 -> 77399.645 | AB34: ='[1]2021-based'!Q58 -> 76340.093 | AC34: ='[1]2021-based'!D58 -> 77812.181 | AE34: 2051 | AF34: ='[1]2022-based'!R58 -> 48394.392 | AG34: ='[1]2022-based'!C58 -> 50217.146 | AH34: ='[1]2021-based'!R58 -> 48645.648 | AI34: ='[1]2021-based'!E58 -> 49867.081
A35: 2052 | B35: 76505.255 | C35: 77588.049 | D35: =D34+L35+T35 -> 76794.549 | E35: 70395.487 | F35: =F34+N35+V35 -> 75071.149 | G35: =G34+O35+W35 -> 75694.049 | I35: 2052 | J35: 253 | K35: 340 | L35: =L34 -> 340 | M35: 120 | N35: =J35 -> 253 | O35: =K35*0.8 -> 272 | Q35: 2052 | R35: -87.838 | S35: -151.584 | T35: =S35 -> -151.584 | U35: -230.208 | V35: =S35 -> -151.584 | W35: =S35 -> -151.584 | Y35: 2052 | Z35: ='[1]2022-based'!Q59 -> 75693.927 | AA35: ='[1]2022-based'!B59 -> 77588.049 | AB35: ='[1]2021-based'!Q59 -> 76505.255 | AC35: ='[1]2021-based'!D59 -> 78039.348 | AE35: 2052 | AF35: ='[1]2022-based'!R59 -> 48415.723 | AG35: ='[1]2022-based'!C59 -> 50295.133 | AH35: ='[1]2021-based'!R59 -> 48696.22 | AI35: ='[1]2021-based'!E59 -> 49969.579
A36: 2053 | B36: 76663.196 | C36: 77766.71 | D36: =D35+L36+T36 -> 76973.212 | E36: 70274.803 | F36: =F35+N36+V36 -> 75162.812 | G36: =G35+O36+W36 -> 75804.712 | I36: 2053 | J36: 253 | K36: 340 | L36: =L35 -> 340 | M36: 120 | N36: =J36 -> 253 | O36: =K36*0.8 -> 272 | Q36: 2053 | R36: -95.059 | S36: -161.337 | T36: =S36 -> -161.337 | U36: -240.684 | V36: =S36 -> -161.337 | W36: =S36 -> -161.337 | Y36: 2053 | Z36: ='[1]2022-based'!Q60 -> 75804.588 | AA36: ='[1]2022-based'!B60 -> 77766.71 | AB36: ='[1]2021-based'!Q60 -> 76663.196 | AC36: ='[1]2021-based'!D60 -> 78259.294 | AE36: 2053 | AF36: ='[1]2022-based'!R60 -> 48408.043 | AG36: ='[1]2022-based'!C60 -> 50344.11 | AH36: ='[1]2021-based'!R60 -> 48719.279 | AI36: ='[1]2021-based'!E60 -> 50044.565
A37: 2054 | B37: 76814.554 | C37: 77935.834 | D37: =D36+L37+T37 -> 77142.342 | E37: 70143.805 | F37: =F36+N37+V37 -> 75244.942 | G37: =G36+O37+W37 -> 75905.842 | I37: 2054 | J37: 253 | K37: 340 | L37: =L36 -> 340 | M37: 120 | N37: =J37 -> 253 | O37: =K37*0.8 -> 272 | Q37: 2054 | R37: -101.642 | S37: -170.87 | T37: =S37 -> -170.87 | U37: -250.986 | V37: =S37 -> -170.87 | W37: =S37 -> -170.87 | Y37: 2054 | Z37: ='[1]2022-based'!Q61 -> 75905.712 | AA37: ='[1]2022-based'!B61 -> 77935.834 | AB37: ='[1]2021-based'!Q61 -> 76814.554 | AC37: ='[1]2021-based'!D61 -> 78472.657 | AE37: 2054 | AF37: ='[1]2022-based'!R61 -> 48393.247 | AG37: ='[1]2022-based'!C61 -> 50385.971 | AH37: ='[1]2021-based'!R61 -> 48736.911 | AI37: ='[1]2021-based'!E61 -> 50114.124
A38: 2055 | B38: 76960.345 | C38: 78096.133 | D38: =D37+L38+T38 -> 77302.651 | E38: 70003.176 | F38: =F37+N38+V38 -> 75318.251 | G38: =G37+O38+W38 -> 75998.151 | I38: 2055 | J38: 253 | K38: 340 | L38: =L37 -> 340 | M38: 120 | N38: =J38 -> 253 | O38: =K38*0.8 -> 272 | Q38: 2055 | R38: -107.209 | S38: -179.691 | T38: =S38 -> -179.691 | U38: -260.623 | V38: =S38 -> -179.691 | W38: =S38 -> -179.691 | Y38: 2055 | Z38: ='[1]2022-based'!Q62 -> 75998.011 | AA38: ='[1]2022-based'!B62 -> 78096.133 | AB38: ='[1]2021-based'!Q62 -> 76960.345 | AC38: ='[1]2021-based'!D62 -> 78680.453 | AE38: 2055 | AF38: ='[1]2022-based'!R62 -> 48367.98 | AG38: ='[1]2022-based'!C62 -> 50417.361 | AH38: ='[1]2021-based'!R62 -> 48744.978 | AI38: ='[1]2021-based'!E62 -> 50174.117
A39: 2056 | B39: 77101.628 | C39: 78248.758 | D39: =D38+L39+T39 -> 77455.27 | E39: 69853.972 | F39: =F38+N39+V39 -> 75383.87 | G39: =G38+O39+W39 -> 76082.77 | I39: 2056 | J39: 253 | K39: 340 | L39: =L38 -> 340 | M39: 120 | N39: =J39 -> 253 | O39: =K39*0.8 -> 272 | Q39: 2056 | R39: -111.717 | S39: -187.381 | T39: =S39 -> -187.381 | U39: -269.204 | V39: =S39 -> -187.381 | W39: =S39 -> -187.381 | Y39: 2056 | Z39: ='[1]2022-based'!Q63 -> 76082.636 | AA39: ='[1]2022-based'!B63 -> 78248.758 | AB39: ='[1]2021-based'!Q63 -> 77101.628 | AC39: ='[1]2021-based'!D63 -> 78883.741 | AE39: 2056 | AF39: ='[1]2022-based'!R63 -> 48317.418 | AG39: ='[1]2022-based'!C63 -> 50423.456 | AH39: ='[1]2021-based'!R63 -> 48729.948 | AI39: ='[1]2021-based'!E63 -> 50211.014
A40: 2057 | B40: 77239.584 | C40: 78394.896 | D40: =D39+L40+T40 -> 77601.409 | E40: 69697.317 | F40: =F39+N40+V40 -> 75443.009 | G40: =G39+O40+W40 -> 76160.909 | I40: 2057 | J40: 253 | K40: 340 | L40: =L39 -> 340 | M40: 120 | N40: =J40 -> 253 | O40: =K40*0.8 -> 272 | Q40: 2057 | R40: -115.044 | S40: -193.861 | T40: =S40 -> -193.861 | U40: -276.651 | V40: =S40 -> -193.861 | W40: =S40 -> -193.861 | Y40: 2057 | Z40: ='[1]2022-based'!Q64 -> 76160.774 | AA40: ='[1]2022-based'!B64 -> 78394.896 | AB40: ='[1]2021-based'!Q64 -> 77239.584 | AC40: ='[1]2021-based'!D64 -> 79083.702 | AE40: 2057 | AF40: ='[1]2022-based'!R64 -> 48270.877 | AG40: ='[1]2022-based'!C64 -> 50433.572 | AH40: ='[1]2021-based'!R64 -> 48719.333 | AI40: ='[1]2021-based'!E64 -> 50252.326
A41: 2058 | B41: 77375.027 | C41: 78535.61 | D41: =D40+L41+T41 -> 77742.118 | E41: 69534.264 | F41: =F40+N41+V41 -> 75496.718 | G41: =G40+O41+W41 -> 76233.618 | I41: 2058 | J41: 253 | K41: 340 | L41: =L40 -> 340 | M41: 120 | N41: =J41 -> 253 | O41: =K41*0.8 -> 272 | Q41: 2058 | R41: -117.557 | S41: -199.291 | T41: =S41 -> -199.291 | U41: -283.049 | V41: =S41 -> -199.291 | W41: =S41 -> -199.291 | Y41: 2058 | Z41: ='[1]2022-based'!Q65 -> 76233.488 | AA41: ='[1]2022-based'!B65 -> 78535.61 | AB41: ='[1]2021-based'!Q65 -> 77375.027 | AC41: ='[1]2021-based'!D65 -> 79281.15 | AE41: 2058 | AF41: ='[1]2022-based'!R65 -> 48212.039 | AG41: ='[1]2022-based'!C65 -> 50431.39 | AH41: ='[1]2021-based'!R65 -> 48696.308 | AI41: ='[1]2021-based'!E65 -> 50281.228
... A43: 2060 | B43: 77642.358 | C43: 78805.317 | D43: =D42+L43+T43 -> 78011.837 | E43: 69193.058 | F43: =F42+N43+V43 -> 75592.437 | G43: =G42+O43+W43 -> 76367.337 | I43: 2060 | J43: 253 | K43: 340 | L43: =L42 -> 340 | M43: 120 | N43: =J43 -> 253 | O43: =K43*0.8 -> 272 | Q43: 2060 | R43: -119.594 | S43: -206.717 | T43: =S43 -> -206.717 | U43: -292.758 | V43: =S43 -> -206.717 | W43: =S43 -> -206.717 | Y43: 2060 | Z43: ='[1]2022-based'!Q67 -> 76367.195 | AA43: ='[1]2022-based'!B67 -> 78805.317 | AB43: ='[1]2021-based'!Q67 -> 77642.358 | AC43: ='[1]2021-based'!D67 -> 79672.491 | AE43: 2060 | AF43: ='[1]2022-based'!R67 -> 48070.233 | AG43: ='[1]2022-based'!C67 -> 50402.898 | AH43: ='[1]2021-based'!R67 -> 48629.518 | AI43: ='[1]2021-based'!E67 -> 50318.291

Sheet Migration variants
A1: Figure 2: The variant international migration assumptions provide a range of alternative migration scenarios
A2: Net international migration estimates, principal and variant migration assumptions, UK, year ending (YE) mid-2014 to YE mid-2030
A4: Notes | B4: 1. Long-term assumptions are rounded to the nearest 5,000 (UK) and 500 (UK countries). 2. Our international migration statistics are [official statistics in development](https://osr.statisticsauthority.gov.uk/policies/official-statistics-policies/official-statistics-in-development/). This means estimates may be updated as improvements are introduced.
A5: Unit | B5: Persons, thousands
A7: Year ending mid- | B7: Estimated Net Migration | C7: Principal Projection: Projected Net Migration | D7: High Variant Projection: Projected Net Migration | E7: Low Variant Projection: Projected Net Migration | F7: Migration Category Variant Projection: Projected Net Migration | G7: Zero net migration Variant Projection: Projected Net Migration
A8: 2014 | B8: 248.1
A9: 2015 | B9: 297.5
A10: 2016 | B10: 328.2
A11: 2017 | B11: 204.1
A12: 2018 | B12: 217.6
A13: 2019 | B13: 228.2
A14: 2020 | B14: 101.9
A15: 2021 | B15: 254
A16: 2022 | B16: 634
A17: 2023 | B17: 906 | C17: 906 | D17: 906 | E17: 906 | F17: 906 | G17: 0
A18: 2024 | B18: 728 | C18: 728 | D18: 728 | E18: 728 | F18: 728 | G18: 0
A19: 2025 | C19: 630.9 | D19: 677.2 | E19: 576.1 | F19: 350.3 | G19: 0
A20: 2026 | C20: 533.8 | D20: 626.4 | E20: 424.2 | F20: 261.9 | G20: 0
A21: 2027 | C21: 436.7 | D21: 575.6 | E21: 272.3 | F21: 258.5 | G21: 0
A22: 2028 | C22: 340 | D22: 525 | E22: 120 | F22: 290.3 | G22: 0
A23: 2029 | C23: 340 | D23: 525 | E23: 120 | F23: 326.8 | G23: 0
A24: 2030 | C24: 340 | D24: 525 | E24: 120 | F24: 340 | G24: 0

Sheet 2022-based principal
A1: Persons, thousands - population by broad age group, components of change and summary statistics [note 1]
A2: United Kingdom (UK)
A3: Principal projection
A4: This worksheet contains three tables presented vertically with one blank row between each table. Some cells refer to notes which can be found on the notes worksheet.
A5: Shorthand is used, z = not applicable
A6: Table 1: Projected population, components of change (to mid-year ending), Total Fertility Rate (TFR) and Expectation Of Life At Birth (EOLB) based on the mortality rates for the year
A7: Components | B7: 2022 [note 2] | C7: 2023 | D7: 2024 | E7: 2025 | F7: 2026 | G7: 2027 | H7: 2028 | I7: 2029 | J7: 2030 | K7: 2031 | L7: 2032 | M7: 2033 | N7: 2034 | O7: 2035 | P7: 2036 | Q7: 2037 | R7: 2038 | S7: 2039 | T7: 2040 | U7: 2041 | V7: 2042 | W7: 2043 | X7: 2044 | Y7: 2045 | Z7: 2046 | AA7: 2047 | AB7: 2048 | AC7: 2049 | AD7: 2050 | AE7: 2051 | AF7: 2052 | AG7: 2053 | AH7: 2054 | AI7: 2055 | AJ7: 2056 | AK7: 2057 | AL7: 2058 | AM7: 2059 | AN7: 2060 | AO7: 2061 | AP7: 2062 | AQ7: 2063 | AR7: 2064 | AS7: 2065 | AT7: 2066 | AU7: 2067 | AV7: 2068 | AW7: 2069 | AX7: 2070 | AY7: 2071 | AZ7: 2072 | BA7: 2073 | BB7: 2074 | BC7: 2075 | BD7: 2076 | BE7: 2077 | BF7: 2078 | BG7: 2079 | BH7: 2080 | BI7: 2081 | BJ7: 2082 | BK7: 2083 | BL7: 2084 | BM7: 2085 | BN7: 2086 | BO7: 2087 | BP7: 2088 | BQ7: 2089 | BR7: 2090 | BS7: 2091 | BT7: 2092 | BU7: 2093 | BV7: 2094 | BW7: 2095 | BX7: 2096 | BY7: 2097 | BZ7: 2098 | CA7: 2099 | CB7: 2100 | CC7: 2101 | CD7: 2102 | CE7: 2103 | CF7: 2104 | CG7: 2105 | CH7: 2106 | CI7: 2107 | CJ7: 2108 | CK7: 2109 | CL7: 2110 | CM7: 2111 | CN7: 2112 | CO7: 2113 | CP7: 2114 | CQ7: 2115 | CR7: 2116 | CS7: 2117 | CT7: 2118 | CU7: 2119 | CV7: 2120 | CW7: 2121 | CX7: 2122
A8: Population at start | B8: [z] | C8: 67602.761 | D8: 68492.495 | E8: 69226.231 | F8: 69867.979 | G8: 70414.3 | H8: 70861.913 | I8: 71208.101 | J8: 71547.662 | K8: 71879.988 | L8: 72204.574 | M8: 72521.173 | N8: 72830.021 | O8: 73131.597 | P8: 73426.168 | Q8: 73714.089 | R8: 73995.941 | S8: 74272.334 | T8: 74543.738 | U8: 74810.478 | V8: 75072.892 | W8: 75331.209 | X8: 75585.236 | Y8: 75834.507 | Z8: 76078.686 | AA8: 76317.48 | AB8: 76550.535 | AC8: 76776.46 | AD8: 76993.637 | AE8: 77201.483 | AF8: 77399.645 | AG8: 77588.049 | AH8: 77766.71 | AI8: 77935.834 | AJ8: 78096.133 | AK8: 78248.758 | AL8: 78394.896 | AM8: 78535.61 | AN8: 78672.036 | AO8: 78805.317 | AP8: 78936.487 | AQ8: 79066.48 | AR8: 79195.863 | AS8: 79325.004 | AT8: 79454.27 | AU8: 79583.857 | AV8: 79713.62 | AW8: 79843.214 | AX8: 79972.1 | AY8: 80099.544 | AZ8: 80224.705 | BA8: 80346.626 | BB8: 80464.328 | BC8: 80576.958 | BD8: 80683.666 | BE8: 80783.805 | BF8: 80876.875 | BG8: 80962.574 | BH8: 81040.744 | BI8: 81111.28 | BJ8: 81174.269 | BK8: 81229.882 | BL8: 81278.373 | BM8: 81320.103 | BN8: 81355.442 | BO8: 81384.875 | BP8: 81408.957 | BQ8: 81428.186 | BR8: 81443.111 | BS8: 81454.243 | BT8: 81462.068 | BU8: 81467.091 | BV8: 81469.704 | BW8: 81470.32 | BX8: 81469.232 | BY8: 81466.731 | BZ8: 81463.093 | CA8: 81458.489 | CB8: 81453.12 | CC8: 81447.095 | CD8: 81440.608 | CE8: 81433.781 | CF8: 81426.783 | CG8: 81419.829 | CH8: 81413.183 | CI8: 81407.2 | CJ8: 81402.25 | CK8: 81398.709 | CL8: 81396.967 | CM8: 81397.436 | CN8: 81400.459 | CO8: 81406.276 | CP8: 81415.084 | CQ8: 81426.996 | CR8: 81442.03 | CS8: 81460.095 | CT8: 81480.985 | CU8: 81504.456 | CV8: 81530.145 | CW8: 81557.639 | CX8: 81586.535
A9: Births | B9: [z] | C9: 664.464 | D9: 667.909 | E9: 674.821 | F9: 679.536 | G9: 682.033 | H9: 683.078 | I9: 683.712 | J9: 684.296 | K9: 684.842 | L9: 685.388 | M9: 686.341 | N9: 687.824 | O9: 689.489 | P9: 691.363 | Q9: 693.541 | R9: 696.057 | S9: 698.697 | T9: 701.18 | U9: 703.429 | V9: 705.443 | W9: 706.766 | X9: 707.187 | Y9: 707.052 | Z9: 706.476 | AA9: 705.561 | AB9: 703.392 | AC9: 699.815 | AD9: 695.821 | AE9: 691.576 | AF9: 687.291 | AG9: 682.886 | AH9: 678.412 | AI9: 674.276 | AJ9: 670.711 | AK9: 667.758 | AL9: 665.234 | AM9: 663.165 | AN9: 661.617 | AO9: 660.582 | AP9: 660.03 | AQ9: 659.744 | AR9: 659.66 | AS9: 659.953 | AT9: 660.535 | AU9: 661.282 | AV9: 662.134 | AW9: 662.999 | AX9: 663.833 | AY9: 664.673 | AZ9: 665.418 | BA9: 666.027 | BB9: 666.469 | BC9: 666.715 | BD9: 666.758 | BE9: 666.554 | BF9: 666.115 | BG9: 665.435 | BH9: 664.498 | BI9: 663.336 | BJ9: 661.957 | BK9: 660.421 | BL9: 658.743 | BM9: 656.976 | BN9: 655.182 | BO9: 653.387 | BP9: 651.671 | BQ9: 650.031 | BR9: 648.514 | BS9: 647.138 | BT9: 645.944 | BU9: 644.941 | BV9: 644.117 | BW9: 643.472 | BX9: 642.999 | BY9: 642.684 | BZ9: 642.513 | CA9: 642.452 | CB9: 642.491 | CC9: 642.589 | CD9: 642.723 | CE9: 642.878 | CF9: 643.028 | CG9: 643.138 | CH9: 643.208 | CI9: 643.209 | CJ9: 643.128 | CK9: 642.964 | CL9: 642.707 | CM9: 642.348 | CN9: 641.901 | CO9: 641.359 | CP9: 640.734 | CQ9: 640.034 | CR9: 639.269 | CS9: 638.464 | CT9: 637.628 | CU9: 636.771 | CV9: 635.916 | CW9: 635.074 | CX9: 634.267
A10: Deaths | B10: [z] | C10: 680.727 | D10: 662.165 | E10: 663.972 | F10: 667.017 | G10: 671.141 | H10: 676.893 | I10: 684.146 | J10: 691.966 | K10: 700.251 | L10: 708.775 | M10: 717.48 | N10: 726.238 | O10: 734.928 | P10: 743.43 | Q10: 751.673 | R10: 759.66 | S10: 767.301 | T10: 774.428 | U10: 781.008 | V10: 787.123 | W10: 792.724 | X10: 797.922 | Y10: 802.872 | Z10: 807.661 | AA10: 812.509 | AB10: 817.471 | AC10: 822.642 | AD10: 827.971 | AE10: 833.423 | AF10: 838.875 | AG10: 844.223 | AH10: 849.282 | AI10: 853.967 | AJ10: 858.092 | AK10: 861.619 | AL10: 864.525 | AM10: 866.729 | AN10: 868.334 | AO10: 869.393 | AP10: 870.025 | AQ10: 870.358 | AR10: 870.515 | AS10: 870.672 | AT10: 870.944 | AU10: 871.519 | AV10: 872.533 | AW10: 874.107 | AX10: 876.379 | AY10: 879.509 | AZ10: 883.49 | BA10: 888.312 | BB10: 893.842 | BC10: 900.001 | BD10: 906.602 | BE10: 913.48 | BF10: 920.421 | BG10: 927.267 | BH10: 933.959 | BI10: 940.342 | BJ10: 946.35 | BK10: 951.927 | BL10: 957.03 | BM10: 961.627 | BN10: 965.737 | BO10: 969.312 | BP10: 972.441 | BQ10: 975.097 | BR10: 977.368 | BS10: 979.317 | BT10: 980.928 | BU10: 982.323 | BV10: 983.499 | BW10: 984.564 | BX10: 985.498 | BY10: 986.324 | BZ10: 987.109 | CA10: 987.824 | CB10: 988.499 | CC10: 989.073 | CD10: 989.552 | CE10: 989.875 | CF10: 989.985 | CG10: 989.778 | CH10: 989.183 | CI10: 988.158 | CJ10: 986.672 | CK10: 984.706 | CL10: 982.241 | CM10: 979.329 | CN10: 976.069 | CO10: 972.545 | CP10: 968.82 | CQ10: 964.992 | CR10: 961.212 | CS10: 957.564 | CT10: 954.156 | CU10: 951.083 | CV10: 948.41 | CW10: 946.163 | CX10: 944.429
A11: Natural Change | B11: [z] | C11: -16.263 | D11: 5.744 | E11: 10.849 | F11: 12.519 | G11: 10.892 | H11: 6.185 | I11: -0.434 | J11: -7.67 | K11: -15.409 | L11: -23.387 | M11: -31.139 | N11: -38.414 | O11: -45.439 | P11: -52.067 | Q11: -58.132 | R11: -63.603 | S11: -68.604 | T11: -73.248 | U11: -77.579 | V11: -81.68 | W11: -85.958 | X11: -90.735 | Y11: -95.82 | Z11: -101.185 | AA11: -106.948 | AB11: -114.079 | AC11: -122.827 | AD11: -132.15 | AE11: -141.847 | AF11: -151.584 | AG11: -161.337 | AH11: -170.87 | AI11: -179.691 | AJ11: -187.381 | AK11: -193.861 | AL11: -199.291 | AM11: -203.564 | AN11: -206.717 | AO11: -208.811 | AP11: -209.995 | AQ11: -210.614 | AR11: -210.855 | AS11: -210.719 | AT11: -210.409 | AU11: -210.237 | AV11: -210.399 | AW11: -211.108 | AX11: -212.546 | AY11: -214.836 | AZ11: -218.072 | BA11: -222.285 | BB11: -227.373 | BC11: -233.286 | BD11: -239.844 | BE11: -246.926 | BF11: -254.306 | BG11: -261.832 | BH11: -269.461 | BI11: -277.006 | BJ11: -284.393 | BK11: -291.506 | BL11: -298.287 | BM11: -304.651 | BN11: -310.555 | BO11: -315.925 | BP11: -320.77 | BQ11: -325.066 | BR11: -328.854 | BS11: -332.179 | BT11: -334.984 | BU11: -337.382 | BV11: -339.382 | BW11: -341.092 | BX11: -342.499 | BY11: -343.64 | BZ11: -344.596 | CA11: -345.372 | CB11: -346.008 | CC11: -346.484 | CD11: -346.829 | CE11: -346.997 | CF11: -346.957 | CG11: -346.64 | CH11: -345.975 | CI11: -344.949 | CJ11: -343.544 | CK11: -341.742 | CL11: -339.534 | CM11: -336.981 | CN11: -334.168 | CO11: -331.186 | CP11: -328.086 | CQ11: -324.958 | CR11: -321.943 | CS11: -319.1 | CT11: -316.528 | CU11: -314.312 | CV11: -312.494 | CW11: -311.089 | CX11: -310.162
A12: International migration inflows | B12: [z] | C12: 1319.5 | D12: 1207 | E12: 1119.7 | F12: 1032.4 | G12: 945.1 | H12: 858 | I12: 858 | J12: 858 | K12: 858 | L12: 858 | M12: 858 | N12: 858 | O12: 858 | P12: 858 | Q12: 858 | R12: 858 | S12: 858 | T12: 858 | U12: 858 | V12: 858 | W12: 858 | X12: 858 | Y12: 858 | Z12: 858 | AA12: 858 | AB12: 858 | AC12: 858 | AD12: 858 | AE12: 858 | AF12: 858 | AG12: 858 | AH12: 858 | AI12: 858 | AJ12: 858 | AK12: 858 | AL12: 858 | AM12: 858 | AN12: 858 | AO12: 858 | AP12: 858 | AQ12: 858 | AR12: 858 | AS12: 858 | AT12: 858 | AU12: 858 | AV12: 858 | AW12: 858 | AX12: 858 | AY12: 858 | AZ12: 858 | BA12: 858 | BB12: 858 | BC12: 858 | BD12: 858 | BE12: 858 | BF12: 858 | BG12: 858 | BH12: 858 | BI12: 858 | BJ12: 858 | BK12: 858 | BL12: 858 | BM12: 858 | BN12: 858 | BO12: 858 | BP12: 858 | BQ12: 858 | BR12: 858 | BS12: 858 | BT12: 858 | BU12: 858 | BV12: 858 | BW12: 858 | BX12: 858 | BY12: 858 | BZ12: 858 | CA12: 858 | CB12: 858 | CC12: 858 | CD12: 858 | CE12: 858 | CF12: 858 | CG12: 858 | CH12: 858 | CI12: 858 | CJ12: 858 | CK12: 858 | CL12: 858 | CM12: 858 | CN12: 858 | CO12: 858 | CP12: 858 | CQ12: 858 | CR12: 858 | CS12: 858 | CT12: 858 | CU12: 858 | CV12: 858 | CW12: 858 | CX12: 858
A13: Cross border migration inflows [note 3] | B13: [z] | C13: [z] | D13: [z] | E13: [z] | F13: [z] | G13: [z] | H13: [z] | I13: [z] | J13: [z] | K13: [z] | L13: [z] | M13: [z] | N13: [z] | O13: [z] | P13: [z] | Q13: [z] | R13: [z] | S13: [z] | T13: [z] | U13: [z] | V13: [z] | W13: [z] | X13: [z] | Y13: [z] | Z13: [z] | AA13: [z] | AB13: [z] | AC13: [z] | AD13: [z] | AE13: [z] | AF13: [z] | AG13: [z] | AH13: [z] | AI13: [z] | AJ13: [z] | AK13: [z] | AL13: [z] | AM13: [z] | AN13: [z] | AO13: [z] | AP13: [z] | AQ13: [z] | AR13: [z] | AS13: [z] | AT13: [z] | AU13: [z] | AV13: [z] | AW13: [z] | AX13: [z] | AY13: [z] | AZ13: [z] | BA13: [z] | BB13: [z] | BC13: [z] | BD13: [z] | BE13: [z] | BF13: [z] | BG13: [z] | BH13: [z] | BI13: [z] | BJ13: [z] | BK13: [z] | BL13: [z] | BM13: [z] | BN13: [z] | BO13: [z] | BP13: [z] | BQ13: [z] | BR13: [z] | BS13: [z] | BT13: [z] | BU13: [z] | BV13: [z] | BW13: [z] | BX13: [z] | BY13: [z] | BZ13: [z] | CA13: [z] | CB13: [z] | CC13: [z] | CD13: [z] | CE13: [z] | CF13: [z] | CG13: [z] | CH13: [z] | CI13: [z] | CJ13: [z] | CK13: [z] | CL13: [z] | CM13: [z] | CN13: [z] | CO13: [z] | CP13: [z] | CQ13: [z] | CR13: [z] | CS13: [z] | CT13: [z] | CU13: [z] | CV13: [z] | CW13: [z] | CX13: [z]
A14: International migration outflows | B14: [z] | C14: 413.5 | D14: 479 | E14: 488.8 | F14: 498.6 | G14: 508.4 | H14: 518 | I14: 518 | J14: 518 | K14: 518 | L14: 518 | M14: 518 | N14: 518 | O14: 518 | P14: 518 | Q14: 518 | R14: 518 | S14: 518 | T14: 518 | U14: 518 | V14: 518 | W14: 518 | X14: 518 | Y14: 518 | Z14: 518 | AA14: 518 | AB14: 518 | AC14: 518 | AD14: 518 | AE14: 518 | AF14: 518 | AG14: 518 | AH14: 518 | AI14: 518 | AJ14: 518 | AK14: 518 | AL14: 518 | AM14: 518 | AN14: 518 | AO14: 518 | AP14: 518 | AQ14: 518 | AR14: 518 | AS14: 518 | AT14: 518 | AU14: 518 | AV14: 518 | AW14: 518 | AX14: 518 | AY14: 518 | AZ14: 518 | BA14: 518 | BB14: 518 | BC14: 518 | BD14: 518 | BE14: 518 | BF14: 518 | BG14: 518 | BH14: 518 | BI14: 518 | BJ14: 518 | BK14: 518 | BL14: 518 | BM14: 518 | BN14: 518 | BO14: 518 | BP14: 518 | BQ14: 518 | BR14: 518 | BS14: 518 | BT14: 518 | BU14: 518 | BV14: 518 | BW14: 518 | BX14: 518 | BY14: 518 | BZ14: 518 | CA14: 518 | CB14: 518 | CC14: 518 | CD14: 518 | CE14: 518 | CF14: 518 | CG14: 518 | CH14: 518 | CI14: 518 | CJ14: 518 | CK14: 518 | CL14: 518 | CM14: 518 | CN14: 518 | CO14: 518 | CP14: 518 | CQ14: 518 | CR14: 518 | CS14: 518 | CT14: 518 | CU14: 518 | CV14: 518 | CW14: 518 | CX14: 518
A15: Cross border migration outflows [note 3] | B15: [z] | C15: [z] | D15: [z] | E15: [z] | F15: [z] | G15: [z] | H15: [z] | I15: [z] | J15: [z] | K15: [z] | L15: [z] | M15: [z] | N15: [z] | O15: [z] | P15: [z] | Q15: [z] | R15: [z] | S15: [z] | T15: [z] | U15: [z] | V15: [z] | W15: [z] | X15: [z] | Y15: [z] | Z15: [z] | AA15: [z] | AB15: [z] | AC15: [z] | AD15: [z] | AE15: [z] | AF15: [z] | AG15: [z] | AH15: [z] | AI15: [z] | AJ15: [z] | AK15: [z] | AL15: [z] | AM15: [z] | AN15: [z] | AO15: [z] | AP15: [z] | AQ15: [z] | AR15: [z] | AS15: [z] | AT15: [z] | AU15: [z] | AV15: [z] | AW15: [z] | AX15: [z] | AY15: [z] | AZ15: [z] | BA15: [z] | BB15: [z] | BC15: [z] | BD15: [z] | BE15: [z] | BF15: [z] | BG15: [z] | BH15: [z] | BI15: [z] | BJ15: [z] | BK15: [z] | BL15: [z] | BM15: [z] | BN15: [z] | BO15: [z] | BP15: [z] | BQ15: [z] | BR15: [z] | BS15: [z] | BT15: [z] | BU15: [z] | BV15: [z] | BW15: [z] | BX15: [z] | BY15: [z] | BZ15: [z] | CA15: [z] | CB15: [z] | CC15: [z] | CD15: [z] | CE15: [z] | CF15: [z] | CG15: [z] | CH15: [z] | CI15: [z] | CJ15: [z] | CK15: [z] | CL15: [z] | CM15: [z] | CN15: [z] | CO15: [z] | CP15: [z] | CQ15: [z] | CR15: [z] | CS15: [z] | CT15: [z] | CU15: [z] | CV15: [z] | CW15: [z] | CX15: [z]
A16: Net international migration | B16: [z] | C16: 906 | D16: 728 | E16: 630.9 | F16: 533.8 | G16: 436.7 | H16: 340 | I16: 340 | J16: 340 | K16: 340 | L16: 340 | M16: 340 | N16: 340 | O16: 340 | P16: 340 | Q16: 340 | R16: 340 | S16: 340 | T16: 340 | U16: 340 | V16: 340 | W16: 340 | X16: 340 | Y16: 340 | Z16: 340 | AA16: 340 | AB16: 340 | AC16: 340 | AD16: 340 | AE16: 340 | AF16: 340 | AG16: 340 | AH16: 340 | AI16: 340 | AJ16: 340 | AK16: 340 | AL16: 340 | AM16: 340 | AN16: 340 | AO16: 340 | AP16: 340 | AQ16: 340 | AR16: 340 | AS16: 340 | AT16: 340 | AU16: 340 | AV16: 340 | AW16: 340 | AX16: 340 | AY16: 340 | AZ16: 340 | BA16: 340 | BB16: 340 | BC16: 340 | BD16: 340 | BE16: 340 | BF16: 340 | BG16: 340 | BH16: 340 | BI16: 340 | BJ16: 340 | BK16: 340 | BL16: 340 | BM16: 340 | BN16: 340 | BO16: 340 | BP16: 340 | BQ16: 340 | BR16: 340 | BS16: 340 | BT16: 340 | BU16: 340 | BV16: 340 | BW16: 340 | BX16: 340 | BY16: 340 | BZ16: 340 | CA16: 340 | CB16: 340 | CC16: 340 | CD16: 340 | CE16: 340 | CF16: 340 | CG16: 340 | CH16: 340 | CI16: 340 | CJ16: 340 | CK16: 340 | CL16: 340 | CM16: 340 | CN16: 340 | CO16: 340 | CP16: 340 | CQ16: 340 | CR16: 340 | CS16: 340 | CT16: 340 | CU16: 340 | CV16: 340 | CW16: 340 | CX16: 340
A17: Net cross border migration [note 3] | B17: [z] | C17: [z] | D17: [z] | E17: [z] | F17: [z] | G17: [z] | H17: [z] | I17: [z] | J17: [z] | K17: [z] | L17: [z] | M17: [z] | N17: [z] | O17: [z] | P17: [z] | Q17: [z] | R17: [z] | S17: [z] | T17: [z] | U17: [z] | V17: [z] | W17: [z] | X17: [z] | Y17: [z] | Z17: [z] | AA17: [z] | AB17: [z] | AC17: [z] | AD17: [z] | AE17: [z] | AF17: [z] | AG17: [z] | AH17: [z] | AI17: [z] | AJ17: [z] | AK17: [z] | AL17: [z] | AM17: [z] | AN17: [z] | AO17: [z] | AP17: [z] | AQ17: [z] | AR17: [z] | AS17: [z] | AT17: [z] | AU17: [z] | AV17: [z] | AW17: [z] | AX17: [z] | AY17: [z] | AZ17: [z] | BA17: [z] | BB17: [z] | BC17: [z] | BD17: [z] | BE17: [z] | BF17: [z] | BG17: [z] | BH17: [z] | BI17: [z] | BJ17: [z] | BK17: [z] | BL17: [z] | BM17: [z] | BN17: [z] | BO17: [z] | BP17: [z] | BQ17: [z] | BR17: [z] | BS17: [z] | BT17: [z] | BU17: [z] | BV17: [z] | BW17: [z] | BX17: [z] | BY17: [z] | BZ17: [z] | CA17: [z] | CB17: [z] | CC17: [z] | CD17: [z] | CE17: [z] | CF17: [z] | CG17: [z] | CH17: [z] | CI17: [z] | CJ17: [z] | CK17: [z] | CL17: [z] | CM17: [z] | CN17: [z] | CO17: [z] | CP17: [z] | CQ17: [z] | CR17: [z] | CS17: [z] | CT17: [z] | CU17: [z] | CV17: [z] | CW17: [z] | CX17: [z]
A18: Net migration | B18: [z] | C18: 906 | D18: 728 | E18: 630.9 | F18: 533.8 | G18: 436.7 | H18: 340 | I18: 340 | J18: 340 | K18: 340 | L18: 340 | M18: 340 | N18: 340 | O18: 340 | P18: 340 | Q18: 340 | R18: 340 | S18: 340 | T18: 340 | U18: 340 | V18: 340 | W18: 340 | X18: 340 | Y18: 340 | Z18: 340 | AA18: 340 | AB18: 340 | AC18: 340 | AD18: 340 | AE18: 340 | AF18: 340 | AG18: 340 | AH18: 340 | AI18: 340 | AJ18: 340 | AK18: 340 | AL18: 340 | AM18: 340 | AN18: 340 | AO18: 340 | AP18: 340 | AQ18: 340 | AR18: 340 | AS18: 340 | AT18: 340 | AU18: 340 | AV18: 340 | AW18: 340 | AX18: 340 | AY18: 340 | AZ18: 340 | BA18: 340 | BB18: 340 | BC18: 340 | BD18: 340 | BE18: 340 | BF18: 340 | BG18: 340 | BH18: 340 | BI18: 340 | BJ18: 340 | BK18: 340 | BL18: 340 | BM18: 340 | BN18: 340 | BO18: 340 | BP18: 340 | BQ18: 340 | BR18: 340 | BS18: 340 | BT18: 340 | BU18: 340 | BV18: 340 | BW18: 340 | BX18: 340 | BY18: 340 | BZ18: 340 | CA18: 340 | CB18: 340 | CC18: 340 | CD18: 340 | CE18: 340 | CF18: 340 | CG18: 340 | CH18: 340 | CI18: 340 | CJ18: 340 | CK18: 340 | CL18: 340 | CM18: 340 | CN18: 340 | CO18: 340 | CP18: 340 | CQ18: 340 | CR18: 340 | CS18: 340 | CT18: 340 | CU18: 340 | CV18: 340 | CW18: 340 | CX18: 340
A19: Total change | B19: [z] | C19: 889.737 | D19: 733.744 | E19: 641.749 | F19: 546.319 | G19: 447.592 | H19: 346.185 | I19: 339.566 | J19: 332.33 | K19: 324.591 | L19: 316.613 | M19: 308.861 | N19: 301.586 | O19: 294.561 | P19: 287.933 | Q19: 281.868 | R19: 276.397 | S19: 271.396 | T19: 266.752 | U19: 262.421 | V19: 258.32 | W19: 254.042 | X19: 249.265 | Y19: 244.18 | Z19: 238.815 | AA19: 233.052 | AB19: 225.921 | AC19: 217.173 | AD19: 207.85 | AE19: 198.153 | AF19: 188.416 | AG19: 178.663 | AH19: 169.13 | AI19: 160.309 | AJ19: 152.619 | AK19: 146.139 | AL19: 140.709 | AM19: 136.436 | AN19: 133.283 | AO19: 131.189 | AP19: 130.005 | AQ19: 129.386 | AR19: 129.145 | AS19: 129.281 | AT19: 129.591 | AU19: 129.763 | AV19: 129.601 | AW19: 128.892 | AX19: 127.454 | AY19: 125.164 | AZ19: 121.928 | BA19: 117.715 | BB19: 112.627 | BC19: 106.714 | BD19: 100.156 | BE19: 93.074 | BF19: 85.694 | BG19: 78.168 | BH19: 70.539 | BI19: 62.994 | BJ19: 55.607 | BK19: 48.494 | BL19: 41.713 | BM19: 35.349 | BN19: 29.445 | BO19: 24.075 | BP19: 19.23 | BQ19: 14.934 | BR19: 11.146 | BS19: 7.821 | BT19: 5.016 | BU19: 2.618 | BV19: 0.618 | BW19: -1.092 | BX19: -2.499 | BY19: -3.64 | BZ19: -4.596 | CA19: -5.372 | CB19: -6.008 | CC19: -6.484 | CD19: -6.829 | CE19: -6.997 | CF19: -6.957 | CG19: -6.64 | CH19: -5.975 | CI19: -4.949 | CJ19: -3.544 | CK19: -1.742 | CL19: 0.466 | CM19: 3.019 | CN19: 5.832 | CO19: 8.814 | CP19: 11.914 | CQ19: 15.042 | CR19: 18.057 | CS19: 20.9 | CT19: 23.472 | CU19: 25.688 | CV19: 27.506 | CW19: 28.911 | CX19: 29.838
A20: Population at end | B20: [z] | C20: 68492.495 | D20: 69226.231 | E20: 69867.979 | F20: 70414.3 | G20: 70861.913 | H20: 71208.101 | I20: 71547.662 | J20: 71879.988 | K20: 72204.574 | L20: 72521.173 | M20: 72830.021 | N20: 73131.597 | O20: 73426.168 | P20: 73714.089 | Q20: 73995.941 | R20: 74272.334 | S20: 74543.738 | T20: 74810.478 | U20: 75072.892 | V20: 75331.209 | W20: 75585.236 | X20: 75834.507 | Y20: 76078.686 | Z20: 76317.48 | AA20: 76550.535 | AB20: 76776.46 | AC20: 76993.637 | AD20: 77201.483 | AE20: 77399.645 | AF20: 77588.049 | AG20: 77766.71 | AH20: 77935.834 | AI20: 78096.133 | AJ20: 78248.758 | AK20: 78394.896 | AL20: 78535.61 | AM20: 78672.036 | AN20: 78805.317 | AO20: 78936.487 | AP20: 79066.48 | AQ20: 79195.863 | AR20: 79325.004 | AS20: 79454.27 | AT20: 79583.857 | AU20: 79713.62 | AV20: 79843.214 | AW20: 79972.1 | AX20: 80099.544 | AY20: 80224.705 | AZ20: 80346.626 | BA20: 80464.328 | BB20: 80576.958 | BC20: 80683.666 | BD20: 80783.805 | BE20: 80876.875 | BF20: 80962.574 | BG20: 81040.744 | BH20: 81111.28 | BI20: 81174.269 | BJ20: 81229.882 | BK20: 81278.373 | BL20: 81320.103 | BM20: 81355.442 | BN20: 81384.875 | BO20: 81408.957 | BP20: 81428.186 | BQ20: 81443.111 | BR20: 81454.243 | BS20: 81462.068 | BT20: 81467.091 | BU20: 81469.704 | BV20: 81470.32 | BW20: 81469.232 | BX20: 81466.731 | BY20: 81463.093 | BZ20: 81458.489 | CA20: 81453.12 | CB20: 81447.095 | CC20: 81440.608 | CD20: 81433.781 | CE20: 81426.783 | CF20: 81419.829 | CG20: 81413.183 | CH20: 81407.2 | CI20: 81402.25 | CJ20: 81398.709 | CK20: 81396.967 | CL20: 81397.436 | CM20: 81400.459 | CN20: 81406.276 | CO20: 81415.084 | CP20: 81426.996 | CQ20: 81442.03 | CR20: 81460.095 | CS20: 81480.985 | CT20: 81504.456 | CU20: 81530.145 | CV20: 81557.639 | CW20: 81586.535 | CX20: 81616.369
A21: Annual growth value | B21: [z] | C21: 0.013161208 | D21: 0.010712648 | E21: 0.009270301 | F21: 0.0078193331 | G21: 0.006356848 | H21: 0.0048853889 | I21: 0.0047685726 | J21: 0.0046448198 | K21: 0.0045156658 | L21: 0.0043847499 | M21: 0.0042587287 | N21: 0.0041408199 | O21: 0.004027958 | P21: 0.0039212315 | Q21: 0.0038235838 | R21: 0.0037352454 | S21: 0.0036541736 | T21: 0.0035783019 | U21: 0.0035077172 | V21: 0.0034408825 | W21: 0.0033721349 | X21: 0.0032978795 | Y21: 0.003219893 | Z21: 0.0031387766 | AA21: 0.0030537565 | AB21: 0.0029513184 | AC21: 0.0028286925 | AD21: 0.0026995218 | AE21: 0.002566816 | AF21: 0.0024341714 | AG21: 0.0023026871 | AH21: 0.0021747609 | AI21: 0.0020568074 | AJ21: 0.0019543221 | AK21: 0.0018676079 | AL21: 0.0017949383 | AM21: 0.0017371228 | AN21: 0.0016941344 | AO21: 0.0016644816 | AP21: 0.001646805 | AQ21: 0.0016363824 | AR21: 0.0016306534 | AS21: 0.0016295745 | AT21: 0.0016309633 | AU21: 0.0016305191 | AV21: 0.0016257448 | AW21: 0.0016142386 | AX21: 0.0015936058 | AY21: 0.0015625682 | AZ21: 0.0015197438 | BA21: 0.0014649277 | BB21: 0.0013997507 | BC21: 0.0013242992 | BD21: 0.001241131 | BE21: 0.0011520874 | BF21: 0.001059623 | BG21: 0.00096550784 | BH21: 0.000870377 | BI21: 0.0007765751 | BJ21: 0.00068510626 | BK21: 0.00059696012 | BL21: 0.00051342071 | BM21: 0.00043456659 | BN21: 0.0003617828 | BO21: 0.00029590265 | BP21: 0.00023620251 | BQ21: 0.00018329034 | BR21: 0.00013668437 | BS21: 9.6066205e-05 | BT21: 6.16606e-05 | BU21: 3.2074301e-05 | BV21: 7.5610929e-06 | BW21: -1.3354557e-05 | BX21: -3.0698706e-05 | BY21: -4.4656266e-05 | BZ21: -5.6516391e-05 | CA21: -6.5910871e-05 | CB21: -7.3968928e-05 | CC21: -7.9646794e-05 | CD21: -8.382796e-05 | CE21: -8.5934853e-05 | CF21: -8.5401876e-05 | CG21: -8.1626308e-05 | CH21: -7.3489327e-05 | CI21: -6.0805432e-05 | CJ21: -4.3500026e-05 | CK21: -2.1400831e-05 | CL21: 5.7618855e-06 | CM21: 3.7138762e-05 | CN21: 7.1461514e-05 | CO21: 0.00010819805 | CP21: 0.00014631195 | CQ21: 0.00018463164 | CR21: 0.00022181422 | CS21: 0.00025644458 | CT21: 0.00028805494 | CU21: 0.00031518522 | CV21: 0.00033722496 | CW21: 0.00035430158 | CX21: 0.00036567309
A22: Total Fertility Rate (TFR) | B22: [z] | C22: 1.4474239 | D22: 1.4281624 | E22: 1.4233952 | F22: 1.4188951 | G22: 1.4146367 | H22: 1.4121362 | I22: 1.4113406 | J22: 1.4107551 | K22: 1.4103276 | L22: 1.4100494 | M22: 1.410637 | N22: 1.4121015 | O22: 1.4137446 | P22: 1.4156267 | Q22: 1.4177247 | R22: 1.4201874 | S22: 1.4230398 | T22: 1.4260455 | U22: 1.4291702 | V22: 1.4324689 | W22: 1.4352698 | X22: 1.4375888 | Y22: 1.4400939 | Z22: 1.4427302 | AA22: 1.4455258 | AB22: 1.4469498 | AC22: 1.4469342 | AD22: 1.4469355 | AE22: 1.4469162 | AF22: 1.4469107 | AG22: 1.4468911 | AH22: 1.4468819 | AI22: 1.4468735 | AJ22: 1.4468477 | AK22: 1.4468376 | AL22: 1.446812 | AM22: 1.4468243 | AN22: 1.4467953 | AO22: 1.4468078 | AP22: 1.4467985 | AQ22: 1.4467719 | AR22: 1.4467643 | AS22: 1.4467584 | AT22: 1.4467508 | AU22: 1.4467623 | AV22: 1.4467586 | AW22: 1.4467808 | AX22: 1.4467839 | AY22: 1.4467966 | AZ22: 1.4468148 | BA22: 1.4468342 | BB22: 1.4468496 | BC22: 1.446857 | BD22: 1.4468954 | BE22: 1.4468903 | BF22: 1.4468991 | BG22: 1.4469236 | BH22: 1.4469293 | BI22: 1.446949 | BJ22: 1.4469323 | BK22: 1.4469397 | BL22: 1.4469295 | BM22: 1.4469186 | BN22: 1.446934 | BO22: 1.4469096 | BP22: 1.4469295 | BQ22: 1.4469198 | BR22: 1.4469164 | BS22: 1.4468913 | BT22: 1.4468856 | BU22: 1.4468903 | BV22: 1.446885 | BW22: 1.446883 | BX22: 1.4468827 | BY22: 1.4468775 | BZ22: 1.4468826 | CA22: 1.44687 | CB22: 1.4468861 | CC22: 1.4468854 | CD22: 1.4468733 | CE22: 1.4468765 | CF22: 1.4468911 | CG22: 1.4468861 | CH22: 1.4469034 | CI22: 1.4469091 | CJ22: 1.4469046 | CK22: 1.4469094 | CL22: 1.4469226 | CM22: 1.4469192 | CN22: 1.446932 | CO22: 1.4469349 | CP22: 1.4469405 | CQ22: 1.4469417 | CR22: 1.4469329 | CS22: 1.4469416 | CT22: 1.4469511 | CU22: 1.4469458 | CV22: 1.4469461 | CW22: 1.4469364 | CX22: 1.446942
A23: EOLB males | B23: [z] | C23: 78.858002 | D23: 79.312865 | E23: 79.471534 | F23: 79.627314 | G23: 79.777206 | H23: 79.912906 | I23: 80.032944 | J23: 80.149986 | K23: 80.264583 | L23: 80.379011 | M23: 80.491727 | N23: 80.603627 | O23: 80.714519 | P23: 80.82433 | Q23: 80.934372 | R23: 81.045187 | S23: 81.15467 | T23: 81.264621 | U23: 81.374849 | V23: 81.482364 | W23: 81.592313 | X23: 81.701574 | Y23: 81.811314 | Z23: 81.92033 | AA23: 82.028586 | AB23: 82.137315 | AC23: 82.245 | AD23: 82.353639 | AE23: 82.46162 | AF23: 82.569388 | AG23: 82.676208 | AH23: 82.78355 | AI23: 82.890229 | AJ23: 82.99766 | AK23: 83.104617 | AL23: 83.21078 | AM23: 83.31777 | AN23: 83.422544 | AO23: 83.527234 | AP23: 83.631388 | AQ23: 83.737076 | AR23: 83.841858 | AS23: 83.946324 | AT23: 84.049811 | AU23: 84.153712 | AV23: 84.256904 | AW23: 84.359515 | AX23: 84.463274 | AY23: 84.566313 | AZ23: 84.668741 | BA23: 84.771136 | BB23: 84.873003 | BC23: 84.974534 | BD23: 85.075592 | BE23: 85.176342 | BF23: 85.276964 | BG23: 85.379158 | BH23: 85.47934 | BI23: 85.578615 | BJ23: 85.677937 | BK23: 85.778114 | BL23: 85.877118 | BM23: 85.976696 | BN23: 86.076476 | BO23: 86.17453 | BP23: 86.271702 | BQ23: 86.369476 | BR23: 86.468092 | BS23: 86.56476 | BT23: 86.661746 | BU23: 86.756354 | BV23: 86.85393 | BW23: 86.951166 | BX23: 87.047275 | BY23: 87.142484 | BZ23: 87.236116 | CA23: 87.331324 | CB23: 87.426187 | CC23: 87.520852 | CD23: 87.615268 | CE23: 87.70897 | CF23: 87.801615 | CG23: 87.895512 | CH23: 87.988796 | CI23: 88.081607 | CJ23: 88.174064 | CK23: 88.265671 | CL23: 88.356698 | CM23: 88.449061 | CN23: 88.539866 | CO23: 88.629431 | CP23: 88.720305 | CQ23: 88.81032 | CR23: 88.898948 | CS23: 88.990104 | CT23: 89.07977 | CU23: 89.168414 | CV23: 89.255989 | CW23: 89.344199 | CX23: 89.431848
A24: EOLB females | B24: [z] | C24: 82.701026 | D24: 83.088347 | E24: 83.243234 | F24: 83.391282 | G24: 83.537836 | H24: 83.669818 | I24: 83.786408 | J24: 83.902361 | K24: 84.013846 | L24: 84.123776 | M24: 84.229324 | N24: 84.335054 | O24: 84.438379 | P24: 84.540681 | Q24: 84.642846 | R24: 84.742751 | S24: 84.841053 | T24: 84.939736 | U24: 85.037686 | V24: 85.136513 | W24: 85.234124 | X24: 85.331772 | Y24: 85.428662 | Z24: 85.526719 | AA24: 85.622874 | AB24: 85.718785 | AC24: 85.814685 | AD24: 85.911334 | AE24: 86.006834 | AF24: 86.102161 | AG24: 86.197346 | AH24: 86.293393 | AI24: 86.387538 | AJ24: 86.482369 | AK24: 86.576739 | AL24: 86.670017 | AM24: 86.763314 | AN24: 86.856098 | AO24: 86.949316 | AP24: 87.042736 | AQ24: 87.135473 | AR24: 87.22753 | AS24: 87.31805 | AT24: 87.410366 | AU24: 87.50259 | AV24: 87.593055 | AW24: 87.683088 | AX24: 87.774054 | AY24: 87.865148 | AZ24: 87.954534 | BA24: 88.043596 | BB24: 88.132917 | BC24: 88.221665 | BD24: 88.310679 | BE24: 88.399303 | BF24: 88.48807 | BG24: 88.575722 | BH24: 88.663684 | BI24: 88.750635 | BJ24: 88.837148 | BK24: 88.924065 | BL24: 89.010478 | BM24: 89.096573 | BN24: 89.181678 | BO24: 89.268363 | BP24: 89.352258 | BQ24: 89.438755 | BR24: 89.523084 | BS24: 89.606829 | BT24: 89.691591 | BU24: 89.775745 | BV24: 89.8608 | BW24: 89.94296 | BX24: 90.026641 | BY24: 90.110367 | BZ24: 90.193248 | CA24: 90.274833 | CB24: 90.357489 | CC24: 90.438466 | CD24: 90.519586 | CE24: 90.600823 | CF24: 90.681886 | CG24: 90.762654 | CH24: 90.841559 | CI24: 90.921971 | CJ24: 91.001785 | CK24: 91.080592 | CL24: 91.159836 | CM24: 91.239024 | CN24: 91.316707 | CO24: 91.394654 | CP24: 91.47199 | CQ24: 91.550131 | CR24: 91.627468 | CS24: 91.704167 | CT24: 91.780238 | CU24: 91.855836 | CV24: 91.932062 | CW24: 92.008031 | CX24: 92.083127
A26: Table 2: Projected populations at mid-years by age last birthday
A27: Ages | B27: 2022 | C27: 2023 | D27: 2024 | E27: 2025 | F27: 2026 | G27: 2027 | H27: 2028 | I27: 2029 | J27: 2030 | K27: 2031 | L27: 2032 | M27: 2033 | N27: 2034 | O27: 2035 | P27: 2036 | Q27: 2037 | R27: 2038 | S27: 2039 | T27: 2040 | U27: 2041 | V27: 2042 | W27: 2043 | X27: 2044 | Y27: 2045 | Z27: 2046 | AA27: 2047 | AB27: 2048 | AC27: 2049 | AD27: 2050 | AE27: 2051 | AF27: 2052 | AG27: 2053 | AH27: 2054 | AI27: 2055 | AJ27: 2056 | AK27: 2057 | AL27: 2058 | AM27: 2059 | AN27: 2060 | AO27: 2061 | AP27: 2062 | AQ27: 2063 | AR27: 2064 | AS27: 2065 | AT27: 2066 | AU27: 2067 | AV27: 2068 | AW27: 2069 | AX27: 2070 | AY27: 2071 | AZ27: 2072 | BA27: 2073 | BB27: 2074 | BC27: 2075 | BD27: 2076 | BE27: 2077 | BF27: 2078 | BG27: 2079 | BH27: 2080 | BI27: 2081 | BJ27: 2082 | BK27: 2083 | BL27: 2084 | BM27: 2085 | BN27: 2086 | BO27: 2087 | BP27: 2088 | BQ27: 2089 | BR27: 2090 | BS27: 2091 | BT27: 2092 | BU27: 2093 | BV27: 2094 | BW27: 2095 | BX27: 2096 | BY27: 2097 | BZ27: 2098 | CA27: 2099 | CB27: 2100 | CC27: 2101 | CD27: 2102 | CE27: 2103 | CF27: 2104 | CG27: 2105 | CH27: 2106 | CI27: 2107 | CJ27: 2108 | CK27: 2109 | CL27: 2110 | CM27: 2111 | CN27: 2112 | CO27: 2113 | CP27: 2114 | CQ27: 2115 | CR27: 2116 | CS27: 2117 | CT27: 2118 | CU27: 2119 | CV27: 2120 | CW27: 2121 | CX27: 2122
A28: Ages 0 to 14 | B28: 11607.401 | C28: 11567.178 | D28: 11508.288 | E28: 11433.002 | F28: 11335.692 | G28: 11226.354 | H28: 11123.895 | I28: 11039.103 | J28: 10956.435 | K28: 10865.52 | L28: 10795.144 | M28: 10740.802 | N28: 10694.25 | O28: 10661.159 | P28: 10649.522 | Q28: 10632.808 | R28: 10653.025 | S28: 10677.085 | T28: 10700.121 | U28: 10723.018 | V28: 10746.577 | W28: 10770.677 | X28: 10794.532 | Y28: 10817.643 | Z28: 10839.607 | AA28: 10860.096 | AB28: 10877.454 | AC28: 10889.755 | AD28: 10896.373 | AE28: 10896.891 | AF28: 10890.938 | AG28: 10878.063 | AH28: 10858.086 | AI28: 10831.492 | AJ28: 10799.098 | AK28: 10761.75 | AL28: 10720.571 | AM28: 10676.875 | AN28: 10631.786 | AO28: 10586.223 | AP28: 10541.008 | AQ28: 10497.677 | AR28: 10457.834 | AS28: 10422.258 | AT28: 10391.496 | AU28: 10365.771 | AV28: 10345.277 | AW28: 10330.099 | AX28: 10319.888 | AY28: 10314.063 | AZ28: 10311.934 | BA28: 10312.918 | BB28: 10316.424 | BC28: 10321.714 | BD28: 10328.07 | BE28: 10334.777 | BF28: 10341.334 | BG28: 10347.293 | BH28: 10352.025 | BI28: 10354.999 | BJ28: 10355.855 | BK28: 10354.318 | BL28: 10350.252 | BM28: 10343.587 | BN28: 10334.278 | BO28: 10322.443 | BP28: 10308.268 | BQ28: 10292.019 | BR28: 10274.006 | BS28: 10254.578 | BT28: 10234.159 | BU28: 10213.161 | BV28: 10192.024 | BW28: 10171.189 | BX28: 10151.036 | BY28: 10131.939 | BZ28: 10114.21 | CA28: 10098.088 | CB28: 10083.765 | CC28: 10071.329 | CD28: 10060.819 | CE28: 10052.192 | CF28: 10045.342 | CG28: 10040.112 | CH28: 10036.316 | CI28: 10033.71 | CJ28: 10032.034 | CK28: 10031.015 | CL28: 10030.38 | CM28: 10029.854 | CN28: 10029.193 | CO28: 10028.162 | CP28: 10026.56 | CQ28: 10024.231 | CR28: 10021.037 | CS28: 10016.899 | CT28: 10011.767 | CU28: 10005.629 | CV28: 9998.523 | CW28: 9990.51 | CX28: 9981.684
A29: Ages 15 to 29 | B29: 12333.328 | C29: 12709.81 | D29: 12973.174 | E29: 13198.527 | F29: 13380.458 | G29: 13485.653 | H29: 13530.284 | I29: 13550.369 | J29: 13582.775 | K29: 13632.999 | L29: 13658.96 | M29: 13657.107 | N29: 13635.804 | O29: 13606.478 | P29: 13559.618 | Q29: 13508.549 | R29: 13393.097 | S29: 13283.865 | T29: 13171.289 | U29: 13049.257 | V29: 12927.94 | W29: 12826.239 | X29: 12742.128 | Y29: 12660.138 | Z29: 12569.928 | AA29: 12500.166 | AB29: 12446.374 | AC29: 12400.332 | AD29: 12367.7 | AE29: 12356.425 | AF29: 12340.106 | AG29: 12360.564 | AH29: 12384.851 | AI29: 12408.122 | AJ29: 12431.255 | AK29: 12455.039 | AL29: 12479.348 | AM29: 12503.422 | AN29: 12526.747 | AO29: 12548.92 | AP29: 12569.618 | AQ29: 12587.181 | AR29: 12599.685 | AS29: 12606.519 | AT29: 12607.252 | AU29: 12601.513 | AV29: 12588.871 | AW29: 12569.14 | AX29: 12542.794 | AY29: 12510.661 | AZ29: 12473.575 | BA29: 12432.67 | BB29: 12389.261 | BC29: 12344.445 | BD29: 12299.183 | BE29: 12254.272 | BF29: 12211.231 | BG29: 12171.685 | BH29: 12136.391 | BI29: 12105.894 | BJ29: 12080.409 | BK29: 12060.157 | BL29: 12045.205 | BM29: 12035.205 | BN29: 12029.59 | BO29: 12027.65 | BP29: 12028.815 | BQ29: 12032.495 | BR29: 12037.954 | BS29: 12044.484 | BT29: 12051.363 | BU29: 12058.082 | BV29: 12064.203 | BW29: 12069.085 | BX29: 12072.22 | BY29: 12073.237 | BZ29: 12071.837 | CA29: 12067.919 | CB29: 12061.392 | CC29: 12052.244 | CD29: 12040.566 | CE29: 12026.557 | CF29: 12010.472 | CG29: 11992.625 | CH29: 11973.372 | CI29: 11953.124 | CJ29: 11932.299 | CK29: 11911.328 | CL29: 11890.649 | CM29: 11870.666 | CN29: 11851.734 | CO29: 11834.162 | CP29: 11818.191 | CQ29: 11804.009 | CR29: 11791.724 | CS29: 11781.362 | CT29: 11772.866 | CU29: 11766.15 | CV29: 11761.053 | CW29: 11757.373 | CX29: 11754.898
A30: Ages 30 to 44 | B30: 13533.36 | C30: 13870.659 | D30: 14117.975 | E30: 14298.245 | F30: 14458.553 | G30: 14627.362 | H30: 14754.478 | I30: 14885.36 | J30: 14968.74 | K30: 15033.2 | L30: 15088.272 | M30: 15125.879 | N30: 15178.993 | O30: 15213.009 | P30: 15230.072 | Q30: 15259.064 | R30: 15332.101 | S30: 15386.19 | T30: 15456.846 | U30: 15537.847 | V30: 15594.346 | W30: 15639.674 | X30: 15660.726 | Y30: 15693.986 | Z30: 15744.928 | AA30: 15771.752 | AB30: 15771.031 | AC30: 15750.995 | AD30: 15722.942 | AE30: 15677.422 | AF30: 15627.771 | AG30: 15514.239 | AH30: 15406.855 | AI30: 15296.202 | AJ30: 15176.247 | AK30: 15057.015 | AL30: 14957.209 | AM30: 14874.825 | AN30: 14794.543 | AO30: 14706.165 | AP30: 14638.028 | AQ30: 14585.716 | AR30: 14541.113 | AS30: 14509.788 | AT30: 14499.626 | AU30: 14484.484 | AV30: 14505.759 | AW30: 14530.819 | AX30: 14554.872 | AY30: 14578.78 | AZ30: 14603.337 | BA30: 14628.411 | BB30: 14653.243 | BC30: 14677.332 | BD30: 14700.241 | BE30: 14721.665 | BF30: 14739.951 | BG30: 14753.196 | BH30: 14760.796 | BI30: 14762.318 | BJ30: 14757.399 | BK30: 14745.594 | BL30: 14726.73 | BM30: 14701.27 | BN30: 14670.039 | BO30: 14633.893 | BP30: 14593.937 | BQ30: 14551.472 | BR30: 14507.63 | BS30: 14463.324 | BT30: 14419.359 | BU30: 14377.243 | BV30: 14338.602 | BW30: 14304.182 | BX30: 14274.539 | BY30: 14249.876 | BZ30: 14230.414 | CA30: 14216.21 | CB30: 14206.935 | CC30: 14201.991 | CD30: 14200.699 | CE30: 14202.487 | CF30: 14206.778 | CG30: 14212.836 | CH30: 14219.945 | CI30: 14227.388 | CJ30: 14234.671 | CK30: 14241.344 | CL30: 14246.79 | CM30: 14250.471 | CN30: 14252.028 | CO30: 14251.191 | CP30: 14247.839 | CQ30: 14241.886 | CR30: 14233.3 | CS30: 14222.186 | CT30: 14208.75 | CU30: 14193.237 | CV30: 14175.954 | CW30: 14157.275 | CX30: 14137.592
A31: Ages 45 to 59 | B31: 13314.705 | C31: 13221.608 | D31: 13164.692 | E31: 13132.775 | F31: 13105.032 | G31: 13065.369 | H31: 13036.768 | I31: 13013.37 | J31: 13047.086 | K31: 13071.746 | L31: 13145.043 | M31: 13281.621 | N31: 13447.999 | O31: 13640.267 | P31: 13861.482 | Q31: 14098.595 | R31: 14305.951 | S31: 14465.112 | T31: 14577.898 | U31: 14691.49 | V31: 14835.804 | W31: 14963.923 | X31: 15095.367 | Y31: 15180.494 | Z31: 15246.863 | AA31: 15303.991 | AB31: 15344.533 | AC31: 15400.146 | AD31: 15437.178 | AE31: 15457.833 | AF31: 15490.147 | AG31: 15565.462 | AH31: 15622.273 | AI31: 15695.079 | AJ31: 15778.073 | AK31: 15837.466 | AL31: 15885.541 | AM31: 15909.808 | AN31: 15945.788 | AO31: 15998.86 | AP31: 16028.074 | AQ31: 16030.346 | AR31: 16013.71 | AS31: 15988.955 | AT31: 15946.827 | AU31: 15900.837 | AV31: 15792.333 | AW31: 15689.809 | AX31: 15584.281 | AY31: 15469.931 | AZ31: 15356.413 | BA31: 15261.806 | BB31: 15184.167 | BC31: 15108.649 | BD31: 15025.417 | BE31: 14961.88 | BF31: 14913.763 | BG31: 14873.232 | BH31: 14845.621 | BI31: 14838.6 | BJ31: 14826.807 | BK31: 14850.404 | BL31: 14877.693 | BM31: 14904.008 | BN31: 14930.166 | BO31: 14956.97 | BP31: 14984.259 | BQ31: 15011.262 | BR31: 15037.494 | BS31: 15062.527 | BT31: 15086.058 | BU31: 15106.459 | BV31: 15121.823 | BW31: 15131.573 | BX31: 15135.286 | BY31: 15132.602 | BZ31: 15123.091 | CA31: 15106.599 | CB31: 15083.586 | CC31: 15054.887 | CD31: 15021.314 | CE31: 14983.97 | CF31: 14944.149 | CG31: 14902.968 | CH31: 14861.331 | CI31: 14820.04 | CJ31: 14780.565 | CK31: 14744.493 | CL31: 14712.566 | CM31: 14685.341 | CN31: 14663.003 | CO31: 14645.77 | CP31: 14633.708 | CQ31: 14626.473 | CR31: 14623.494 | CS31: 14624.099 | CT31: 14627.707 | CU31: 14633.756 | CV31: 14641.526 | CW31: 14650.3 | CX31: 14659.381
A32: Ages 60 to 74 | B32: 10693.165 | C32: 10803.975 | D32: 10974.592 | E32: 11173.947 | F32: 11376.867 | G32: 11587.109 | H32: 11773.027 | I32: 11951.638 | J32: 12109.967 | K32: 12266.134 | L32: 12366.884 | M32: 12410.162 | N32: 12406.291 | O32: 12377.459 | P32: 12310.053 | Q32: 12203.486 | R32: 12098.199 | S32: 12039.071 | T32: 12010.561 | U32: 11991.068 | V32: 11966.822 | W32: 11958.932 | X32: 11956.586 | Y32: 12006.617 | Z32: 12050.376 | AA32: 12137.127 | AB32: 12280.5 | AC32: 12448.185 | AD32: 12638.488 | AE32: 12853.736 | AF32: 13081.006 | AG32: 13279.719 | AH32: 13437.013 | AI32: 13552.446 | AJ32: 13667.851 | AK32: 13811.366 | AL32: 13939.127 | AM32: 14069.442 | AN32: 14157.404 | AO32: 14227.633 | AP32: 14289.51 | AQ32: 14337.63 | AR32: 14399.834 | AS32: 14445.149 | AT32: 14475.829 | AU32: 14517.529 | AV32: 14599.305 | AW32: 14663.862 | AX32: 14742.797 | AY32: 14831.418 | AZ32: 14898.976 | BA32: 14954.781 | BB32: 14988.096 | BC32: 15031.553 | BD32: 15090.476 | BE32: 15126.371 | BF32: 15137.142 | BG32: 15130.332 | BH32: 15115.27 | BI32: 15083.089 | BJ32: 15047.913 | BK32: 14954.321 | BL32: 14866.258 | BM32: 14775.966 | BN32: 14678.282 | BO32: 14581.805 | BP32: 14502.749 | BQ32: 14439.286 | BR32: 14378.028 | BS32: 14310.157 | BT32: 14260.373 | BU32: 14224.796 | BV32: 14196.4 | BW32: 14179.908 | BX32: 14182.292 | BY32: 14180.51 | BZ32: 14211.042 | CA32: 14244.948 | CB32: 14277.965 | CC32: 14310.857 | CD32: 14344.318 | CE32: 14378.186 | CF32: 14411.679 | CG32: 14444.314 | CH32: 14475.665 | CI32: 14505.446 | CJ32: 14532.096 | CK32: 14553.789 | CL32: 14569.953 | CM32: 14580.222 | CN32: 14584.243 | CO32: 14581.66 | CP32: 14572.325 | CQ32: 14556.686 | CR32: 14535.581 | CS32: 14509.795 | CT32: 14480.419 | CU32: 14448.655 | CV32: 14415.571 | CW32: 14382.071 | CX32: 14348.902
A33: Ages 75 and over | B33: 6120.802 | C33: 6319.265 | D33: 6487.51 | E33: 6631.483 | F33: 6757.698 | G33: 6870.066 | H33: 6989.649 | I33: 7107.822 | J33: 7214.985 | K33: 7334.975 | L33: 7466.87 | M33: 7614.45 | N33: 7768.26 | O33: 7927.796 | P33: 8103.342 | Q33: 8293.439 | R33: 8489.961 | S33: 8692.415 | T33: 8893.763 | U33: 9080.212 | V33: 9259.72 | W33: 9425.791 | X33: 9585.168 | Y33: 9719.808 | Z33: 9865.778 | AA33: 9977.403 | AB33: 10056.568 | AC33: 10104.224 | AD33: 10138.802 | AE33: 10157.338 | AF33: 10158.081 | AG33: 10168.663 | AH33: 10226.756 | AI33: 10312.792 | AJ33: 10396.234 | AK33: 10472.26 | AL33: 10553.814 | AM33: 10637.664 | AN33: 10749.049 | AO33: 10868.686 | AP33: 11000.242 | AQ33: 11157.313 | AR33: 11312.828 | AS33: 11481.601 | AT33: 11662.827 | AU33: 11843.486 | AV33: 12011.669 | AW33: 12188.371 | AX33: 12354.912 | AY33: 12519.852 | AZ33: 12702.391 | BA33: 12873.742 | BB33: 13045.767 | BC33: 13199.973 | BD33: 13340.418 | BE33: 13477.91 | BF33: 13619.153 | BG33: 13765.006 | BH33: 13901.177 | BI33: 14029.369 | BJ33: 14161.499 | BK33: 14313.579 | BL33: 14453.965 | BM33: 14595.406 | BN33: 14742.52 | BO33: 14886.196 | BP33: 15010.158 | BQ33: 15116.577 | BR33: 15219.131 | BS33: 15326.998 | BT33: 15415.779 | BU33: 15489.963 | BV33: 15557.268 | BW33: 15613.295 | BX33: 15651.358 | BY33: 15694.929 | BZ33: 15707.895 | CA33: 15719.356 | CB33: 15733.452 | CC33: 15749.3 | CD33: 15766.065 | CE33: 15783.391 | CF33: 15801.409 | CG33: 15820.328 | CH33: 15840.571 | CI33: 15862.542 | CJ33: 15887.044 | CK33: 15914.998 | CL33: 15947.098 | CM33: 15983.905 | CN33: 16026.075 | CO33: 16074.139 | CP33: 16128.373 | CQ33: 16188.745 | CR33: 16254.959 | CS33: 16326.644 | CT33: 16402.947 | CU33: 16482.718 | CV33: 16565.012 | CW33: 16649.006 | CX33: 16733.912
A34: All ages | B34: 67602.761 | C34: 68492.495 | D34: 69226.231 | E34: 69867.979 | F34: 70414.3 | G34: 70861.913 | H34: 71208.101 | I34: 71547.662 | J34: 71879.988 | K34: 72204.574 | L34: 72521.173 | M34: 72830.021 | N34: 73131.597 | O34: 73426.168 | P34: 73714.089 | Q34: 73995.941 | R34: 74272.334 | S34: 74543.738 | T34: 74810.478 | U34: 75072.892 | V34: 75331.209 | W34: 75585.236 | X34: 75834.507 | Y34: 76078.686 | Z34: 76317.48 | AA34: 76550.535 | AB34: 76776.46 | AC34: 76993.637 | AD34: 77201.483 | AE34: 77399.645 | AF34: 77588.049 | AG34: 77766.71 | AH34: 77935.834 | AI34: 78096.133 | AJ34: 78248.758 | AK34: 78394.896 | AL34: 78535.61 | AM34: 78672.036 | AN34: 78805.317 | AO34: 78936.487 | AP34: 79066.48 | AQ34: 79195.863 | AR34: 79325.004 | AS34: 79454.27 | AT34: 79583.857 | AU34: 79713.62 | AV34: 79843.214 | AW34: 79972.1 | AX34: 80099.544 | AY34: 80224.705 | AZ34: 80346.626 | BA34: 80464.328 | BB34: 80576.958 | BC34: 80683.666 | BD34: 80783.805 | BE34: 80876.875 | BF34: 80962.574 | BG34: 81040.744 | BH34: 81111.28 | BI34: 81174.269 | BJ34: 81229.882 | BK34: 81278.373 | BL34: 81320.103 | BM34: 81355.442 | BN34: 81384.875 | BO34: 81408.957 | BP34: 81428.186 | BQ34: 81443.111 | BR34: 81454.243 | BS34: 81462.068 | BT34: 81467.091 | BU34: 81469.704 | BV34: 81470.32 | BW34: 81469.232 | BX34: 81466.731 | BY34: 81463.093 | BZ34: 81458.489 | CA34: 81453.12 | CB34: 81447.095 | CC34: 81440.608 | CD34: 81433.781 | CE34: 81426.783 | CF34: 81419.829 | CG34: 81413.183 | CH34: 81407.2 | CI34: 81402.25 | CJ34: 81398.709 | CK34: 81396.967 | CL34: 81397.436 | CM34: 81400.459 | CN34: 81406.276 | CO34: 81415.084 | CP34: 81426.996 | CQ34: 81442.03 | CR34: 81460.095 | CS34: 81480.985 | CT34: 81504.456 | CU34: 81530.145 | CV34: 81557.639 | CW34: 81586.535 | CX34: 81616.369
A35: Ages 0 to 14 | B35: 0.1717001 | C35: 0.16888242 | D35: 0.16624172 | E35: 0.16363722 | F35: 0.16098565 | G35: 0.15842578 | H35: 0.15621671 | I35: 0.1542902 | J35: 0.15242678 | K35: 0.15048243 | L35: 0.14885507 | M35: 0.14747767 | N35: 0.14623296 | O35: 0.14519563 | P35: 0.14447065 | Q35: 0.14369448 | R35: 0.14343194 | S35: 0.14323249 | T35: 0.14302971 | U35: 0.14283475 | V35: 0.1426577 | W35: 0.1424971 | X35: 0.14234327 | Y35: 0.14219019 | Z35: 0.14203308 | AA35: 0.14186832 | AB35: 0.14167694 | AC35: 0.14143708 | AD35: 0.14114202 | AE35: 0.14078735 | AF35: 0.14036876 | AG35: 0.13988072 | AH35: 0.13932084 | AI35: 0.13869434 | AJ35: 0.13800983 | AK35: 0.13727616 | AL35: 0.13650586 | AM35: 0.13571372 | AN35: 0.13491204 | AO35: 0.13411064 | AP35: 0.13331829 | AQ35: 0.13255335 | AR35: 0.13183528 | AS35: 0.13117304 | AT35: 0.13057291 | AU35: 0.13003764 | AV35: 0.1295699 | AW35: 0.12917129 | AX35: 0.12883829 | AY35: 0.12856467 | AZ35: 0.12834309 | BA35: 0.12816758 | BB35: 0.12803194 | BC35: 0.12792817 | BD35: 0.12784827 | BE35: 0.12778408 | BF35: 0.12772981 | BG35: 0.12768013 | BH35: 0.12762744 | BI35: 0.12756504 | BJ35: 0.12748824 | BK35: 0.12739327 | BL35: 0.1272779 | BM35: 0.12714069 | BN35: 0.12698033 | BO35: 0.12679739 | BP35: 0.12659336 | BQ35: 0.12637065 | BR35: 0.12613224 | BS35: 0.12588163 | BT35: 0.12562323 | BU35: 0.12536146 | BV35: 0.12510107 | BW35: 0.124847 | BX35: 0.12460345 | BY35: 0.12437459 | BZ35: 0.12416398 | CA35: 0.12397423 | CB35: 0.12380755 | CC35: 0.12366471 | CD35: 0.12354601 | CE35: 0.12345068 | CF35: 0.1233771 | CG35: 0.12332293 | CH35: 0.12328536 | CI35: 0.12326084 | CJ35: 0.12324562 | CK35: 0.12323573 | CL35: 0.12322722 | CM35: 0.12321618 | CN35: 0.12319926 | CO35: 0.12317327 | CP35: 0.12313558 | CQ35: 0.12308425 | CR35: 0.12301774 | CS35: 0.12293542 | CT35: 0.12283705 | CU35: 0.12272306 | CV35: 0.12259456 | CW35: 0.12245293 | CX35: 0.12230003
A36: Ages 15 to 29 | B36: 0.18243823 | C36: 0.185565 | D36: 0.18740258 | E36: 0.18890667 | F36: 0.19002473 | G36: 0.1903089 | H36: 0.19001046 | I36: 0.1893894 | J36: 0.18896463 | K36: 0.18881074 | L36: 0.18834444 | M36: 0.18752029 | N36: 0.18645571 | O36: 0.18530829 | P36: 0.1839488 | Q36: 0.18255797 | R36: 0.18032417 | S36: 0.17820229 | T36: 0.17606209 | U36: 0.17382116 | V36: 0.17161466 | W36: 0.16969239 | X36: 0.16802546 | Y36: 0.16640847 | Z36: 0.16470575 | AA36: 0.16329299 | AB36: 0.16211185 | AC36: 0.16105658 | AD36: 0.16020029 | AE36: 0.15964447 | AF36: 0.15904648 | AG36: 0.15894415 | AH36: 0.15891087 | AI36: 0.15888267 | AJ36: 0.1588684 | AK36: 0.15887564 | AL36: 0.1589005 | AM36: 0.15893096 | AN36: 0.15895814 | AO36: 0.1589749 | AP36: 0.15897531 | AQ36: 0.15893736 | AR36: 0.15883624 | AS36: 0.15866383 | AT36: 0.15841469 | AU36: 0.15808482 | AV36: 0.15766989 | AW36: 0.15716906 | AX36: 0.15659008 | AY36: 0.15594524 | AZ36: 0.15524703 | BA36: 0.15451157 | BB36: 0.15375687 | BC36: 0.15299807 | BD36: 0.15224813 | BE36: 0.15151762 | BF36: 0.15082563 | BG36: 0.15019217 | BH36: 0.14962643 | BI36: 0.14913462 | BJ36: 0.14871878 | BK36: 0.14838089 | BL36: 0.14812088 | BM36: 0.14793362 | BN36: 0.14781113 | BO36: 0.14774357 | BP36: 0.14772299 | BQ36: 0.1477411 | BR36: 0.14778793 | BS36: 0.14785389 | BT36: 0.14792922 | BU36: 0.14800695 | BV36: 0.14808096 | BW36: 0.14814286 | BX36: 0.14818589 | BY36: 0.14820499 | BZ36: 0.14819618 | CA36: 0.14815785 | CB36: 0.14808867 | CC36: 0.14798814 | CD36: 0.14785714 | CE36: 0.1476978 | CF36: 0.14751286 | CG36: 0.14730569 | CH36: 0.14708001 | CI36: 0.14684022 | CJ36: 0.14659076 | CK36: 0.14633626 | CL36: 0.14608137 | CM36: 0.14583046 | CN36: 0.14558747 | CO36: 0.14535589 | CP36: 0.14513849 | CQ36: 0.14493756 | CR36: 0.14475461 | CS36: 0.14459032 | CT36: 0.14444445 | CU36: 0.14431656 | CV36: 0.14420541 | CW36: 0.14410923 | CX36: 0.14402623
A37: Ages 30 to 44 | B37: 0.20018946 | C37: 0.20251356 | D37: 0.20393967 | E37: 0.20464661 | F37: 0.20533546 | G37: 0.20642065 | H37: 0.20720224 | I37: 0.20804817 | J37: 0.20824628 | K37: 0.20820288 | L37: 0.20805334 | M37: 0.20768742 | N37: 0.20755725 | O37: 0.20718784 | P37: 0.20661006 | Q37: 0.20621488 | R37: 0.20643085 | S37: 0.20640486 | T37: 0.20661338 | U37: 0.20697014 | V37: 0.20701043 | W37: 0.2069144 | X37: 0.20651187 | Y37: 0.20628624 | Z37: 0.20630828 | AA37: 0.20603059 | AB37: 0.20541493 | AC37: 0.20457528 | AD37: 0.20366114 | AE37: 0.2025516 | AF37: 0.20141982 | AG37: 0.19949718 | AH37: 0.19768641 | AI37: 0.19586376 | AJ37: 0.19394873 | AK37: 0.19206627 | AL37: 0.1904513 | AM37: 0.18907385 | AN37: 0.18773534 | AO37: 0.18630377 | AP37: 0.1851357 | AQ37: 0.1841727 | AR37: 0.18331059 | AS37: 0.1826181 | AT37: 0.18219305 | AU37: 0.18170651 | AV37: 0.18167804 | AW37: 0.1816986 | AX37: 0.1817098 | AY37: 0.18172432 | AZ37: 0.1817542 | BA37: 0.18179995 | BB37: 0.18185401 | BC37: 0.18191206 | BD37: 0.18197015 | BE37: 0.18202564 | BF37: 0.18205882 | BG37: 0.18204665 | BH37: 0.18198204 | BI37: 0.18185957 | BJ37: 0.18167451 | BK37: 0.18142088 | BL37: 0.18109581 | BM37: 0.1807042 | BN37: 0.1802551 | BO37: 0.17975778 | BP37: 0.17922464 | BQ37: 0.17867039 | BR37: 0.17810773 | BS37: 0.17754673 | BT37: 0.17699612 | BU37: 0.17647349 | BV37: 0.17599786 | BW37: 0.17557772 | BX37: 0.17521924 | BY37: 0.17492432 | BZ37: 0.17469529 | CA37: 0.17453242 | CB37: 0.17443145 | CC37: 0.17438464 | CD37: 0.17438339 | CE37: 0.17442034 | CF37: 0.17448794 | CG37: 0.17457659 | CH37: 0.17467675 | CI37: 0.17477881 | CJ37: 0.17487588 | CK37: 0.17496161 | CL37: 0.1750275 | CM37: 0.17506622 | CN37: 0.17507284 | CO37: 0.17504362 | CP37: 0.17497685 | CQ37: 0.17487145 | CR37: 0.17472727 | CS37: 0.17454607 | CT37: 0.17433096 | CU37: 0.17408576 | CV37: 0.17381516 | CW37: 0.17352465 | CX37: 0.17322006
A38: Ages 45 to 59 | B38: 0.19695505 | C38: 0.19303732 | D38: 0.19016913 | E38: 0.18796558 | F38: 0.18611322 | G38: 0.18437788 | H38: 0.18307984 | I38: 0.18188393 | J38: 0.18151208 | K38: 0.18103764 | L38: 0.181258 | M38: 0.18236465 | N38: 0.18388767 | O38: 0.18576847 | P38: 0.18804386 | Q38: 0.190532 | R38: 0.1926148 | S38: 0.19404865 | T38: 0.19486439 | U38: 0.19569634 | V38: 0.196941 | W38: 0.19797415 | X38: 0.1990567 | Y38: 0.19953675 | Z38: 0.19978206 | AA38: 0.19992011 | AB38: 0.19985987 | AC38: 0.20001842 | AD38: 0.1999596 | AE38: 0.19971452 | AF38: 0.19964604 | AG38: 0.20015585 | AH38: 0.20045045 | AI38: 0.20097127 | AJ38: 0.20163992 | AK38: 0.20202165 | AL38: 0.20227182 | AM38: 0.20222952 | AN38: 0.20234406 | AO38: 0.20268016 | AP38: 0.20271642 | AQ38: 0.20241393 | AR38: 0.20187468 | AS38: 0.20123469 | AT38: 0.20037766 | AU38: 0.19947453 | AV38: 0.1977918 | AW38: 0.19619103 | AX38: 0.19456142 | AY38: 0.19283251 | AZ38: 0.19112704 | BA38: 0.1896717 | BB38: 0.18844304 | BC38: 0.18725784 | BD38: 0.18599541 | BE38: 0.18499577 | BF38: 0.18420564 | BG38: 0.18352783 | BH38: 0.18302782 | BI38: 0.18279931 | BJ38: 0.18252897 | BK38: 0.1827104 | BL38: 0.18295222 | BM38: 0.1831962 | BN38: 0.18345136 | BO38: 0.18372634 | BP38: 0.18401809 | BQ38: 0.18431592 | BR38: 0.18461278 | BS38: 0.18490234 | BT38: 0.18517978 | BU38: 0.18542425 | BV38: 0.18561143 | BW38: 0.18573359 | BX38: 0.18578487 | BY38: 0.18576022 | BZ38: 0.18565396 | CA38: 0.18546372 | CB38: 0.18519489 | CC38: 0.18485725 | CD38: 0.18446048 | CE38: 0.18401771 | CF38: 0.18354434 | CG38: 0.1830535 | CH38: 0.18255549 | CI38: 0.18205934 | CJ38: 0.1815823 | CK38: 0.18114303 | CL38: 0.18074975 | CM38: 0.18040858 | CN38: 0.18012128 | CO38: 0.17989013 | CP38: 0.17971568 | CQ38: 0.17959367 | CR38: 0.17951727 | CS38: 0.17947867 | CT38: 0.17947125 | CU38: 0.1794889 | CV38: 0.17952366 | CW38: 0.17956762 | CX38: 0.17961325
A39: Ages 60 to 74 | B39: 0.15817645 | C39: 0.15773955 | D39: 0.15853228 | E39: 0.15992944 | F39: 0.16157041 | G39: 0.16351674 | H39: 0.16533269 | I39: 0.16704442 | J39: 0.16847481 | K39: 0.16988029 | L39: 0.17052791 | M39: 0.17039899 | N39: 0.16964338 | O39: 0.16857013 | P39: 0.16699729 | Q39: 0.16492102 | R39: 0.16288971 | S39: 0.16150345 | T39: 0.16054651 | U39: 0.15972567 | V39: 0.1588561 | W39: 0.15821783 | X39: 0.15766683 | Y39: 0.15781841 | Z39: 0.15789798 | AA39: 0.15855052 | AB39: 0.15995137 | AC39: 0.1616781 | AD39: 0.16370784 | AE39: 0.1660697 | AF39: 0.16859563 | AG39: 0.17076354 | AH39: 0.17241123 | AI39: 0.17353543 | AJ39: 0.17467179 | AK39: 0.17617685 | AL39: 0.17748798 | AM39: 0.17883663 | AN39: 0.17965037 | AO39: 0.18024153 | AP39: 0.18072779 | AQ39: 0.18104014 | AR39: 0.18152957 | AS39: 0.18180457 | AT39: 0.18189404 | AU39: 0.18212106 | AV39: 0.18284967 | AW39: 0.18336222 | AX39: 0.18405594 | AY39: 0.18487345 | AZ39: 0.18543375 | BA39: 0.18585604 | BB39: 0.1860097 | BC39: 0.18630231 | BD39: 0.18680076 | BE39: 0.18702962 | BF39: 0.18696468 | BG39: 0.18670031 | BH39: 0.18635226 | BI39: 0.18581121 | BJ39: 0.18525095 | BK39: 0.18398893 | BL39: 0.1828116 | BM39: 0.18162234 | BN39: 0.18035639 | BO39: 0.17911794 | BP39: 0.17810478 | BQ39: 0.17729291 | BR39: 0.17651662 | BS39: 0.17566651 | BT39: 0.17504458 | BU39: 0.17460228 | BV39: 0.17425241 | BW39: 0.17405231 | BX39: 0.17408692 | BY39: 0.17407282 | BZ39: 0.17445747 | CA39: 0.17488523 | CB39: 0.17530355 | CC39: 0.17572139 | CD39: 0.17614702 | CE39: 0.17657809 | CF39: 0.17700454 | CG39: 0.17741984 | CH39: 0.17781799 | CI39: 0.17819466 | CJ39: 0.17852981 | CK39: 0.17880014 | CL39: 0.17899769 | CM39: 0.1791172 | CN39: 0.17915379 | CO39: 0.17910268 | CP39: 0.17896184 | CQ39: 0.17873678 | CR39: 0.17843806 | CS39: 0.17807584 | CT39: 0.17766414 | CU39: 0.17721856 | CV39: 0.17675317 | CW39: 0.17627996 | CX39: 0.17580912
... A43: Median age | B43: 40.743448 | C43: 40.618501 | D43: 40.58711 | E43: 40.610819 | F43: 40.694552 | G43: 40.822042 | H43: 40.992853 | I43: 41.184258 | J43: 41.369873 | K43: 41.557372 | L43: 41.749603 | M43: 41.945143 | N43: 42.135121 | O43: 42.310489 | P43: 42.484688 | Q43: 42.653949 | R43: 42.813655 | S43: 42.970001 | T43: 43.141152 | U43: 43.302884 | V43: 43.463427 | W43: 43.617723 | X43: 43.76103 | Y43: 43.897005 | Z43: 44.034001 | AA43: 44.178969 | AB43: 44.33131 | AC43: 44.483246 | AD43: 44.632612 | AE43: 44.782764 | AF43: 44.940713 | AG43: 45.119346 | AH43: 45.292858 | AI43: 45.46854 | AJ43: 45.649434 | AK43: 45.835021 | AL43: 46.020705 | AM43: 46.192646 | AN43: 46.354201 | AO43: 46.511979 | AP43: 46.671806 | AQ43: 46.832583 | AR43: 46.980554 | AS43: 47.116442 | AT43: 47.247391 | AU43: 47.369943 | AV43: 47.479005 | AW43: 47.582743 | AX43: 47.677547 | AY43: 47.749995 | AZ43: 47.819855 | BA43: 47.889861 | BB43: 47.958857 | BC43: 48.025814 | BD43: 48.090117 | BE43: 48.151637 | BF43: 48.210399 | BG43: 48.266561 | BH43: 48.320337 | BI43: 48.372259 | BJ43: 48.42301 | BK43: 48.473149 | BL43: 48.523165 | BM43: 48.573557 | BN43: 48.624859 | BO43: 48.677509 | BP43: 48.731731 | BQ43: 48.787541 | BR43: 48.84486 | BS43: 48.903558 | BT43: 48.963124 | BU43: 49.022872 | BV43: 49.082279 | BW43: 49.140977 | BX43: 49.198682 | BY43: 49.254444 | BZ43: 49.307066 | CA43: 49.355975 | CB43: 49.400837 | CC43: 49.441529 | CD43: 49.477957 | CE43: 49.510056 | CF43: 49.538006 | CG43: 49.562351 | CH43: 49.58383 | CI43: 49.603176 | CJ43: 49.621055 | CK43: 49.638208 | CL43: 49.655447 | CM43: 49.673523 | CN43: 49.693062 | CO43: 49.714491 | CP43: 49.738175 | CQ43: 49.764534 | CR43: 49.793836 | CS43: 49.826151 | CT43: 49.861454 | CU43: 49.899575 | CV43: 49.940277 | CW43: 49.983338 | CX43: 50.028378
A45: Table 3: Children, working age population, pensionable age population and dependency ratios [note 4]
A46: Age groups | B46: 2022 | C46: 2023 | D46: 2024 | E46: 2025 | F46: 2026 | G46: 2027 | H46: 2028 | I46: 2029 | J46: 2030 | K46: 2031 | L46: 2032 | M46: 2033 | N46: 2034 | O46: 2035 | P46: 2036 | Q46: 2037 | R46: 2038 | S46: 2039 | T46: 2040 | U46: 2041 | V46: 2042 | W46: 2043 | X46: 2044 | Y46: 2045 | Z46: 2046 | AA46: 2047 | AB46: 2048 | AC46: 2049 | AD46: 2050 | AE46: 2051 | AF46: 2052 | AG46: 2053 | AH46: 2054 | AI46: 2055 | AJ46: 2056 | AK46: 2057 | AL46: 2058 | AM46: 2059 | AN46: 2060 | AO46: 2061 | AP46: 2062 | AQ46: 2063 | AR46: 2064 | AS46: 2065 | AT46: 2066 | AU46: 2067 | AV46: 2068 | AW46: 2069 | AX46: 2070 | AY46: 2071 | AZ46: 2072 | BA46: 2073 | BB46: 2074 | BC46: 2075 | BD46: 2076 | BE46: 2077 | BF46: 2078 | BG46: 2079 | BH46: 2080 | BI46: 2081 | BJ46: 2082 | BK46: 2083 | BL46: 2084 | BM46: 2085 | BN46: 2086 | BO46: 2087 | BP46: 2088 | BQ46: 2089 | BR46: 2090 | BS46: 2091 | BT46: 2092 | BU46: 2093 | BV46: 2094 | BW46: 2095 | BX46: 2096 | BY46: 2097 | BZ46: 2098 | CA46: 2099 | CB46: 2100 | CC46: 2101 | CD46: 2102 | CE46: 2103 | CF46: 2104 | CG46: 2105 | CH46: 2106 | CI46: 2107 | CJ46: 2108 | CK46: 2109 | CL46: 2110 | CM46: 2111 | CN46: 2112 | CO46: 2113 | CP46: 2114 | CQ46: 2115 | CR46: 2116 | CS46: 2117 | CT46: 2118 | CU46: 2119 | CV46: 2120 | CW46: 2121 | CX46: 2122
A47: Children | B47: 12397.632 | C47: 12397.236 | D47: 12336.987 | E47: 12271.926 | F47: 12188.266 | G47: 12080.358 | H47: 11959.025 | I47: 11857.264 | J47: 11773.112 | K47: 11691.046 | L47: 11600.736 | M47: 11531.358 | N47: 11478.542 | O47: 11433.705 | P47: 11402.519 | Q47: 11393.092 | R47: 11378.926 | S47: 11401.804 | T47: 11428.368 | U47: 11453.679 | V47: 11478.605 | W47: 11503.51 | X47: 11528.053 | Y47: 11551.785 | Z47: 11574.342 | AA47: 11595.425 | AB47: 11613.771 | AC47: 11627.574 | AD47: 11635.903 | AE47: 11638.316 | AF47: 11634.568 | AG47: 11624.237 | AH47: 11606.917 | AI47: 11582.828 | AJ47: 11552.703 | AK47: 11517.38 | AL47: 11477.54 | AM47: 11434.301 | AN47: 11389.081 | AO47: 11342.969 | AP47: 11296.878 | AQ47: 11251.401 | AR47: 11208.004 | AS47: 11168.468 | AT47: 11133.493 | AU47: 11103.503 | AV47: 11078.644 | AW47: 11059.026 | AX47: 11044.698 | AY47: 11035.344 | AZ47: 11030.279 | BA47: 11028.773 | BB47: 11030.211 | BC47: 11033.977 | BD47: 11039.314 | BE47: 11045.489 | BF47: 11051.777 | BG47: 11057.669 | BH47: 11062.708 | BI47: 11066.286 | BJ47: 11067.903 | BK47: 11067.234 | BL47: 11064.043 | BM47: 11058.227 | BN47: 11049.771 | BO47: 11038.693 | BP47: 11025.141 | BQ47: 11009.347 | BR47: 10991.594 | BS47: 10972.22 | BT47: 10951.618 | BU47: 10930.201 | BV47: 10908.393 | BW47: 10886.63 | BX47: 10865.33 | BY47: 10844.877 | BZ47: 10825.618 | CA47: 10807.843 | CB47: 10791.761 | CC47: 10777.549 | CD47: 10765.266 | CE47: 10754.925 | CF47: 10746.453 | CG47: 10739.722 | CH47: 10734.571 | CI47: 10730.782 | CJ47: 10728.115 | CK47: 10726.284 | CL47: 10725.013 | CM47: 10724.03 | CN47: 10723.063 | CO47: 10721.869 | CP47: 10720.22 | CQ47: 10717.93 | CR47: 10714.856 | CS47: 10710.866 | CT47: 10705.895 | CU47: 10699.917 | CV47: 10692.931 | CW47: 10684.991 | CX47: 10676.18
A48: Working age | B48: 43198.556 | C48: 43917.531 | D48: 44500.02 | E48: 44981.953 | F48: 45495.34 | G48: 46199.299 | H48: 46700.663 | I48: 46873.019 | J48: 47012.023 | K48: 47133.954 | L48: 47257.508 | M48: 47370.116 | N48: 47468.243 | O48: 47568.751 | P48: 47659.073 | Q48: 47752.105 | R48: 47834.515 | S48: 47915.62 | T48: 48026.639 | U48: 48171.252 | V48: 48327.74 | W48: 48498.331 | X48: 48796.494 | Y48: 49339.459 | Z48: 49772.297 | AA48: 49887.751 | AB48: 49968.728 | AC48: 50049.577 | AD48: 50136.779 | AE48: 50217.146 | AF48: 50295.133 | AG48: 50344.11 | AH48: 50385.971 | AI48: 50417.361 | AJ48: 50423.456 | AK48: 50433.572 | AL48: 50431.39 | AM48: 50416.845 | AN48: 50402.898 | AO48: 50401.377 | AP48: 50388.551 | AQ48: 50383.513 | AR48: 50374.782 | AS48: 50339.293 | AT48: 50306.761 | AU48: 50263.271 | AV48: 50228.071 | AW48: 50196.362 | AX48: 50156.113 | AY48: 50100.21 | AZ48: 50028.551 | BA48: 49957.205 | BB48: 49885.172 | BC48: 49800.451 | BD48: 49686.833 | BE48: 49579.106 | BF48: 49464.688 | BG48: 49339.362 | BH48: 49213.587 | BI48: 49105.607 | BJ48: 49013.933 | BK48: 48924.574 | BL48: 48828.188 | BM48: 48751.089 | BN48: 48688.774 | BO48: 48633.256 | BP48: 48589.289 | BQ48: 48563.948 | BR48: 48532.358 | BS48: 48532.655 | BT48: 48533.958 | BU48: 48531.665 | BV48: 48526.587 | BW48: 48519.448 | BX48: 48510.529 | BY48: 48499.702 | BZ48: 48486.832 | CA48: 48471.743 | CB48: 48454.336 | CC48: 48434.143 | CD48: 48410.668 | CE48: 48383.717 | CF48: 48353.21 | CG48: 48318.933 | CH48: 48280.698 | CI48: 48238.586 | CJ48: 48192.89 | CK48: 48144.051 | CL48: 48092.48 | CM48: 48039.014 | CN48: 47984.656 | CO48: 47930.145 | CP48: 47876.01 | CQ48: 47822.669 | CR48: 47771.39 | CS48: 47723.614 | CT48: 47679.744 | CU48: 47640.003 | CV48: 47604.439 | CW48: 47573.108 | CX48: 47546.038
A49: Pension age | B49: 12006.573 | C49: 12177.728 | D49: 12389.224 | E49: 12614.1 | F49: 12730.694 | G49: 12582.256 | H49: 12548.413 | I49: 12817.379 | J49: 13094.853 | K49: 13379.574 | L49: 13662.929 | M49: 13928.547 | N49: 14184.812 | O49: 14423.712 | P49: 14652.497 | Q49: 14850.744 | R49: 15058.893 | S49: 15226.314 | T49: 15355.471 | U49: 15447.961 | V49: 15524.864 | W49: 15583.395 | X49: 15509.96 | Y49: 15187.442 | Z49: 14970.841 | AA49: 15067.359 | AB49: 15193.961 | AC49: 15316.486 | AD49: 15428.801 | AE49: 15544.183 | AF49: 15658.348 | AG49: 15798.363 | AH49: 15942.946 | AI49: 16095.944 | AJ49: 16272.599 | AK49: 16443.944 | AL49: 16626.68 | AM49: 16820.89 | AN49: 17013.338 | AO49: 17192.141 | AP49: 17381.051 | AQ49: 17560.949 | AR49: 17742.218 | AS49: 17946.509 | AT49: 18143.603 | AU49: 18346.846 | AV49: 18536.499 | AW49: 18716.712 | AX49: 18898.733 | AY49: 19089.151 | AZ49: 19287.796 | BA49: 19478.35 | BB49: 19661.575 | BC49: 19849.238 | BD49: 20057.658 | BE49: 20252.28 | BF49: 20446.109 | BG49: 20643.713 | BH49: 20834.985 | BI49: 21002.376 | BJ49: 21148.046 | BK49: 21286.565 | BL49: 21427.872 | BM49: 21546.126 | BN49: 21646.33 | BO49: 21737.008 | BP49: 21813.756 | BQ49: 21869.816 | BR49: 21930.291 | BS49: 21957.193 | BT49: 21981.515 | BU49: 22007.838 | BV49: 22035.34 | BW49: 22063.154 | BX49: 22090.872 | BY49: 22118.514 | BZ49: 22146.039 | CA49: 22173.534 | CB49: 22200.998 | CC49: 22228.916 | CD49: 22257.847 | CE49: 22288.141 | CF49: 22320.166 | CG49: 22354.528 | CH49: 22391.931 | CI49: 22432.882 | CJ49: 22477.704 | CK49: 22526.632 | CL49: 22579.943 | CM49: 22637.415 | CN49: 22698.557 | CO49: 22763.07 | CP49: 22830.766 | CQ49: 22901.431 | CR49: 22973.849 | CS49: 23046.505 | CT49: 23118.817 | CU49: 23190.225 | CV49: 23260.269 | CW49: 23328.436 | CX49: 23394.151
A50: 16 to 64 [note 5] | B50: 42468.848 | C50: 43160.304 | D50: 43725.847 | E50: 44191.288 | F50: 44556.445 | G50: 44826.638 | H50: 44999.376 | I50: 45137.247 | J50: 45250.658 | K50: 45371.618 | L50: 45501.85 | M50: 45620.882 | N50: 45726.448 | O50: 45848.399 | P50: 45940.339 | Q50: 46046.459 | R50: 46191.638 | S50: 46333.176 | T50: 46483.345 | U50: 46650.206 | V50: 46834.797 | W50: 47005.102 | X50: 47118.123 | Y50: 47196.059 | Z50: 47273.656 | AA50: 47356.98 | AB50: 47432.338 | AC50: 47504.47 | AD50: 47546.283 | AE50: 47580.04 | AF50: 47602.403 | AG50: 47598.567 | AH50: 47599.141 | AI50: 47587.795 | AJ50: 47564.958 | AK50: 47544.599 | AL50: 47539.157 | AM50: 47524.123 | AN50: 47518.437 | AO50: 47511.069 | AP50: 47479.489 | AQ50: 47454.13 | AR50: 47419.736 | AS50: 47394.614 | AT50: 47373.628 | AU50: 47344.267 | AV50: 47298.835 | AW50: 47236.586 | AX50: 47173.249 | AY50: 47107.631 | AZ50: 47027.681 | BA50: 46916.863 | BB50: 46810.582 | BC50: 46695.892 | BD50: 46568.78 | BE50: 46440.211 | BF50: 46328.882 | BG50: 46233.242 | BH50: 46139.065 | BI50: 46037.1 | BJ50: 45954.461 | BK50: 45886.743 | BL50: 45825.9 | BM50: 45776.905 | BN50: 45747.091 | BO50: 45711.319 | BP50: 45708.461 | BQ50: 45707.211 | BR50: 45702.999 | BS50: 45696.668 | BT50: 45689.01 | BU50: 45680.32 | BV50: 45670.47 | BW50: 45659.289 | BX50: 45646.514 | BY50: 45631.942 | BZ50: 45614.98 | CA50: 45594.984 | CB50: 45571.632 | CC50: 45544.667 | CD50: 45513.759 | CE50: 45478.6 | CF50: 45439.179 | CG50: 45395.723 | CH50: 45348.584 | CI50: 45298.156 | CJ50: 45245.256 | CK50: 45190.932 | CL50: 45135.945 | CM50: 45080.876 | CN50: 45026.181 | CO50: 44973.243 | CP50: 44923.558 | CQ50: 44877.618 | CR50: 44835.729 | CS50: 44798.034 | CT50: 44764.66 | CU50: 44735.682 | CV50: 44710.763 | CW50: 44689.315 | CX50: 44670.726
A51: 65 and over [note 5] | B51: 12736.281 | C51: 12934.955 | D51: 13163.397 | E51: 13404.765 | F51: 13669.589 | G51: 13954.917 | H51: 14249.7 | I51: 14553.151 | J51: 14856.218 | K51: 15141.91 | L51: 15418.587 | M51: 15677.781 | N51: 15926.607 | O51: 16144.064 | P51: 16371.231 | Q51: 16556.39 | R51: 16701.77 | S51: 16808.758 | T51: 16898.765 | U51: 16969.007 | V51: 17017.807 | W51: 17076.624 | X51: 17188.331 | Y51: 17330.842 | Z51: 17469.482 | AA51: 17598.13 | AB51: 17730.351 | AC51: 17861.593 | AD51: 18019.297 | AE51: 18181.289 | AF51: 18351.078 | AG51: 18543.906 | AH51: 18729.776 | AI51: 18925.51 | AJ51: 19131.097 | AK51: 19332.917 | AL51: 19518.913 | AM51: 19713.612 | AN51: 19897.799 | AO51: 20082.449 | AP51: 20290.113 | AQ51: 20490.332 | AR51: 20697.264 | AS51: 20891.188 | AT51: 21076.736 | AU51: 21265.85 | AV51: 21465.735 | AW51: 21676.488 | AX51: 21881.597 | AY51: 22081.73 | AZ51: 22288.666 | BA51: 22518.692 | BB51: 22736.165 | BC51: 22953.797 | BD51: 23175.711 | BE51: 23391.175 | BF51: 23581.915 | BG51: 23749.833 | BH51: 23909.507 | BI51: 24070.883 | BJ51: 24207.518 | BK51: 24324.396 | BL51: 24430.16 | BM51: 24520.31 | BN51: 24588.013 | BO51: 24658.945 | BP51: 24694.584 | BQ51: 24726.553 | BR51: 24759.65 | BS51: 24793.18 | BT51: 24826.463 | BU51: 24859.183 | BV51: 24891.457 | BW51: 24923.313 | BX51: 24954.887 | BY51: 24986.274 | BZ51: 25017.891 | CA51: 25050.293 | CB51: 25083.702 | CC51: 25118.392 | CD51: 25154.756 | CE51: 25193.258 | CF51: 25234.197 | CG51: 25277.738 | CH51: 25324.045 | CI51: 25373.312 | CJ51: 25425.338 | CK51: 25479.751 | CL51: 25536.478 | CM51: 25595.553 | CN51: 25657.032 | CO51: 25719.972 | CP51: 25783.218 | CQ51: 25846.482 | CR51: 25909.51 | CS51: 25972.085 | CT51: 26033.901 | CU51: 26094.546 | CV51: 26153.945 | CW51: 26212.229 | CX51: 26269.463
A52: Children | B52: 0.18338943 | C52: 0.18100138 | D52: 0.17821261 | E52: 0.1756445 | F52: 0.17309362 | G52: 0.17047745 | H52: 0.16794473 | I52: 0.16572539 | J52: 0.16378845 | K52: 0.16191559 | L52: 0.15996344 | M52: 0.15833248 | N52: 0.15695735 | O52: 0.15571703 | P52: 0.15468575 | Q52: 0.15396915 | R52: 0.15320545 | S52: 0.15295455 | T52: 0.15276427 | U52: 0.15256744 | V52: 0.15237516 | W52: 0.15219255 | X52: 0.15201593 | Y52: 0.15183996 | Z52: 0.15166043 | AA52: 0.15147412 | AB52: 0.15126734 | AC52: 0.15101993 | AD52: 0.15072124 | AE52: 0.15036653 | AF52: 0.14995309 | AG52: 0.14947575 | AH52: 0.14892914 | AI52: 0.148315 | AJ52: 0.14764072 | AK52: 0.14691492 | AL52: 0.14614441 | AM52: 0.14534136 | AN52: 0.14452173 | AO52: 0.14369741 | AP52: 0.14287822 | AQ52: 0.14207056 | AR52: 0.1412922 | AS52: 0.14056473 | AT52: 0.13989637 | AU52: 0.13929242 | AV52: 0.13875499 | AW52: 0.13828605 | AX52: 0.13788715 | AY52: 0.13755543 | AZ52: 0.13728366 | BA52: 0.13706413 | BB52: 0.13689039 | BC52: 0.13675602 | BD52: 0.13665256 | BE52: 0.13657166 | BF52: 0.13650476 | BG52: 0.1364458 | BH52: 0.13638927 | BI52: 0.13632751 | BJ52: 0.13625408 | BK52: 0.13616456 | BL52: 0.13605545 | BM52: 0.13592486 | BN52: 0.1357718 | BO52: 0.13559556 | BP52: 0.13539711 | BQ52: 0.13517837 | BR52: 0.13494195 | BS52: 0.13469115 | BT52: 0.13442996 | BU52: 0.13416277 | BV52: 0.13389407 | BW52: 0.13362873 | BX52: 0.13337138 | BY52: 0.13312626 | BZ52: 0.13289736 | CA52: 0.13268789 | CB52: 0.13250026 | CC52: 0.1323363 | CD52: 0.13219656 | CE52: 0.13208093 | CF52: 0.13198815 | CG52: 0.13191625 | CH52: 0.13186267 | CI52: 0.13182414 | CJ52: 0.13179711 | CK52: 0.13177744 | CL52: 0.13176107 | CM52: 0.1317441 | CN52: 0.1317228 | CO52: 0.13169389 | CP52: 0.13165437 | CQ52: 0.13160195 | CR52: 0.13153503 | CS52: 0.13145234 | CT52: 0.13135349 | CU52: 0.13123878 | CV52: 0.13110888 | CW52: 0.13096513 | CX52: 0.1308093
A53: Working age | B53: 0.63900579 | C53: 0.64120209 | D53: 0.6428202 | E53: 0.64381357 | F53: 0.64610939 | G53: 0.65196234 | H53: 0.65583357 | I53: 0.65512999 | J53: 0.65403493 | K53: 0.65278349 | L53: 0.65163739 | M53: 0.65042019 | N53: 0.64907981 | O53: 0.64784466 | P53: 0.64653954 | Q53: 0.64533411 | R53: 0.64404217 | S53: 0.64278531 | T53: 0.64197744 | U53: 0.64165974 | V53: 0.64153676 | W53: 0.64163762 | X53: 0.6434603 | Y53: 0.64853195 | Z53: 0.65217427 | AA53: 0.65169696 | AB53: 0.65083397 | AC53: 0.65004822 | AD53: 0.64942767 | AE53: 0.64880331 | AF53: 0.64823299 | AG53: 0.64737354 | AH53: 0.64650583 | AI53: 0.64558076 | AJ53: 0.64439944 | AK53: 0.64332724 | AL53: 0.64214679 | AM53: 0.64084836 | AN53: 0.63958753 | AO53: 0.63850545 | AP53: 0.63729346 | AQ53: 0.6361887 | AR53: 0.63504292 | AS53: 0.63356309 | AT53: 0.63212268 | AU53: 0.63054809 | AV53: 0.62908378 | AW53: 0.62767343 | AX53: 0.62617227 | AY53: 0.62449853 | AZ53: 0.62265901 | BA53: 0.62086152 | BB53: 0.61909972 | BC53: 0.61723089 | BD53: 0.61505933 | BE53: 0.61301956 | BF53: 0.61095745 | BG53: 0.60882168 | BH53: 0.60674159 | BI53: 0.60494055 | BJ53: 0.60339781 | BK53: 0.6019384 | BL53: 0.60044425 | BM53: 0.59923575 | BN53: 0.59825335 | BO53: 0.59739441 | BP53: 0.59671339 | BQ53: 0.59629289 | BR53: 0.59582357 | BS53: 0.59576998 | BT53: 0.59574925 | BU53: 0.59570199 | BV53: 0.59563516 | BW53: 0.59555549 | BX53: 0.59546429 | BY53: 0.59535797 | BZ53: 0.59523363 | CA53: 0.59508762 | CB53: 0.59491792 | CC53: 0.59471736 | CD53: 0.59447894 | CE53: 0.59419905 | CF53: 0.59387511 | CG53: 0.59350257 | CH53: 0.59307651 | CI53: 0.59259524 | CJ53: 0.59205964 | CK53: 0.5914723 | CL53: 0.59083532 | CM53: 0.59015655 | CN53: 0.58944664 | CO53: 0.58871333 | CP53: 0.58796238 | CQ53: 0.58719888 | CR53: 0.58643916 | CS53: 0.58570247 | CT53: 0.58499555 | CU53: 0.58432379 | CV53: 0.58369074 | CW53: 0.58309999 | CX53: 0.58255517
A54: Pension age | B54: 0.17760477 | C54: 0.17779653 | D54: 0.17896719 | E54: 0.18054193 | F54: 0.18079699 | G54: 0.17756021 | H54: 0.17622171 | I54: 0.17914462 | J54: 0.18217662 | K54: 0.18530092 | L54: 0.18839917 | M54: 0.19124733 | N54: 0.19396284 | O54: 0.19643831 | P54: 0.19877471 | Q54: 0.20069674 | R54: 0.20275239 | S54: 0.20426014 | T54: 0.20525829 | U54: 0.20577282 | V54: 0.20608808 | W54: 0.20616983 | X54: 0.20452377 | Y54: 0.19962808 | Z54: 0.1961653 | AA54: 0.19682892 | AB54: 0.19789869 | AC54: 0.19893184 | AD54: 0.1998511 | AE54: 0.20083016 | AF54: 0.20181392 | AG54: 0.20315072 | AH54: 0.20456503 | AI54: 0.20610424 | AJ54: 0.20795984 | AK54: 0.20975784 | AL54: 0.2117088 | AM54: 0.21381028 | AN54: 0.21589074 | AO54: 0.21779714 | AP54: 0.21982831 | AQ54: 0.22174074 | AR54: 0.22366489 | AS54: 0.22587218 | AT54: 0.22798095 | AU54: 0.23015949 | AV54: 0.23216123 | AW54: 0.23404052 | AX54: 0.23594058 | AY54: 0.23794604 | AZ54: 0.24005732 | BA54: 0.24207435 | BB54: 0.24400989 | BC54: 0.24601309 | BD54: 0.24828811 | BE54: 0.25040878 | BF54: 0.25253778 | BG54: 0.25473252 | BH54: 0.25686914 | BI54: 0.25873194 | BJ54: 0.26034811 | BK54: 0.26189704 | BL54: 0.26350031 | BM54: 0.26483939 | BN54: 0.26597485 | BO54: 0.26701003 | BP54: 0.2678895 | BQ54: 0.26852874 | BR54: 0.26923448 | BS54: 0.26953886 | BT54: 0.26982079 | BU54: 0.27013524 | BV54: 0.27047077 | BW54: 0.27081578 | BX54: 0.27116434 | BY54: 0.27151576 | BZ54: 0.27186901 | CA54: 0.27222449 | CB54: 0.27258183 | CC54: 0.27294634 | CD54: 0.27332449 | CE54: 0.27372002 | CF54: 0.27413673 | CG54: 0.27458118 | CH54: 0.27506082 | CI54: 0.27558061 | CJ54: 0.27614325 | CK54: 0.27675026 | CL54: 0.27740362 | CM54: 0.27809935 | CN54: 0.27883055 | CO54: 0.27959278 | CP54: 0.28038325 | CQ54: 0.28119917 | CR54: 0.28202581 | CS54: 0.28284519 | CT54: 0.28365096 | CU54: 0.28443743 | CV54: 0.28520037 | CW54: 0.28593488 | CX54: 0.28663553
A55: Children per 1,000 persons of working age | B55: 286.99182 | C55: 282.28445 | D55: 277.23554 | E55: 272.81888 | F55: 267.90141 | G55: 261.48358 | H55: 256.07827 | I55: 252.96566 | J55: 250.42768 | K55: 248.03873 | L55: 245.47922 | M55: 243.43107 | N55: 241.81519 | O55: 240.36168 | P55: 239.2518 | Q55: 238.58827 | R55: 237.88108 | S55: 237.95589 | T55: 237.95894 | U55: 237.77001 | V55: 237.51587 | W55: 237.19394 | X55: 236.24757 | Y55: 234.12873 | Z55: 232.54587 | AA55: 232.4303 | AB55: 232.42079 | AC55: 232.32112 | AD55: 232.08318 | AE55: 231.75981 | AF55: 231.32592 | AG55: 230.89567 | AH55: 230.36009 | AI55: 229.73888 | AJ55: 229.11367 | AK55: 228.36733 | AL55: 227.58722 | AM55: 226.79525 | AN55: 225.96084 | AO55: 225.05276 | AP55: 224.19533 | AQ55: 223.31513 | AR55: 222.49236 | AS55: 221.86382 | AT55: 221.31206 | AU55: 220.90689 | AV55: 220.56678 | AW55: 220.31529 | AX55: 220.20642 | AY55: 220.26542 | AZ55: 220.47968 | BA55: 220.76441 | BB55: 221.11202 | BC55: 221.5638 | BD55: 222.17786 | BE55: 222.78516 | BF55: 223.42761 | BG55: 224.11455 | BH55: 224.78971 | BI55: 225.35687 | BJ55: 225.81136 | BK55: 226.21012 | BL55: 226.59131 | BM55: 226.83036 | BN55: 226.947 | BO55: 226.97828 | BP55: 226.90476 | BQ55: 226.69794 | BR55: 226.4797 | BS55: 226.07912 | BT55: 225.64857 | BU55: 225.21793 | BV55: 224.79209 | BW55: 224.37663 | BX55: 223.9788 | BY55: 223.60709 | BZ55: 223.26924 | CA55: 222.97203 | CB55: 222.72023 | CC55: 222.51966 | CD55: 222.37384 | CE55: 222.28398 | CF55: 222.24901 | CG55: 222.26737 | CH55: 222.3367 | CI55: 222.45225 | CJ55: 222.60784 | CK55: 222.79563 | CL55: 223.00811 | CM55: 223.23585 | CN55: 223.46858 | CO55: 223.69782 | CP55: 223.91632 | CQ55: 224.11819 | CR55: 224.29442 | CS55: 224.43535 | CT55: 224.53759 | CU55: 224.59942 | CV55: 224.62046 | CW55: 224.60149 | CX55: 224.54405
A56: Pension age per 1,000 persons of working age | B56: 277.93922 | C56: 277.28626 | D56: 278.4094 | E56: 280.4258 | F56: 279.82413 | G56: 272.34734 | H56: 268.69882 | I56: 273.44897 | J56: 278.54264 | K56: 283.86275 | L56: 289.11658 | M56: 294.03658 | N56: 298.82741 | O56: 303.21822 | P56: 307.44402 | Q56: 310.99664 | R56: 314.81229 | S56: 317.77349 | T56: 319.7282 | U56: 320.68838 | V56: 321.24126 | W56: 321.31817 | X56: 317.84988 | Y56: 307.81534 | Z56: 300.78662 | AA56: 302.02522 | AB56: 304.0694 | AC56: 306.02628 | AD56: 307.73419 | AE56: 309.53936 | AF56: 311.32929 | AG56: 313.80757 | AH56: 316.41637 | AI56: 319.254 | AJ56: 322.71884 | AK56: 326.05154 | AL56: 329.68911 | AM56: 333.63631 | AN56: 337.54682 | AO56: 341.10459 | AP56: 344.94048 | AQ56: 348.54555 | AR56: 352.20436 | AS56: 356.51095 | AT56: 360.65934 | AU56: 365.01496 | AV56: 369.0466 | AW56: 372.86989 | AX56: 376.7982 | AY56: 381.01938 | AZ56: 385.53577 | BA56: 389.90072 | BB56: 394.13666 | BC56: 398.57547 | BD56: 403.68155 | BE56: 408.48417 | BF56: 413.34758 | BG56: 418.40251 | BH56: 423.35839 | BI56: 427.69812 | BJ56: 431.47009 | BK56: 435.08943 | BL56: 438.84225 | BM56: 441.96194 | BN56: 444.58565 | BO56: 446.95769 | BP56: 448.94166 | BQ56: 450.33027 | BR56: 451.86947 | BS56: 452.42101 | BT56: 452.91 | BU56: 453.47379 | BV56: 454.08798 | BW56: 454.72805 | BX56: 455.38304 | BY56: 456.05464 | BZ56: 456.74337 | CA56: 457.45279 | CB56: 458.18393 | CC56: 458.95136 | CD56: 459.77153 | CE56: 460.65376 | CF56: 461.60671 | CG56: 462.64532 | CH56: 463.7864 | CI56: 465.04021 | CJ56: 466.41121 | CK56: 467.90063 | CL56: 469.51089 | CM56: 471.2298 | CN56: 473.03782 | CO56: 474.92178 | CP56: 476.87278 | CQ56: 478.88233 | CR56: 480.9123 | CS56: 482.91617 | CT56: 484.87712 | CU56: 486.78051 | CV56: 488.61555 | CW56: 490.37023 | CX56: 492.03155
A57: Total children and pension age per 1,000 persons of working age | B57: 564.93104 | C57: 559.57071 | D57: 555.64494 | E57: 553.24468 | F57: 547.72554 | G57: 533.83092 | H57: 524.77709 | I57: 526.41463 | J57: 528.97032 | K57: 531.90148 | L57: 534.59579 | M57: 537.46765 | N57: 540.64259 | O57: 543.5799 | P57: 546.69582 | Q57: 549.5849 | R57: 552.69336 | S57: 555.72938 | T57: 557.68714 | U57: 558.45839 | V57: 558.75712 | W57: 558.51211 | X57: 554.09744 | Y57: 541.94408 | Z57: 533.33249 | AA57: 534.45552 | AB57: 536.49018 | AC57: 538.34741 | AD57: 539.81737 | AE57: 541.29916 | AF57: 542.65521 | AG57: 544.70324 | AH57: 546.77646 | AI57: 548.99288 | AJ57: 551.8325 | AK57: 554.41887 | AL57: 557.27633 | AM57: 560.43156 | AN57: 563.50766 | AO57: 566.15735 | AP57: 569.13581 | AQ57: 571.86068 | AR57: 574.69672 | AS57: 578.37477 | AT57: 581.9714 | AU57: 585.92186 | AV57: 589.61339 | AW57: 593.18518 | AX57: 597.00462 | AY57: 601.2848 | AZ57: 606.01545 | BA57: 610.66513 | BB57: 615.24868 | BC57: 620.13926 | BD57: 625.85941 | BE57: 631.26933 | BF57: 636.77519 | BG57: 642.51706 | BH57: 648.1481 | BI57: 653.055 | BJ57: 657.28145 | BK57: 661.29955 | BL57: 665.43356 | BM57: 668.7923 | BN57: 671.53264 | BO57: 673.93598 | BP57: 675.84642 | BQ57: 677.02821 | BR57: 678.34917 | BS57: 678.50014 | BT57: 678.55857 | BU57: 678.69172 | BV57: 678.88007 | BW57: 679.10468 | BX57: 679.36184 | BY57: 679.66172 | BZ57: 680.01261 | CA57: 680.42482 | CB57: 680.90416 | CC57: 681.47102 | CD57: 682.14537 | CE57: 682.93773 | CF57: 683.85572 | CG57: 684.91268 | CH57: 686.1231 | CI57: 687.49246 | CJ57: 689.01904 | CK57: 690.69626 | CL57: 692.519 | CM57: 694.46565 | CN57: 696.5064 | CO57: 698.61961 | CP57: 700.7891 | CQ57: 703.00052 | CR57: 705.20671 | CS57: 707.35152 | CT57: 709.41471 | CU57: 711.37993 | CV57: 713.23601 | CW57: 714.97172 | CX57: 716.57561

Sheet 2022-based low
A1: Persons, thousands - population by broad age group, components of change and summary statistics [note 1]
A2: United Kingdom (UK)
A3: Low migration
A4: This worksheet contains three tables presented vertically with one blank row between each table. Some cells refer to notes which can be found on the notes worksheet.
A5: Shorthand is used, z = not applicable
A6: Table 1: Projected population, components of change (to mid-year ending), Total Fertility Rate (TFR) and Expectation Of Life At Birth (EOLB) based on the mortality rates for the year
A7: Components | B7: 2022 [note 2] | C7: 2023 | D7: 2024 | E7: 2025 | F7: 2026 | G7: 2027 | H7: 2028 | I7: 2029 | J7: 2030 | K7: 2031 | L7: 2032 | M7: 2033 | N7: 2034 | O7: 2035 | P7: 2036 | Q7: 2037 | R7: 2038 | S7: 2039 | T7: 2040 | U7: 2041 | V7: 2042 | W7: 2043 | X7: 2044 | Y7: 2045 | Z7: 2046 | AA7: 2047 | AB7: 2048 | AC7: 2049 | AD7: 2050 | AE7: 2051 | AF7: 2052 | AG7: 2053 | AH7: 2054 | AI7: 2055 | AJ7: 2056 | AK7: 2057 | AL7: 2058 | AM7: 2059 | AN7: 2060 | AO7: 2061 | AP7: 2062 | AQ7: 2063 | AR7: 2064 | AS7: 2065 | AT7: 2066 | AU7: 2067 | AV7: 2068 | AW7: 2069 | AX7: 2070 | AY7: 2071 | AZ7: 2072 | BA7: 2073 | BB7: 2074 | BC7: 2075 | BD7: 2076 | BE7: 2077 | BF7: 2078 | BG7: 2079 | BH7: 2080 | BI7: 2081 | BJ7: 2082 | BK7: 2083 | BL7: 2084 | BM7: 2085 | BN7: 2086 | BO7: 2087 | BP7: 2088 | BQ7: 2089 | BR7: 2090 | BS7: 2091 | BT7: 2092 | BU7: 2093 | BV7: 2094 | BW7: 2095 | BX7: 2096 | BY7: 2097 | BZ7: 2098 | CA7: 2099 | CB7: 2100 | CC7: 2101 | CD7: 2102 | CE7: 2103 | CF7: 2104 | CG7: 2105 | CH7: 2106 | CI7: 2107 | CJ7: 2108 | CK7: 2109 | CL7: 2110 | CM7: 2111 | CN7: 2112 | CO7: 2113 | CP7: 2114 | CQ7: 2115 | CR7: 2116 | CS7: 2117 | CT7: 2118 | CU7: 2119 | CV7: 2120 | CW7: 2121 | CX7: 2122
A8: Population at start | B8: [z] | C8: 67602.761 | D8: 68492.495 | E8: 69226.231 | F8: 69812.631 | G8: 70247.113 | H8: 70525.251 | I8: 70642.366 | J8: 70748.184 | K8: 70841.942 | L8: 70923.131 | M8: 70991.456 | N8: 71047.18 | O8: 71090.845 | P8: 71122.832 | Q8: 71143.8 | R8: 71154.555 | S8: 71156.042 | T8: 71149.096 | U8: 71134.408 | V8: 71112.67 | W8: 71084.426 | X8: 71049.754 | Y8: 71008.509 | Z8: 70960.588 | AA8: 70905.848 | AB8: 70844.131 | AC8: 70774.277 | AD8: 70694.92 | AE8: 70605.494 | AF8: 70505.698 | AG8: 70395.487 | AH8: 70274.803 | AI8: 70143.805 | AJ8: 70003.176 | AK8: 69853.972 | AL8: 69697.317 | AM8: 69534.264 | AN8: 69365.808 | AO8: 69193.058 | AP8: 69017.028 | AQ8: 68838.564 | AR8: 68658.25 | AS8: 68476.451 | AT8: 68293.651 | AU8: 68110.081 | AV8: 67925.696 | AW8: 67740.363 | AX8: 67553.667 | AY8: 67365.054 | AZ8: 67173.908 | BA8: 66979.524 | BB8: 66781.152 | BC8: 66578.179 | BD8: 66370.064 | BE8: 66156.392 | BF8: 65936.911 | BG8: 65711.599 | BH8: 65480.491 | BI8: 65243.762 | BJ8: 65001.729 | BK8: 64754.779 | BL8: 64503.305 | BM8: 64247.86 | BN8: 63988.982 | BO8: 63727.283 | BP8: 63463.367 | BQ8: 63197.903 | BR8: 62931.459 | BS8: 62664.623 | BT8: 62397.901 | BU8: 62131.777 | BV8: 61866.688 | BW8: 61602.96 | BX8: 61340.837 | BY8: 61080.532 | BZ8: 60822.166 | CA8: 60565.859 | CB8: 60311.55 | CC8: 60059.209 | CD8: 59808.721 | CE8: 59559.964 | CF8: 59312.872 | CG8: 59067.441 | CH8: 58823.676 | CI8: 58581.75 | CJ8: 58341.857 | CK8: 58104.264 | CL8: 57869.316 | CM8: 57637.377 | CN8: 57408.794 | CO8: 57183.889 | CP8: 56962.935 | CQ8: 56746.087 | CR8: 56533.452 | CS8: 56325.036 | CT8: 56120.772 | CU8: 55920.455 | CV8: 55723.842 | CW8: 55530.627 | CX8: 55340.435
A9: Births | B9: [z] | C9: 664.464 | D9: 667.909 | E9: 674.219 | F9: 677.146 | G9: 676.622 | H9: 673.385 | I9: 669.015 | J9: 664.471 | K9: 659.811 | L9: 655.13 | M9: 650.852 | N9: 647.144 | O9: 643.762 | P9: 640.796 | Q9: 638.39 | R9: 636.634 | S9: 635.357 | T9: 634.246 | U9: 633.234 | V9: 632.239 | W9: 630.868 | X9: 628.849 | Y9: 626.463 | Z9: 623.792 | AA9: 620.877 | AB9: 616.938 | AC9: 611.784 | AD9: 606.216 | AE9: 600.39 | AF9: 594.454 | AG9: 588.321 | AH9: 582.031 | AI9: 575.952 | AJ9: 570.334 | AK9: 565.202 | AL9: 560.367 | AM9: 555.823 | AN9: 551.691 | AO9: 547.942 | AP9: 544.574 | AQ9: 541.397 | AR9: 538.355 | AS9: 535.663 | AT9: 533.264 | AU9: 531.034 | AV9: 528.976 | AW9: 526.975 | AX9: 525.035 | AY9: 523.214 | AZ9: 521.409 | BA9: 519.604 | BB9: 517.752 | BC9: 515.848 | BD9: 513.847 | BE9: 511.739 | BF9: 509.496 | BG9: 507.094 | BH9: 504.531 | BI9: 501.797 | BJ9: 498.911 | BK9: 495.892 | BL9: 492.746 | BM9: 489.518 | BN9: 486.236 | BO9: 482.95 | BP9: 479.682 | BQ9: 476.478 | BR9: 473.335 | BS9: 470.316 | BT9: 467.407 | BU9: 464.649 | BV9: 462.034 | BW9: 459.56 | BX9: 457.236 | BY9: 455.062 | BZ9: 453.011 | CA9: 451.081 | CB9: 449.25 | CC9: 447.51 | CD9: 445.842 | CE9: 444.226 | CF9: 442.647 | CG9: 441.092 | CH9: 439.529 | CI9: 437.964 | CJ9: 436.381 | CK9: 434.764 | CL9: 433.1 | CM9: 431.394 | CN9: 429.629 | CO9: 427.817 | CP9: 425.969 | CQ9: 424.066 | CR9: 422.122 | CS9: 420.142 | CT9: 418.151 | CU9: 416.139 | CV9: 414.127 | CW9: 412.133 | CX9: 410.158
A10: Deaths | B10: [z] | C10: 680.727 | D10: 662.165 | E10: 663.931 | F10: 666.867 | G10: 670.795 | H10: 676.28 | I10: 683.201 | J10: 690.703 | K10: 698.624 | L10: 706.808 | M10: 715.12 | N10: 723.483 | O10: 731.78 | P10: 739.826 | Q10: 747.63 | R10: 755.157 | S10: 762.315 | T10: 768.928 | U10: 774.973 | V10: 780.49 | W10: 785.525 | X10: 790.101 | Y10: 794.378 | Z10: 798.519 | AA10: 802.606 | AB10: 806.795 | AC10: 811.14 | AD10: 815.645 | AE10: 820.188 | AF10: 824.662 | AG10: 829.005 | AH10: 833.017 | AI10: 836.575 | AJ10: 839.538 | AK10: 841.853 | AL10: 843.416 | AM10: 844.276 | AN10: 844.449 | AO10: 843.973 | AP10: 843.035 | AQ10: 841.717 | AR10: 840.145 | AS10: 838.458 | AT10: 836.828 | AU10: 835.426 | AV10: 834.305 | AW10: 833.67 | AX10: 833.65 | AY10: 834.371 | AZ10: 835.8 | BA10: 837.967 | BB10: 840.724 | BC10: 843.972 | BD10: 847.532 | BE10: 851.223 | BF10: 854.818 | BG10: 858.207 | BH10: 861.27 | BI10: 863.832 | BJ10: 865.874 | BK10: 867.363 | BL10: 868.204 | BM10: 868.402 | BN10: 867.944 | BO10: 866.855 | BP10: 865.156 | BQ10: 862.913 | BR10: 860.175 | BS10: 857.031 | BT10: 853.529 | BU10: 849.734 | BV10: 845.766 | BW10: 841.676 | BX10: 837.548 | BY10: 833.408 | BZ10: 829.321 | CA10: 825.385 | CB10: 821.592 | CC10: 818.011 | CD10: 814.609 | CE10: 811.317 | CF10: 808.087 | CG10: 804.853 | CH10: 801.46 | CI10: 797.864 | CJ10: 793.972 | CK10: 789.702 | CL10: 785.045 | CM10: 779.978 | CN10: 774.536 | CO10: 768.785 | CP10: 762.813 | CQ10: 756.701 | CR10: 750.536 | CS10: 744.423 | CT10: 738.467 | CU10: 732.749 | CV10: 727.352 | CW10: 722.325 | CX10: 717.675
A11: Natural Change | B11: [z] | C11: -16.263 | D11: 5.744 | E11: 10.288 | F11: 10.279 | G11: 5.827 | H11: -2.895 | I11: -14.186 | J11: -26.232 | K11: -38.813 | L11: -51.678 | M11: -64.268 | N11: -76.339 | O11: -88.018 | P11: -99.03 | Q11: -109.24 | R11: -118.523 | S11: -126.958 | T11: -134.682 | U11: -141.739 | V11: -148.251 | W11: -154.657 | X11: -161.252 | Y11: -167.915 | Z11: -174.727 | AA11: -181.729 | AB11: -189.857 | AC11: -199.356 | AD11: -209.429 | AE11: -219.798 | AF11: -230.208 | AG11: -240.684 | AH11: -250.986 | AI11: -260.623 | AJ11: -269.204 | AK11: -276.651 | AL11: -283.049 | AM11: -288.453 | AN11: -292.758 | AO11: -296.031 | AP11: -298.461 | AQ11: -300.32 | AR11: -301.79 | AS11: -302.795 | AT11: -303.564 | AU11: -304.392 | AV11: -305.329 | AW11: -306.695 | AX11: -308.615 | AY11: -311.157 | AZ11: -314.391 | BA11: -318.363 | BB11: -322.972 | BC11: -328.124 | BD11: -333.685 | BE11: -339.484 | BF11: -345.322 | BG11: -351.113 | BH11: -356.739 | BI11: -362.035 | BJ11: -366.963 | BK11: -371.471 | BL11: -375.458 | BM11: -378.884 | BN11: -381.708 | BO11: -383.905 | BP11: -385.474 | BQ11: -386.435 | BR11: -386.84 | BS11: -386.715 | BT11: -386.122 | BU11: -385.085 | BV11: -383.732 | BW11: -382.116 | BX11: -380.312 | BY11: -378.346 | BZ11: -376.31 | CA11: -374.304 | CB11: -372.342 | CC11: -370.501 | CD11: -368.767 | CE11: -367.091 | CF11: -365.44 | CG11: -363.761 | CH11: -361.931 | CI11: -359.9 | CJ11: -357.591 | CK11: -354.938 | CL11: -351.945 | CM11: -348.584 | CN11: -344.907 | CO11: -340.968 | CP11: -336.844 | CQ11: -332.635 | CR11: -328.414 | CS11: -324.281 | CT11: -320.316 | CU11: -316.61 | CV11: -313.225 | CW11: -310.192 | CX11: -307.517
A12: International migration inflows | B12: [z] | C12: 1319.5 | D12: 1207 | E12: 1092.4 | F12: 977.8 | G12: 863.2 | H12: 748 | I12: 748 | J12: 748 | K12: 748 | L12: 748 | M12: 748 | N12: 748 | O12: 748 | P12: 748 | Q12: 748 | R12: 748 | S12: 748 | T12: 748 | U12: 748 | V12: 748 | W12: 748 | X12: 748 | Y12: 748 | Z12: 748 | AA12: 748 | AB12: 748 | AC12: 748 | AD12: 748 | AE12: 748 | AF12: 748 | AG12: 748 | AH12: 748 | AI12: 748 | AJ12: 748 | AK12: 748 | AL12: 748 | AM12: 748 | AN12: 748 | AO12: 748 | AP12: 748 | AQ12: 748 | AR12: 748 | AS12: 748 | AT12: 748 | AU12: 748 | AV12: 748 | AW12: 748 | AX12: 748 | AY12: 748 | AZ12: 748 | BA12: 748 | BB12: 748 | BC12: 748 | BD12: 748 | BE12: 748 | BF12: 748 | BG12: 748 | BH12: 748 | BI12: 748 | BJ12: 748 | BK12: 748 | BL12: 748 | BM12: 748 | BN12: 748 | BO12: 748 | BP12: 748 | BQ12: 748 | BR12: 748 | BS12: 748 | BT12: 748 | BU12: 748 | BV12: 748 | BW12: 748 | BX12: 748 | BY12: 748 | BZ12: 748 | CA12: 748 | CB12: 748 | CC12: 748 | CD12: 748 | CE12: 748 | CF12: 748 | CG12: 748 | CH12: 748 | CI12: 748 | CJ12: 748 | CK12: 748 | CL12: 748 | CM12: 748 | CN12: 748 | CO12: 748 | CP12: 748 | CQ12: 748 | CR12: 748 | CS12: 748 | CT12: 748 | CU12: 748 | CV12: 748 | CW12: 748 | CX12: 748
A13: Cross border migration inflows [note 3] | B13: [z] | C13: [z] | D13: [z] | E13: [z] | F13: [z] | G13: [z] | H13: [z] | I13: [z] | J13: [z] | K13: [z] | L13: [z] | M13: [z] | N13: [z] | O13: [z] | P13: [z] | Q13: [z] | R13: [z] | S13: [z] | T13: [z] | U13: [z] | V13: [z] | W13: [z] | X13: [z] | Y13: [z] | Z13: [z] | AA13: [z] | AB13: [z] | AC13: [z] | AD13: [z] | AE13: [z] | AF13: [z] | AG13: [z] | AH13: [z] | AI13: [z] | AJ13: [z] | AK13: [z] | AL13: [z] | AM13: [z] | AN13: [z] | AO13: [z] | AP13: [z] | AQ13: [z] | AR13: [z] | AS13: [z] | AT13: [z] | AU13: [z] | AV13: [z] | AW13: [z] | AX13: [z] | AY13: [z] | AZ13: [z] | BA13: [z] | BB13: [z] | BC13: [z] | BD13: [z] | BE13: [z] | BF13: [z] | BG13: [z] | BH13: [z] | BI13: [z] | BJ13: [z] | BK13: [z] | BL13: [z] | BM13: [z] | BN13: [z] | BO13: [z] | BP13: [z] | BQ13: [z] | BR13: [z] | BS13: [z] | BT13: [z] | BU13: [z] | BV13: [z] | BW13: [z] | BX13: [z] | BY13: [z] | BZ13: [z] | CA13: [z] | CB13: [z] | CC13: [z] | CD13: [z] | CE13: [z] | CF13: [z] | CG13: [z] | CH13: [z] | CI13: [z] | CJ13: [z] | CK13: [z] | CL13: [z] | CM13: [z] | CN13: [z] | CO13: [z] | CP13: [z] | CQ13: [z] | CR13: [z] | CS13: [z] | CT13: [z] | CU13: [z] | CV13: [z] | CW13: [z] | CX13: [z]
A14: International migration outflows | B14: [z] | C14: 413.5 | D14: 479 | E14: 516.3 | F14: 553.6 | G14: 590.9 | H14: 628 | I14: 628 | J14: 628 | K14: 628 | L14: 628 | M14: 628 | N14: 628 | O14: 628 | P14: 628 | Q14: 628 | R14: 628 | S14: 628 | T14: 628 | U14: 628 | V14: 628 | W14: 628 | X14: 628 | Y14: 628 | Z14: 628 | AA14: 628 | AB14: 628 | AC14: 628 | AD14: 628 | AE14: 628 | AF14: 628 | AG14: 628 | AH14: 628 | AI14: 628 | AJ14: 628 | AK14: 628 | AL14: 628 | AM14: 628 | AN14: 628 | AO14: 628 | AP14: 628 | AQ14: 628 | AR14: 628 | AS14: 628 | AT14: 628 | AU14: 628 | AV14: 628 | AW14: 628 | AX14: 628 | AY14: 628 | AZ14: 628 | BA14: 628 | BB14: 628 | BC14: 628 | BD14: 628 | BE14: 628 | BF14: 628 | BG14: 628 | BH14: 628 | BI14: 628 | BJ14: 628 | BK14: 628 | BL14: 628 | BM14: 628 | BN14: 628 | BO14: 628 | BP14: 628 | BQ14: 628 | BR14: 628 | BS14: 628 | BT14: 628 | BU14: 628 | BV14: 628 | BW14: 628 | BX14: 628 | BY14: 628 | BZ14: 628 | CA14: 628 | CB14: 628 | CC14: 628 | CD14: 628 | CE14: 628 | CF14: 628 | CG14: 628 | CH14: 628 | CI14: 628 | CJ14: 628 | CK14: 628 | CL14: 628 | CM14: 628 | CN14: 628 | CO14: 628 | CP14: 628 | CQ14: 628 | CR14: 628 | CS14: 628 | CT14: 628 | CU14: 628 | CV14: 628 | CW14: 628 | CX14: 628
A15: Cross border migration outflows [note 3] | B15: [z] | C15: [z] | D15: [z] | E15: [z] | F15: [z] | G15: [z] | H15: [z] | I15: [z] | J15: [z] | K15: [z] | L15: [z] | M15: [z] | N15: [z] | O15: [z] | P15: [z] | Q15: [z] | R15: [z] | S15: [z] | T15: [z] | U15: [z] | V15: [z] | W15: [z] | X15: [z] | Y15: [z] | Z15: [z] | AA15: [z] | AB15: [z] | AC15: [z] | AD15: [z] | AE15: [z] | AF15: [z] | AG15: [z] | AH15: [z] | AI15: [z] | AJ15: [z] | AK15: [z] | AL15: [z] | AM15: [z] | AN15: [z] | AO15: [z] | AP15: [z] | AQ15: [z] | AR15: [z] | AS15: [z] | AT15: [z] | AU15: [z] | AV15: [z] | AW15: [z] | AX15: [z] | AY15: [z] | AZ15: [z] | BA15: [z] | BB15: [z] | BC15: [z] | BD15: [z] | BE15: [z] | BF15: [z] | BG15: [z] | BH15: [z] | BI15: [z] | BJ15: [z] | BK15: [z] | BL15: [z] | BM15: [z] | BN15: [z] | BO15: [z] | BP15: [z] | BQ15: [z] | BR15: [z] | BS15: [z] | BT15: [z] | BU15: [z] | BV15: [z] | BW15: [z] | BX15: [z] | BY15: [z] | BZ15: [z] | CA15: [z] | CB15: [z] | CC15: [z] | CD15: [z] | CE15: [z] | CF15: [z] | CG15: [z] | CH15: [z] | CI15: [z] | CJ15: [z] | CK15: [z] | CL15: [z] | CM15: [z] | CN15: [z] | CO15: [z] | CP15: [z] | CQ15: [z] | CR15: [z] | CS15: [z] | CT15: [z] | CU15: [z] | CV15: [z] | CW15: [z] | CX15: [z]
A16: Net international migration | B16: [z] | C16: 906 | D16: 728 | E16: 576.1 | F16: 424.2 | G16: 272.3 | H16: 120 | I16: 120 | J16: 120 | K16: 120 | L16: 120 | M16: 120 | N16: 120 | O16: 120 | P16: 120 | Q16: 120 | R16: 120 | S16: 120 | T16: 120 | U16: 120 | V16: 120 | W16: 120 | X16: 120 | Y16: 120 | Z16: 120 | AA16: 120 | AB16: 120 | AC16: 120 | AD16: 120 | AE16: 120 | AF16: 120 | AG16: 120 | AH16: 120 | AI16: 120 | AJ16: 120 | AK16: 120 | AL16: 120 | AM16: 120 | AN16: 120 | AO16: 120 | AP16: 120 | AQ16: 120 | AR16: 120 | AS16: 120 | AT16: 120 | AU16: 120 | AV16: 120 | AW16: 120 | AX16: 120 | AY16: 120 | AZ16: 120 | BA16: 120 | BB16: 120 | BC16: 120 | BD16: 120 | BE16: 120 | BF16: 120 | BG16: 120 | BH16: 120 | BI16: 120 | BJ16: 120 | BK16: 120 | BL16: 120 | BM16: 120 | BN16: 120 | BO16: 120 | BP16: 120 | BQ16: 120 | BR16: 120 | BS16: 120 | BT16: 120 | BU16: 120 | BV16: 120 | BW16: 120 | BX16: 120 | BY16: 120 | BZ16: 120 | CA16: 120 | CB16: 120 | CC16: 120 | CD16: 120 | CE16: 120 | CF16: 120 | CG16: 120 | CH16: 120 | CI16: 120 | CJ16: 120 | CK16: 120 | CL16: 120 | CM16: 120 | CN16: 120 | CO16: 120 | CP16: 120 | CQ16: 120 | CR16: 120 | CS16: 120 | CT16: 120 | CU16: 120 | CV16: 120 | CW16: 120 | CX16: 120
A17: Net cross border migration [note 3] | B17: [z] | C17: [z] | D17: [z] | E17: [z] | F17: [z] | G17: [z] | H17: [z] | I17: [z] | J17: [z] | K17: [z] | L17: [z] | M17: [z] | N17: [z] | O17: [z] | P17: [z] | Q17: [z] | R17: [z] | S17: [z] | T17: [z] | U17: [z] | V17: [z] | W17: [z] | X17: [z] | Y17: [z] | Z17: [z] | AA17: [z] | AB17: [z] | AC17: [z] | AD17: [z] | AE17: [z] | AF17: [z] | AG17: [z] | AH17: [z] | AI17: [z] | AJ17: [z] | AK17: [z] | AL17: [z] | AM17: [z] | AN17: [z] | AO17: [z] | AP17: [z] | AQ17: [z] | AR17: [z] | AS17: [z] | AT17: [z] | AU17: [z] | AV17: [z] | AW17: [z] | AX17: [z] | AY17: [z] | AZ17: [z] | BA17: [z] | BB17: [z] | BC17: [z] | BD17: [z] | BE17: [z] | BF17: [z] | BG17: [z] | BH17: [z] | BI17: [z] | BJ17: [z] | BK17: [z] | BL17: [z] | BM17: [z] | BN17: [z] | BO17: [z] | BP17: [z] | BQ17: [z] | BR17: [z] | BS17: [z] | BT17: [z] | BU17: [z] | BV17: [z] | BW17: [z] | BX17: [z] | BY17: [z] | BZ17: [z] | CA17: [z] | CB17: [z] | CC17: [z] | CD17: [z] | CE17: [z] | CF17: [z] | CG17: [z] | CH17: [z] | CI17: [z] | CJ17: [z] | CK17: [z] | CL17: [z] | CM17: [z] | CN17: [z] | CO17: [z] | CP17: [z] | CQ17: [z] | CR17: [z] | CS17: [z] | CT17: [z] | CU17: [z] | CV17: [z] | CW17: [z] | CX17: [z]
A18: Net migration | B18: [z] | C18: 906 | D18: 728 | E18: 576.1 | F18: 424.2 | G18: 272.3 | H18: 120 | I18: 120 | J18: 120 | K18: 120 | L18: 120 | M18: 120 | N18: 120 | O18: 120 | P18: 120 | Q18: 120 | R18: 120 | S18: 120 | T18: 120 | U18: 120 | V18: 120 | W18: 120 | X18: 120 | Y18: 120 | Z18: 120 | AA18: 120 | AB18: 120 | AC18: 120 | AD18: 120 | AE18: 120 | AF18: 120 | AG18: 120 | AH18: 120 | AI18: 120 | AJ18: 120 | AK18: 120 | AL18: 120 | AM18: 120 | AN18: 120 | AO18: 120 | AP18: 120 | AQ18: 120 | AR18: 120 | AS18: 120 | AT18: 120 | AU18: 120 | AV18: 120 | AW18: 120 | AX18: 120 | AY18: 120 | AZ18: 120 | BA18: 120 | BB18: 120 | BC18: 120 | BD18: 120 | BE18: 120 | BF18: 120 | BG18: 120 | BH18: 120 | BI18: 120 | BJ18: 120 | BK18: 120 | BL18: 120 | BM18: 120 | BN18: 120 | BO18: 120 | BP18: 120 | BQ18: 120 | BR18: 120 | BS18: 120 | BT18: 120 | BU18: 120 | BV18: 120 | BW18: 120 | BX18: 120 | BY18: 120 | BZ18: 120 | CA18: 120 | CB18: 120 | CC18: 120 | CD18: 120 | CE18: 120 | CF18: 120 | CG18: 120 | CH18: 120 | CI18: 120 | CJ18: 120 | CK18: 120 | CL18: 120 | CM18: 120 | CN18: 120 | CO18: 120 | CP18: 120 | CQ18: 120 | CR18: 120 | CS18: 120 | CT18: 120 | CU18: 120 | CV18: 120 | CW18: 120 | CX18: 120
A19: Total change | B19: [z] | C19: 889.737 | D19: 733.744 | E19: 586.388 | F19: 434.479 | G19: 278.127 | H19: 117.105 | I19: 105.814 | J19: 93.768 | K19: 81.187 | L19: 68.322 | M19: 55.732 | N19: 43.661 | O19: 31.982 | P19: 20.97 | Q19: 10.76 | R19: 1.477 | S19: -6.958 | T19: -14.682 | U19: -21.739 | V19: -28.251 | W19: -34.657 | X19: -41.252 | Y19: -47.915 | Z19: -54.727 | AA19: -61.729 | AB19: -69.857 | AC19: -79.356 | AD19: -89.429 | AE19: -99.798 | AF19: -110.208 | AG19: -120.684 | AH19: -130.986 | AI19: -140.623 | AJ19: -149.204 | AK19: -156.651 | AL19: -163.049 | AM19: -168.453 | AN19: -172.758 | AO19: -176.031 | AP19: -178.461 | AQ19: -180.32 | AR19: -181.79 | AS19: -182.795 | AT19: -183.564 | AU19: -184.392 | AV19: -185.329 | AW19: -186.695 | AX19: -188.615 | AY19: -191.157 | AZ19: -194.391 | BA19: -198.363 | BB19: -202.972 | BC19: -208.124 | BD19: -213.685 | BE19: -219.484 | BF19: -225.322 | BG19: -231.113 | BH19: -236.739 | BI19: -242.035 | BJ19: -246.963 | BK19: -251.471 | BL19: -255.458 | BM19: -258.884 | BN19: -261.708 | BO19: -263.905 | BP19: -265.474 | BQ19: -266.435 | BR19: -266.84 | BS19: -266.715 | BT19: -266.122 | BU19: -265.085 | BV19: -263.732 | BW19: -262.116 | BX19: -260.312 | BY19: -258.346 | BZ19: -256.31 | CA19: -254.304 | CB19: -252.342 | CC19: -250.501 | CD19: -248.767 | CE19: -247.091 | CF19: -245.44 | CG19: -243.761 | CH19: -241.931 | CI19: -239.9 | CJ19: -237.591 | CK19: -234.938 | CL19: -231.945 | CM19: -228.584 | CN19: -224.907 | CO19: -220.968 | CP19: -216.844 | CQ19: -212.635 | CR19: -208.414 | CS19: -204.281 | CT19: -200.316 | CU19: -196.61 | CV19: -193.225 | CW19: -190.192 | CX19: -187.517
A20: Population at end | B20: [z] | C20: 68492.495 | D20: 69226.231 | E20: 69812.631 | F20: 70247.113 | G20: 70525.251 | H20: 70642.366 | I20: 70748.184 | J20: 70841.942 | K20: 70923.131 | L20: 70991.456 | M20: 71047.18 | N20: 71090.845 | O20: 71122.832 | P20: 71143.8 | Q20: 71154.555 | R20: 71156.042 | S20: 71149.096 | T20: 71134.408 | U20: 71112.67 | V20: 71084.426 | W20: 71049.754 | X20: 71008.509 | Y20: 70960.588 | Z20: 70905.848 | AA20: 70844.131 | AB20: 70774.277 | AC20: 70694.92 | AD20: 70605.494 | AE20: 70505.698 | AF20: 70395.487 | AG20: 70274.803 | AH20: 70143.805 | AI20: 70003.176 | AJ20: 69853.972 | AK20: 69697.317 | AL20: 69534.264 | AM20: 69365.808 | AN20: 69193.058 | AO20: 69017.028 | AP20: 68838.564 | AQ20: 68658.25 | AR20: 68476.451 | AS20: 68293.651 | AT20: 68110.081 | AU20: 67925.696 | AV20: 67740.363 | AW20: 67553.667 | AX20: 67365.054 | AY20: 67173.908 | AZ20: 66979.524 | BA20: 66781.152 | BB20: 66578.179 | BC20: 66370.064 | BD20: 66156.392 | BE20: 65936.911 | BF20: 65711.599 | BG20: 65480.491 | BH20: 65243.762 | BI20: 65001.729 | BJ20: 64754.779 | BK20: 64503.305 | BL20: 64247.86 | BM20: 63988.982 | BN20: 63727.283 | BO20: 63463.367 | BP20: 63197.903 | BQ20: 62931.459 | BR20: 62664.623 | BS20: 62397.901 | BT20: 62131.777 | BU20: 61866.688 | BV20: 61602.96 | BW20: 61340.837 | BX20: 61080.532 | BY20: 60822.166 | BZ20: 60565.859 | CA20: 60311.55 | CB20: 60059.209 | CC20: 59808.721 | CD20: 59559.964 | CE20: 59312.872 | CF20: 59067.441 | CG20: 58823.676 | CH20: 58581.75 | CI20: 58341.857 | CJ20: 58104.264 | CK20: 57869.316 | CL20: 57637.377 | CM20: 57408.794 | CN20: 57183.889 | CO20: 56962.935 | CP20: 56746.087 | CQ20: 56533.452 | CR20: 56325.036 | CS20: 56120.772 | CT20: 55920.455 | CU20: 55723.842 | CV20: 55530.627 | CW20: 55340.435 | CX20: 55152.927
A21: Annual growth value | B21: [z] | C21: 0.013161208 | D21: 0.010712648 | E21: 0.0084707775 | F21: 0.0062235443 | G21: 0.0039594225 | H21: 0.0016606109 | I21: 0.0014979396 | J21: 0.0013252354 | K21: 0.0011460584 | L21: 0.00096336694 | M21: 0.00078493953 | N21: 0.0006145916 | O21: 0.00044994542 | P21: 0.00029481391 | Q21: 0.0001511727 | R21: 2.089817e-05 | S21: -9.7616447e-05 | T21: -0.00020643973 | U21: -0.00030559051 | V21: -0.00039717254 | W21: -0.00048775804 | X21: -0.0005805087 | Y21: -0.00067486278 | Z21: -0.00077141413 | AA21: -0.00087040776 | AB21: -0.00098602381 | AC21: -0.001121269 | AD21: -0.0012649565 | AE21: -0.0014134311 | AF21: -0.0015631503 | AG21: -0.0017143713 | AH21: -0.0018640821 | AI21: -0.002004867 | AJ21: -0.002131389 | AK21: -0.0022426069 | AL21: -0.0023394444 | AM21: -0.002422633 | AN21: -0.0024904201 | AO21: -0.0025440413 | AP21: -0.0025857967 | AQ21: -0.0026193748 | AR21: -0.0026478828 | AS21: -0.0026695309 | AT21: -0.0026879512 | AU21: -0.0027071617 | AV21: -0.0027284667 | AW21: -0.0027560525 | AX21: -0.0027920468 | AY21: -0.0028374653 | AZ21: -0.0028937426 | BA21: -0.0029616812 | BB21: -0.0030393755 | BC21: -0.003125874 | BD21: -0.0032194033 | BE21: -0.0033176084 | BF21: -0.0034170846 | BG21: -0.0035170047 | BH21: -0.00361526 | BI21: -0.0037096727 | BJ21: -0.0037991297 | BK21: -0.0038834817 | BL21: -0.0039601847 | BM21: -0.0040293638 | BN21: -0.004089751 | BO21: -0.0041413346 | BP21: -0.0041829486 | BQ21: -0.004216026 | BR21: -0.0042401051 | BS21: -0.0042563409 | BT21: -0.0042649512 | BU21: -0.0042665607 | BV21: -0.0042628434 | BW21: -0.004255039 | BX21: -0.0042435841 | BY21: -0.0042299239 | BZ21: -0.0042140393 | CA21: -0.0041988837 | CB21: -0.0041839581 | CC21: -0.0041706843 | CD21: -0.0041592095 | CE21: -0.0041486257 | CF21: -0.0041379045 | CG21: -0.0041268929 | CH21: -0.0041127318 | CI21: -0.0040950125 | CJ21: -0.0040724278 | CK21: -0.0040435587 | CL21: -0.0040079789 | CM21: -0.0039658814 | CN21: -0.0039176054 | CO21: -0.0038639205 | CP21: -0.0038068263 | CQ21: -0.0037471306 | CR21: -0.003686596 | CS21: -0.0036265223 | CT21: -0.0035693914 | CU21: -0.0035159406 | CV21: -0.0034673668 | CW21: -0.0034249928 | CX21: -0.0033882639
A22: Total Fertility Rate (TFR) | B22: [z] | C22: 1.4474239 | D22: 1.4281624 | E22: 1.4233763 | F22: 1.4188841 | G22: 1.4146211 | H22: 1.4121374 | I22: 1.4113507 | J22: 1.4107574 | K22: 1.4103165 | L22: 1.4100509 | M22: 1.4106502 | N22: 1.4121023 | O22: 1.4137499 | P22: 1.4156434 | Q22: 1.4177431 | R22: 1.4201862 | S22: 1.42305 | T22: 1.4260431 | U22: 1.4292008 | V22: 1.4324438 | W22: 1.4352498 | X22: 1.4375522 | Y22: 1.4400545 | Z22: 1.4426939 | AA22: 1.4454734 | AB22: 1.4469086 | AC22: 1.4468975 | AD22: 1.4468821 | AE22: 1.4468876 | AF22: 1.4468738 | AG22: 1.44685 | AH22: 1.4468597 | AI22: 1.4468233 | AJ22: 1.4467875 | AK22: 1.446778 | AL22: 1.4467655 | AM22: 1.4467256 | AN22: 1.4467032 | AO22: 1.4467053 | AP22: 1.4466939 | AQ22: 1.446675 | AR22: 1.4466515 | AS22: 1.4466369 | AT22: 1.4466368 | AU22: 1.446621 | AV22: 1.4466552 | AW22: 1.4466619 | AX22: 1.4466604 | AY22: 1.4466847 | AZ22: 1.446694 | BA22: 1.4467266 | BB22: 1.4467248 | BC22: 1.4467533 | BD22: 1.446759 | BE22: 1.446784 | BF22: 1.4467969 | BG22: 1.4467972 | BH22: 1.4468119 | BI22: 1.446811 | BJ22: 1.4468131 | BK22: 1.4468284 | BL22: 1.4468104 | BM22: 1.4468096 | BN22: 1.4467973 | BO22: 1.446793 | BP22: 1.4467688 | BQ22: 1.446781 | BR22: 1.4467446 | BS22: 1.4467631 | BT22: 1.4467299 | BU22: 1.4467238 | BV22: 1.4467135 | BW22: 1.4466939 | BX22: 1.4466849 | BY22: 1.4467005 | BZ22: 1.4466789 | CA22: 1.4466718 | CB22: 1.4466534 | CC22: 1.4466505 | CD22: 1.446648 | CE22: 1.4466446 | CF22: 1.4466483 | CG22: 1.4466692 | CH22: 1.4466507 | CI22: 1.4466581 | CJ22: 1.4466739 | CK22: 1.4466866 | CL22: 1.4466795 | CM22: 1.4466899 | CN22: 1.4466598 | CO22: 1.4466462 | CP22: 1.4466797 | CQ22: 1.4466811 | CR22: 1.4466766 | CS22: 1.4466543 | CT22: 1.4466749 | CU22: 1.4466594 | CV22: 1.446644 | CW22: 1.4466555 | CX22: 1.446657
A23: EOLB males | B23: [z] | C23: 78.858002 | D23: 79.312865 | E23: 79.471848 | F23: 79.626435 | G23: 79.7772 | H23: 79.911964 | I23: 80.032348 | J23: 80.148791 | K23: 80.263619 | L23: 80.377949 | M23: 80.491207 | N23: 80.601759 | O23: 80.712426 | P23: 80.823279 | Q23: 80.933104 | R23: 81.042746 | S23: 81.152833 | T23: 81.26141 | U23: 81.371131 | V23: 81.480496 | W23: 81.589013 | X23: 81.698751 | Y23: 81.808004 | Z23: 81.91527 | AA23: 82.02421 | AB23: 82.133972 | AC23: 82.241236 | AD23: 82.348971 | AE23: 82.456834 | AF23: 82.566007 | AG23: 82.672171 | AH23: 82.780475 | AI23: 82.88687 | AJ23: 82.992849 | AK23: 83.09827 | AL23: 83.205703 | AM23: 83.31027 | AN23: 83.41573 | AO23: 83.522222 | AP23: 83.625191 | AQ23: 83.729229 | AR23: 83.834117 | AS23: 83.937986 | AT23: 84.042515 | AU23: 84.145238 | AV23: 84.250097 | AW23: 84.351469 | AX23: 84.456139 | AY23: 84.558431 | AZ23: 84.660759 | BA23: 84.763503 | BB23: 84.864384 | BC23: 84.966776 | BD23: 85.067606 | BE23: 85.168762 | BF23: 85.269633 | BG23: 85.369961 | BH23: 85.470809 | BI23: 85.570033 | BJ23: 85.670166 | BK23: 85.768646 | BL23: 85.867809 | BM23: 85.967189 | BN23: 86.066316 | BO23: 86.16434 | BP23: 86.263238 | BQ23: 86.359991 | BR23: 86.45686 | BS23: 86.553984 | BT23: 86.65139 | BU23: 86.747898 | BV23: 86.844361 | BW23: 86.940245 | BX23: 87.036127 | BY23: 87.132347 | BZ23: 87.229224 | CA23: 87.324574 | CB23: 87.419704 | CC23: 87.512703 | CD23: 87.606004 | CE23: 87.701108 | CF23: 87.79393 | CG23: 87.88669 | CH23: 87.979445 | CI23: 88.07173 | CJ23: 88.163755 | CK23: 88.255427 | CL23: 88.346814 | CM23: 88.437779 | CN23: 88.529881 | CO23: 88.622375 | CP23: 88.713943 | CQ23: 88.803048 | CR23: 88.893301 | CS23: 88.983144 | CT23: 89.071226 | CU23: 89.161015 | CV23: 89.250929 | CW23: 89.338591 | CX23: 89.425427
A24: EOLB females | B24: [z] | C24: 82.701026 | D24: 83.088347 | E24: 83.242954 | F24: 83.391764 | G24: 83.537641 | H24: 83.669525 | I24: 83.786775 | J24: 83.901779 | K24: 84.013719 | L24: 84.122111 | M24: 84.228787 | N24: 84.334813 | O24: 84.437116 | P24: 84.540907 | Q24: 84.640801 | R24: 84.740533 | S24: 84.840033 | T24: 84.938924 | U24: 85.038141 | V24: 85.135164 | W24: 85.232357 | X24: 85.331032 | Y24: 85.428792 | Z24: 85.524553 | AA24: 85.620433 | AB24: 85.716063 | AC24: 85.813367 | AD24: 85.909238 | AE24: 86.004816 | AF24: 86.100399 | AG24: 86.195144 | AH24: 86.28938 | AI24: 86.38344 | AJ24: 86.478045 | AK24: 86.572299 | AL24: 86.667172 | AM24: 86.759967 | AN24: 86.852955 | AO24: 86.945438 | AP24: 87.038137 | AQ24: 87.130555 | AR24: 87.222346 | AS24: 87.314967 | AT24: 87.405873 | AU24: 87.496021 | AV24: 87.587354 | AW24: 87.679014 | AX24: 87.767912 | AY24: 87.858041 | AZ24: 87.950338 | BA24: 88.037857 | BB24: 88.127424 | BC24: 88.21541 | BD24: 88.30389 | BE24: 88.391786 | BF24: 88.481321 | BG24: 88.568186 | BH24: 88.653665 | BI24: 88.742904 | BJ24: 88.829957 | BK24: 88.915738 | BL24: 89.004466 | BM24: 89.089909 | BN24: 89.176379 | BO24: 89.260979 | BP24: 89.347148 | BQ24: 89.431422 | BR24: 89.516073 | BS24: 89.600473 | BT24: 89.683311 | BU24: 89.768463 | BV24: 89.852234 | BW24: 89.935917 | BX24: 90.018689 | BY24: 90.101666 | BZ24: 90.185042 | CA24: 90.266772 | CB24: 90.348699 | CC24: 90.429938 | CD24: 90.510416 | CE24: 90.591662 | CF24: 90.674239 | CG24: 90.753767 | CH24: 90.834022 | CI24: 90.913809 | CJ24: 90.99195 | CK24: 91.07221 | CL24: 91.150136 | CM24: 91.230298 | CN24: 91.308284 | CO24: 91.386346 | CP24: 91.464126 | CQ24: 91.539486 | CR24: 91.616106 | CS24: 91.694046 | CT24: 91.770895 | CU24: 91.848729 | CV24: 91.924234 | CW24: 91.997558 | CX24: 92.072666
A26: Table 2: Projected populations at mid-years by age last birthday
A27: Ages | B27: 2022 | C27: 2023 | D27: 2024 | E27: 2025 | F27: 2026 | G27: 2027 | H27: 2028 | I27: 2029 | J27: 2030 | K27: 2031 | L27: 2032 | M27: 2033 | N27: 2034 | O27: 2035 | P27: 2036 | Q27: 2037 | R27: 2038 | S27: 2039 | T27: 2040 | U27: 2041 | V27: 2042 | W27: 2043 | X27: 2044 | Y27: 2045 | Z27: 2046 | AA27: 2047 | AB27: 2048 | AC27: 2049 | AD27: 2050 | AE27: 2051 | AF27: 2052 | AG27: 2053 | AH27: 2054 | AI27: 2055 | AJ27: 2056 | AK27: 2057 | AL27: 2058 | AM27: 2059 | AN27: 2060 | AO27: 2061 | AP27: 2062 | AQ27: 2063 | AR27: 2064 | AS27: 2065 | AT27: 2066 | AU27: 2067 | AV27: 2068 | AW27: 2069 | AX27: 2070 | AY27: 2071 | AZ27: 2072 | BA27: 2073 | BB27: 2074 | BC27: 2075 | BD27: 2076 | BE27: 2077 | BF27: 2078 | BG27: 2079 | BH27: 2080 | BI27: 2081 | BJ27: 2082 | BK27: 2083 | BL27: 2084 | BM27: 2085 | BN27: 2086 | BO27: 2087 | BP27: 2088 | BQ27: 2089 | BR27: 2090 | BS27: 2091 | BT27: 2092 | BU27: 2093 | BV27: 2094 | BW27: 2095 | BX27: 2096 | BY27: 2097 | BZ27: 2098 | CA27: 2099 | CB27: 2100 | CC27: 2101 | CD27: 2102 | CE27: 2103 | CF27: 2104 | CG27: 2105 | CH27: 2106 | CI27: 2107 | CJ27: 2108 | CK27: 2109 | CL27: 2110 | CM27: 2111 | CN27: 2112 | CO27: 2113 | CP27: 2114 | CQ27: 2115 | CR27: 2116 | CS27: 2117 | CT27: 2118 | CU27: 2119 | CV27: 2120 | CW27: 2121 | CX27: 2122
A28: Ages 0 to 14 | B28: 11607.401 | C28: 11567.178 | D28: 11508.288 | E28: 11425.515 | F28: 11312.327 | G28: 11177.849 | H28: 11039.963 | I28: 10916.151 | J28: 10790.829 | K28: 10653.682 | L28: 10533.598 | M28: 10426.247 | N28: 10323.586 | O28: 10231.585 | P28: 10158.604 | Q28: 10078.427 | R28: 10033.376 | S28: 9990.521 | T28: 9945.447 | U28: 9899.923 | V28: 9855.694 | W28: 9813.734 | X28: 9774.099 | Y28: 9736.59 | Z28: 9701.016 | AA28: 9667.196 | AB28: 9633.683 | AC28: 9598.697 | AD28: 9561.52 | AE28: 9521.466 | AF28: 9477.896 | AG28: 9429.931 | AH28: 9376.956 | AI28: 9319.01 | AJ28: 9256.483 | AK28: 9189.799 | AL28: 9119.668 | AM28: 9047.009 | AN28: 8972.61 | AO28: 8897.122 | AP28: 8821.172 | AQ28: 8745.973 | AR28: 8672.891 | AS28: 8602.674 | AT28: 8535.864 | AU28: 8472.759 | AV28: 8413.701 | AW28: 8358.932 | AX28: 8308.291 | AY28: 8261.428 | AZ28: 8217.887 | BA28: 8177.35 | BB28: 8139.503 | BC28: 8103.872 | BD28: 8069.997 | BE28: 8037.369 | BF28: 8005.677 | BG28: 7974.619 | BH28: 7943.686 | BI28: 7912.416 | BJ28: 7880.474 | BK28: 7847.576 | BL28: 7813.547 | BM28: 7778.223 | BN28: 7741.441 | BO28: 7703.168 | BP28: 7663.448 | BQ28: 7622.355 | BR28: 7580.026 | BS28: 7536.665 | BT28: 7492.512 | BU28: 7447.843 | BV28: 7402.967 | BW28: 7358.165 | BX28: 7313.783 | BY28: 7270.102 | BZ28: 7227.393 | CA28: 7185.9 | CB28: 7145.789 | CC28: 7107.231 | CD28: 7070.275 | CE28: 7034.968 | CF28: 7001.286 | CG28: 6969.171 | CH28: 6938.525 | CI28: 6909.223 | CJ28: 6881.082 | CK28: 6853.928 | CL28: 6827.585 | CM28: 6801.86 | CN28: 6776.556 | CO28: 6751.49 | CP28: 6726.496 | CQ28: 6701.425 | CR28: 6676.149 | CS28: 6650.565 | CT28: 6624.591 | CU28: 6598.19 | CV28: 6571.34 | CW28: 6544.042 | CX28: 6516.338
A29: Ages 15 to 29 | B29: 12333.328 | C29: 12709.81 | D29: 12973.174 | E29: 13172.686 | F29: 13304.596 | G29: 13337.325 | H29: 13288.581 | I29: 13222.896 | J29: 13178.309 | K29: 13161.542 | L29: 13130.859 | M29: 13081.883 | N29: 13021.112 | O29: 12957.663 | P29: 12880.114 | Q29: 12800.364 | R29: 12657.166 | S29: 12520.348 | T29: 12379.47 | U29: 12227.54 | V29: 12073.973 | W29: 11936.907 | X29: 11813.84 | Y29: 11689.249 | Z29: 11552.89 | AA29: 11433.497 | AB29: 11326.77 | AC29: 11224.713 | AD29: 11133.252 | AE29: 11060.74 | AF29: 10981.047 | AG29: 10936.335 | AH29: 10893.803 | AI29: 10849.062 | AJ29: 10803.87 | AK29: 10759.988 | AL29: 10718.369 | AM29: 10679.041 | AN29: 10641.835 | AO29: 10606.563 | AP29: 10573.036 | AQ29: 10539.819 | AR29: 10505.107 | AS29: 10468.202 | AT29: 10428.419 | AU29: 10385.096 | AV29: 10337.395 | AW29: 10284.679 | AX29: 10227.006 | AY29: 10164.762 | AZ29: 10098.375 | BA29: 10028.544 | BB29: 9956.177 | BC29: 9882.084 | BD29: 9806.892 | BE29: 9731.237 | BF29: 9656.331 | BG29: 9583.537 | BH29: 9513.59 | BI29: 9447.056 | BJ29: 9384.225 | BK29: 9325.426 | BL29: 9270.896 | BM29: 9220.478 | BN29: 9173.824 | BO29: 9130.486 | BP29: 9090.157 | BQ29: 9052.51 | BR29: 9017.069 | BS29: 8983.384 | BT29: 8950.94 | BU29: 8919.427 | BV29: 8888.533 | BW29: 8857.773 | BX29: 8826.666 | BY29: 8794.874 | BZ29: 8762.151 | CA29: 8728.271 | CB29: 8693.117 | CC29: 8656.493 | CD29: 8618.383 | CE29: 8578.803 | CF29: 8537.865 | CG29: 8495.701 | CH29: 8452.493 | CI29: 8408.486 | CJ29: 8363.974 | CK29: 8319.243 | CL29: 8274.599 | CM29: 8230.35 | CN29: 8186.807 | CO29: 8144.247 | CP29: 8102.889 | CQ29: 8062.917 | CR29: 8024.484 | CS29: 7987.66 | CT29: 7952.474 | CU29: 7918.917 | CV29: 7886.937 | CW29: 7856.419 | CX29: 7827.233
A30: Ages 30 to 44 | B30: 13533.36 | C30: 13870.659 | D30: 14117.975 | E30: 14282.046 | F30: 14408.525 | G30: 14524.38 | H30: 14577.545 | I30: 14627.943 | J30: 14623.28 | K30: 14591.081 | L30: 14540.691 | M30: 14465.05 | N30: 14399.171 | O30: 14310.996 | P30: 14204.859 | Q30: 14111.386 | R30: 14064.264 | S30: 14001.951 | T30: 13961.149 | U30: 13936.439 | V30: 13893.524 | W30: 13846.244 | X30: 13782.226 | Y30: 13739.133 | Z30: 13723.577 | AA30: 13694.164 | AB30: 13646.63 | AC30: 13587.352 | AD30: 13525.323 | AE30: 13449.209 | AF30: 13370.955 | AG30: 13229.73 | AH30: 13094.803 | AI30: 12955.899 | AJ30: 12806.086 | AK30: 12654.662 | AL30: 12519.576 | AM30: 12398.318 | AN30: 12275.549 | AO30: 12141.161 | AP30: 12023.54 | AQ30: 11918.441 | AR30: 11817.98 | AS30: 11728.002 | AT30: 11656.789 | AU30: 11578.475 | AV30: 11534.792 | AW30: 11493.273 | AX30: 11449.561 | AY30: 11405.402 | AZ30: 11362.526 | BA30: 11321.895 | BB30: 11283.537 | BC30: 11247.274 | BD30: 11212.919 | BE30: 11180.272 | BF30: 11147.929 | BG30: 11114.069 | BH30: 11078.018 | BI30: 11039.068 | BJ30: 10996.591 | BK30: 10949.725 | BL30: 10897.87 | BM30: 10841.065 | BN30: 10779.707 | BO30: 10714.212 | BP30: 10645.276 | BQ30: 10573.818 | BR30: 10500.629 | BS30: 10426.34 | BT30: 10351.583 | BU30: 10277.565 | BV30: 10205.648 | BW30: 10136.546 | BX30: 10070.831 | BY30: 10008.787 | BZ30: 9950.75 | CA30: 9896.959 | CB30: 9847.241 | CC30: 9801.259 | CD30: 9758.567 | CE30: 9718.875 | CF30: 9681.848 | CG30: 9646.992 | CH30: 9613.878 | CI30: 9581.996 | CJ30: 9551.006 | CK30: 9520.637 | CL30: 9490.382 | CM30: 9459.8 | CN30: 9428.521 | CO30: 9396.291 | CP30: 9362.907 | CQ30: 9328.243 | CR30: 9292.101 | CS30: 9254.477 | CT30: 9215.383 | CU30: 9174.932 | CV30: 9133.247 | CW30: 9090.521 | CX30: 9046.988
A31: Ages 45 to 59 | B31: 13314.705 | C31: 13221.608 | D31: 13164.692 | E31: 13128.566 | F31: 13092.082 | G31: 13038.779 | H31: 12991.194 | I31: 12947.262 | J31: 12958.689 | K31: 12959.095 | L31: 13005.89 | M31: 13113.442 | N31: 13247.963 | O31: 13405.21 | P31: 13587.906 | Q31: 13782.659 | R31: 13943.465 | S31: 14051.535 | T31: 14108.36 | U31: 14160.811 | V31: 14238.514 | W31: 14294.184 | X31: 14346.745 | Y31: 14345.546 | Z31: 14317.125 | AA31: 14270.811 | AB31: 14200.251 | AC31: 14139.123 | AD31: 14056.277 | AE31: 13956.065 | AF31: 13868.284 | AG31: 13825.805 | AH31: 13768.52 | AI31: 13732.113 | AJ31: 13711.562 | AK31: 13673.573 | AL31: 13630.959 | AM31: 13571.906 | AN31: 13533.058 | AO31: 13520.901 | AP31: 13494.825 | AQ31: 13450.941 | AR31: 13395.469 | AS31: 13336.985 | AT31: 13264.374 | AU31: 13189.821 | AV31: 13053.602 | AW31: 12923.463 | AX31: 12789.623 | AY31: 12645.345 | AZ31: 12499.641 | BA31: 12369.799 | BB31: 12253.372 | BC31: 12135.503 | BD31: 12006.416 | BE31: 11893.602 | BF31: 11792.954 | BG31: 11696.859 | BH31: 11610.92 | BI31: 11543.208 | BJ31: 11468.636 | BK31: 11427.698 | BL31: 11388.86 | BM31: 11347.889 | BN31: 11306.486 | BO31: 11266.337 | BP31: 11228.379 | BQ31: 11192.628 | BR31: 11158.888 | BS31: 11126.987 | BT31: 11096.711 | BU31: 11066.67 | BV31: 11035.075 | BW31: 11001.266 | BX31: 10964.528 | BY31: 10924.246 | BZ31: 10879.611 | CA31: 10830.009 | CB31: 10775.489 | CC31: 10716.453 | CD31: 10653.315 | CE31: 10586.775 | CF31: 10517.727 | CG31: 10446.962 | CH31: 10375.104 | CI31: 10302.763 | CJ31: 10231.154 | CK31: 10161.599 | CL31: 10094.801 | CM31: 10031.302 | CN31: 9971.418 | CO31: 9915.449 | CP31: 9863.656 | CQ31: 9815.831 | CR31: 9771.656 | CS31: 9730.729 | CT31: 9692.733 | CU31: 9657.341 | CV31: 9624.069 | CW31: 9592.487 | CX31: 9562.113
A32: Ages 60 to 74 | B32: 10693.165 | C32: 10803.975 | D32: 10974.592 | E32: 11172.647 | F32: 11372.833 | G32: 11578.797 | H32: 11758.751 | I32: 11930.882 | J32: 12082.19 | K32: 12230.766 | L32: 12323.35 | M32: 12357.868 | N32: 12344.621 | O32: 12305.739 | P32: 12227.638 | Q32: 12109.662 | R32: 11992.184 | S32: 11920.015 | T32: 11877.524 | U32: 11842.974 | V32: 11802.521 | W32: 11777.104 | X32: 11755.753 | Y32: 11785.148 | Z32: 11806.374 | AA32: 11868.471 | AB32: 11984.807 | AC32: 12122.788 | AD32: 12280.398 | AE32: 12459.66 | AF32: 12647.316 | AG32: 12802.469 | AH32: 12911.908 | AI32: 12974.891 | AJ32: 13032.966 | AK32: 13113.972 | AL32: 13173.672 | AM32: 13229.876 | AN32: 13236.682 | AO32: 13217.705 | AP32: 13182.119 | AQ32: 13125.509 | AR32: 13077.645 | AS32: 13009.991 | AT32: 12926.852 | AU32: 12855.522 | AV32: 12826.523 | AW32: 12783.893 | AX32: 12760.313 | AY32: 12751.844 | AZ32: 12728.123 | BA32: 12698.917 | BB32: 12654.112 | BC32: 12627.263 | BD32: 12624.643 | BE32: 12608.037 | BF32: 12574.554 | BG32: 12530.094 | BH32: 12481.938 | BI32: 12419.525 | BJ32: 12355.801 | BK32: 12234.323 | BL32: 12118.397 | BM32: 11999.568 | BN32: 11871.806 | BO32: 11743.043 | BP32: 11628.799 | BQ32: 11526.711 | BR32: 11423.416 | BS32: 11310.136 | BT32: 11211.642 | BU32: 11124.223 | BV32: 11041.082 | BW32: 10967.19 | BX32: 10909.911 | BY32: 10846.472 | BZ32: 10813.683 | CA32: 10782.784 | CB32: 10749.954 | CC32: 10716.758 | CD32: 10684.756 | CE32: 10654.763 | CF32: 10626.769 | CG32: 10600.551 | CH32: 10575.943 | CI32: 10552.738 | CJ32: 10529.561 | CK32: 10504.695 | CL32: 10477.534 | CM32: 10447.396 | CN32: 10413.701 | CO32: 10375.701 | CP32: 10332.819 | CQ32: 10285.143 | CR32: 10233.096 | CS32: 10177.063 | CT32: 10117.743 | CU32: 10055.96 | CV32: 9992.516 | CW32: 9927.996 | CX32: 9862.987
A33: Ages 75 and over | B33: 6120.802 | C33: 6319.265 | D33: 6487.51 | E33: 6631.171 | F33: 6756.75 | G33: 6868.121 | H33: 6986.332 | I33: 7103.05 | J33: 7208.645 | K33: 7326.965 | L33: 7457.068 | M33: 7602.69 | N33: 7754.392 | O33: 7911.639 | P33: 8084.679 | Q33: 8272.057 | R33: 8465.587 | S33: 8664.726 | T33: 8862.458 | U33: 9044.983 | V33: 9220.2 | W33: 9381.581 | X33: 9535.846 | Y33: 9664.922 | Z33: 9804.866 | AA33: 9909.992 | AB33: 9982.136 | AC33: 10022.247 | AD33: 10048.724 | AE33: 10058.558 | AF33: 10049.989 | AG33: 10050.533 | AH33: 10097.815 | AI33: 10172.201 | AJ33: 10243.005 | AK33: 10305.323 | AL33: 10372.02 | AM33: 10439.658 | AN33: 10533.324 | AO33: 10633.576 | AP33: 10743.872 | AQ33: 10877.567 | AR33: 11007.359 | AS33: 11147.797 | AT33: 11297.783 | AU33: 11444.023 | AV33: 11574.35 | AW33: 11709.427 | AX33: 11830.26 | AY33: 11945.127 | AZ33: 12072.972 | BA33: 12184.647 | BB33: 12291.478 | BC33: 12374.068 | BD33: 12435.525 | BE33: 12486.394 | BF33: 12534.154 | BG33: 12581.313 | BH33: 12615.61 | BI33: 12640.456 | BJ33: 12669.052 | BK33: 12718.557 | BL33: 12758.29 | BM33: 12801.759 | BN33: 12854.019 | BO33: 12906.121 | BP33: 12941.844 | BQ33: 12963.437 | BR33: 12984.595 | BS33: 13014.389 | BT33: 13028.389 | BU33: 13030.96 | BV33: 13029.655 | BW33: 13019.897 | BX33: 12994.813 | BY33: 12977.685 | BZ33: 12932.271 | CA33: 12887.627 | CB33: 12847.619 | CC33: 12810.527 | CD33: 12774.668 | CE33: 12738.688 | CF33: 12701.946 | CG33: 12664.299 | CH33: 12625.807 | CI33: 12586.651 | CJ33: 12547.487 | CK33: 12509.214 | CL33: 12472.476 | CM33: 12438.086 | CN33: 12406.886 | CO33: 12379.757 | CP33: 12357.32 | CQ33: 12339.893 | CR33: 12327.55 | CS33: 12320.278 | CT33: 12317.531 | CU33: 12318.502 | CV33: 12322.518 | CW33: 12328.97 | CX33: 12337.268
A34: All ages | B34: 67602.761 | C34: 68492.495 | D34: 69226.231 | E34: 69812.631 | F34: 70247.113 | G34: 70525.251 | H34: 70642.366 | I34: 70748.184 | J34: 70841.942 | K34: 70923.131 | L34: 70991.456 | M34: 71047.18 | N34: 71090.845 | O34: 71122.832 | P34: 71143.8 | Q34: 71154.555 | R34: 71156.042 | S34: 71149.096 | T34: 71134.408 | U34: 71112.67 | V34: 71084.426 | W34: 71049.754 | X34: 71008.509 | Y34: 70960.588 | Z34: 70905.848 | AA34: 70844.131 | AB34: 70774.277 | AC34: 70694.92 | AD34: 70605.494 | AE34: 70505.698 | AF34: 70395.487 | AG34: 70274.803 | AH34: 70143.805 | AI34: 70003.176 | AJ34: 69853.972 | AK34: 69697.317 | AL34: 69534.264 | AM34: 69365.808 | AN34: 69193.058 | AO34: 69017.028 | AP34: 68838.564 | AQ34: 68658.25 | AR34: 68476.451 | AS34: 68293.651 | AT34: 68110.081 | AU34: 67925.696 | AV34: 67740.363 | AW34: 67553.667 | AX34: 67365.054 | AY34: 67173.908 | AZ34: 66979.524 | BA34: 66781.152 | BB34: 66578.179 | BC34: 66370.064 | BD34: 66156.392 | BE34: 65936.911 | BF34: 65711.599 | BG34: 65480.491 | BH34: 65243.762 | BI34: 65001.729 | BJ34: 64754.779 | BK34: 64503.305 | BL34: 64247.86 | BM34: 63988.982 | BN34: 63727.283 | BO34: 63463.367 | BP34: 63197.903 | BQ34: 62931.459 | BR34: 62664.623 | BS34: 62397.901 | BT34: 62131.777 | BU34: 61866.688 | BV34: 61602.96 | BW34: 61340.837 | BX34: 61080.532 | BY34: 60822.166 | BZ34: 60565.859 | CA34: 60311.55 | CB34: 60059.209 | CC34: 59808.721 | CD34: 59559.964 | CE34: 59312.872 | CF34: 59067.441 | CG34: 58823.676 | CH34: 58581.75 | CI34: 58341.857 | CJ34: 58104.264 | CK34: 57869.316 | CL34: 57637.377 | CM34: 57408.794 | CN34: 57183.889 | CO34: 56962.935 | CP34: 56746.087 | CQ34: 56533.452 | CR34: 56325.036 | CS34: 56120.772 | CT34: 55920.455 | CU34: 55723.842 | CV34: 55530.627 | CW34: 55340.435 | CX34: 55152.927
A35: Ages 0 to 14 | B35: 0.1717001 | C35: 0.16888242 | D35: 0.16624172 | E35: 0.16365971 | F35: 0.16103618 | G35: 0.15849428 | H35: 0.15627963 | I35: 0.15429585 | J35: 0.1523226 | K35: 0.15021449 | L35: 0.14837839 | M35: 0.14675103 | N35: 0.14521681 | O35: 0.14385795 | P35: 0.14278973 | Q35: 0.14164135 | R35: 0.14100526 | S35: 0.1404167 | T35: 0.13981204 | U35: 0.13921462 | V35: 0.13864773 | W35: 0.13812481 | X35: 0.13764687 | Y35: 0.13721124 | Z35: 0.13681546 | AA35: 0.13645726 | AB35: 0.13611842 | AC35: 0.13577633 | AD35: 0.13542176 | AE35: 0.13504534 | AF35: 0.13463784 | AG35: 0.13418652 | AH35: 0.13368188 | AI35: 0.13312267 | AJ35: 0.13251191 | AK35: 0.13185298 | AL35: 0.13115358 | AM35: 0.13042462 | AN35: 0.129675 | AO35: 0.12891198 | AP35: 0.12814288 | AQ35: 0.12738415 | AR35: 0.12665509 | AS35: 0.12596594 | AT35: 0.12532453 | AU35: 0.1247357 | AV35: 0.12420514 | AW35: 0.12373765 | AX35: 0.12333236 | AY35: 0.12298567 | AZ35: 0.12269253 | BA35: 0.12244997 | BB35: 0.12225482 | BC35: 0.12210131 | BD35: 0.12198363 | BE35: 0.12189484 | BF35: 0.1218305 | BG35: 0.12178618 | BH35: 0.12175395 | BI35: 0.12172624 | BJ35: 0.12169718 | BK35: 0.12166161 | BL35: 0.12161568 | BM35: 0.12155566 | BN35: 0.12147766 | BO35: 0.12137976 | BP35: 0.12126111 | BQ35: 0.12112154 | BR35: 0.12096181 | BS35: 0.12078395 | BT35: 0.12059066 | BU35: 0.12038535 | BV35: 0.12017226 | BW35: 0.11995541 | BX35: 0.11974 | BY35: 0.11953047 | BZ35: 0.11933114 | CA35: 0.11914633 | CB35: 0.11897907 | CC35: 0.11883269 | CD35: 0.11870852 | CE35: 0.11860778 | CF35: 0.11853038 | CG35: 0.11847561 | CH35: 0.11844175 | CI35: 0.11842652 | CJ35: 0.11842645 | CK35: 0.11843803 | CL35: 0.11845759 | CM35: 0.11848115 | CN35: 0.11850464 | CO35: 0.11852426 | CP35: 0.11853674 | CQ35: 0.11853911 | CR35: 0.11852898 | CS35: 0.11850452 | CT35: 0.11846454 | CU35: 0.11840874 | CV35: 0.11833722 | CW35: 0.11825064 | CX35: 0.11815036
A36: Ages 15 to 29 | B36: 0.18243823 | C36: 0.185565 | D36: 0.18740258 | E36: 0.18868629 | F36: 0.18939705 | G36: 0.18911418 | H36: 0.18811064 | I36: 0.18690085 | J36: 0.18602411 | K36: 0.18557475 | L36: 0.18496393 | M36: 0.18412952 | N36: 0.18316159 | O36: 0.18218711 | P36: 0.18104338 | Q36: 0.17989522 | R36: 0.17787901 | S36: 0.1759734 | T36: 0.17402928 | U36: 0.17194601 | V36: 0.16985398 | W36: 0.16800772 | X36: 0.16637217 | Y36: 0.16472875 | Z36: 0.16293282 | AA36: 0.16138947 | AB36: 0.16004077 | AC36: 0.1587768 | AD36: 0.15768252 | AE36: 0.15687725 | AF36: 0.15599078 | AG36: 0.15562242 | AH36: 0.1553067 | AI36: 0.15497957 | AJ36: 0.15466365 | AK36: 0.15438167 | AL36: 0.15414514 | AM36: 0.15395252 | AN36: 0.15379917 | AO36: 0.15368038 | AP36: 0.15359176 | AQ36: 0.15351133 | AR36: 0.15341197 | AS36: 0.15328221 | AT36: 0.15311124 | AU36: 0.15288906 | AV36: 0.15260318 | AW36: 0.15224457 | AX36: 0.15181471 | AY36: 0.15132009 | AZ36: 0.15076809 | BA36: 0.15017028 | BB36: 0.14954114 | BC36: 0.14889369 | BD36: 0.14823801 | BE36: 0.14758406 | BF36: 0.14695018 | BG36: 0.14635713 | BH36: 0.14581609 | BI36: 0.14533546 | BJ36: 0.14491942 | BK36: 0.14457284 | BL36: 0.14429891 | BM36: 0.14409478 | BN36: 0.14395442 | BO36: 0.14387018 | BP36: 0.14383637 | BQ36: 0.14384713 | BR36: 0.14389409 | BS36: 0.14396933 | BT36: 0.1440638 | BU36: 0.14417172 | BV36: 0.14428743 | BW36: 0.14440255 | BX36: 0.14450866 | BY36: 0.14459982 | BZ36: 0.14467146 | CA36: 0.14471973 | CB36: 0.14474245 | CC36: 0.1447363 | CD36: 0.14470094 | CE36: 0.14463645 | CF36: 0.14454435 | CG36: 0.14442656 | CH36: 0.14428543 | CI36: 0.14412441 | CJ36: 0.14394768 | CK36: 0.14375914 | CL36: 0.14356307 | CM36: 0.14336392 | CN36: 0.14316632 | CO36: 0.1429745 | CP36: 0.14279203 | CQ36: 0.14262205 | CR36: 0.14246745 | CS36: 0.14232983 | CT36: 0.14221047 | CU36: 0.14211003 | CV36: 0.1420286 | CW36: 0.14196526 | CX36: 0.14191872
A37: Ages 30 to 44 | B37: 0.20018946 | C37: 0.20251356 | D37: 0.20393967 | E37: 0.20457682 | F37: 0.20511199 | G37: 0.20594581 | H37: 0.20635698 | I37: 0.20676069 | J37: 0.20642122 | K37: 0.20573092 | L37: 0.20482311 | M37: 0.20359781 | N37: 0.20254607 | O37: 0.20121522 | P37: 0.19966405 | Q37: 0.19832021 | R37: 0.19765383 | S37: 0.19679731 | T37: 0.19626436 | U37: 0.19597688 | V37: 0.19545103 | W37: 0.19488096 | X37: 0.1940926 | Y37: 0.19361639 | Z37: 0.19354648 | AA37: 0.19329991 | AB37: 0.19281907 | AC37: 0.19219701 | AD37: 0.19156191 | AE37: 0.1907535 | AF37: 0.18994051 | AG37: 0.18825709 | AH37: 0.1866851 | AI37: 0.18507587 | AJ37: 0.18332653 | AK37: 0.18156598 | AL37: 0.18004902 | AM37: 0.17873818 | AN37: 0.17741012 | AO37: 0.17591544 | AP37: 0.17466285 | AQ37: 0.17359081 | AR37: 0.17258459 | AS37: 0.17172902 | AT37: 0.17114631 | AU37: 0.17045795 | AV37: 0.17027945 | AW37: 0.17013544 | AX37: 0.16996292 | AY37: 0.16978917 | AZ37: 0.16964178 | BA37: 0.16953728 | BB37: 0.16947801 | BC37: 0.16946306 | BD37: 0.16949109 | BE37: 0.16956014 | BF37: 0.16964933 | BG37: 0.169731 | BH37: 0.16979429 | BI37: 0.1698273 | BJ37: 0.16981899 | BK37: 0.16975448 | BL37: 0.1696223 | BM37: 0.16942081 | BN37: 0.16915372 | BO37: 0.16882514 | BP37: 0.1684435 | BQ37: 0.16802118 | BR37: 0.16756869 | BS37: 0.1670944 | BT37: 0.1666069 | BU37: 0.16612438 | BV37: 0.16566814 | BW37: 0.16524955 | BX37: 0.16487792 | BY37: 0.16455821 | BZ37: 0.16429636 | CA37: 0.16409724 | CB37: 0.16395889 | CC37: 0.16387675 | CD37: 0.16384441 | CE37: 0.16385777 | CF37: 0.16391176 | CG37: 0.16399846 | CH37: 0.16411046 | CI37: 0.16423879 | CJ37: 0.16437702 | CK37: 0.1645196 | CL37: 0.16465673 | CM37: 0.16477963 | CN37: 0.16488072 | CO37: 0.16495447 | CP37: 0.16499652 | CQ37: 0.16500395 | CR37: 0.16497284 | CS37: 0.16490288 | CT37: 0.16479449 | CU37: 0.16465003 | CV37: 0.16447225 | CW37: 0.16426544 | CX37: 0.16403459
A38: Ages 45 to 59 | B38: 0.19695505 | C38: 0.19303732 | D38: 0.19016913 | E38: 0.18805431 | F38: 0.18637182 | G38: 0.184881 | H38: 0.18390089 | I38: 0.18300487 | J38: 0.18292397 | K38: 0.18272029 | L38: 0.1832036 | M38: 0.18457372 | N38: 0.18635259 | O38: 0.1884797 | P38: 0.19099213 | Q38: 0.1937003 | R38: 0.19595616 | S38: 0.19749422 | T38: 0.19833384 | U38: 0.19913204 | V38: 0.20030427 | W38: 0.20118555 | X38: 0.20204262 | Y38: 0.20216216 | Z38: 0.20191741 | AA38: 0.20143957 | AB38: 0.20064141 | AC38: 0.20000197 | AD38: 0.19908192 | AE38: 0.19794237 | AF38: 0.1970053 | AG38: 0.19673915 | AH38: 0.19628989 | AI38: 0.19616414 | AJ38: 0.19628894 | AK38: 0.19618507 | AL38: 0.19603226 | AM38: 0.195657 | AN38: 0.19558404 | AO38: 0.19590674 | AP38: 0.19603583 | AQ38: 0.1959115 | AR38: 0.19562154 | AS38: 0.1952888 | AT38: 0.19474906 | AU38: 0.19418014 | AV38: 0.1927005 | AW38: 0.19130661 | AX38: 0.18985546 | AY38: 0.18824787 | AZ38: 0.18661884 | BA38: 0.1852289 | BB38: 0.18404487 | BC38: 0.18284603 | BD38: 0.18148535 | BE38: 0.18037851 | BF38: 0.17946533 | BG38: 0.1786312 | BH38: 0.17796215 | BI38: 0.17758309 | BJ38: 0.17710872 | BK38: 0.17716453 | BL38: 0.17726443 | BM38: 0.1773413 | BN38: 0.17741987 | BO38: 0.17752504 | BP38: 0.17767012 | BQ38: 0.17785426 | BR38: 0.17807317 | BS38: 0.1783231 | BT38: 0.17859961 | BU38: 0.1788793 | BV38: 0.17913222 | BW38: 0.17934653 | BX38: 0.17950937 | BY38: 0.17960962 | BZ38: 0.17963274 | CA38: 0.17956774 | CB38: 0.17941443 | CC38: 0.17917877 | CD38: 0.17886705 | CE38: 0.17849035 | CF38: 0.17806302 | CG38: 0.17759791 | CH38: 0.17710471 | CI38: 0.17659299 | CJ38: 0.17608267 | CK38: 0.17559563 | CL38: 0.17514331 | CM38: 0.17473459 | CN38: 0.1743746 | CO38: 0.17406844 | CP38: 0.1738209 | CQ38: 0.17362872 | CR38: 0.1734869 | CS38: 0.17338908 | CT38: 0.17333072 | CU38: 0.17330716 | CV38: 0.17331101 | CW38: 0.17333595 | CX38: 0.17337453
A39: Ages 60 to 74 | B39: 0.15817645 | C39: 0.15773955 | D39: 0.15853228 | E39: 0.16003762 | F39: 0.16189751 | G39: 0.16417945 | H39: 0.16645466 | I39: 0.1686387 | J39: 0.17055137 | K39: 0.17245102 | L39: 0.1735892 | M39: 0.1739389 | N39: 0.17364572 | O39: 0.17302094 | P39: 0.17187215 | Q39: 0.17018815 | R39: 0.1685336 | S39: 0.16753572 | T39: 0.16697298 | U39: 0.16653817 | V39: 0.16603526 | W39: 0.16575855 | X39: 0.16555415 | Y39: 0.16608019 | Z39: 0.16650776 | AA39: 0.16752935 | AB39: 0.16933846 | AC39: 0.17148033 | AD39: 0.17392978 | AE39: 0.17671848 | AF39: 0.17966089 | AG39: 0.18217723 | AH39: 0.18407767 | AI39: 0.18534718 | AJ39: 0.18657444 | AK39: 0.18815605 | AL39: 0.18945583 | AM39: 0.19072619 | AN39: 0.19130072 | AO39: 0.19151368 | AP39: 0.19149323 | AQ39: 0.19117162 | AR39: 0.19098018 | AS39: 0.19050074 | AT39: 0.18979352 | AU39: 0.1892586 | AV39: 0.18934831 | AW39: 0.18924055 | AX39: 0.18942036 | AY39: 0.18983329 | AZ39: 0.19003006 | BA39: 0.1901572 | BB39: 0.19006395 | BC39: 0.1902554 | BD39: 0.19083028 | BE39: 0.19121364 | BF39: 0.19135973 | BG39: 0.19135614 | BH39: 0.19131236 | BI39: 0.19106453 | BJ39: 0.1908091 | BK39: 0.18966971 | BL39: 0.18861947 | BM39: 0.18752553 | BN39: 0.18629079 | BO39: 0.18503656 | BP39: 0.18400609 | BQ39: 0.18316294 | BR39: 0.1822945 | BS39: 0.18125828 | BT39: 0.1804494 | BU39: 0.17980958 | BV39: 0.17922973 | BW39: 0.17879101 | BX39: 0.17861519 | BY39: 0.17833091 | BZ39: 0.1785442 | CA39: 0.17878473 | CB39: 0.17898927 | CC39: 0.17918387 | CD39: 0.17939494 | CE39: 0.17963661 | CF39: 0.17990908 | CG39: 0.18020892 | CH39: 0.18053307 | CI39: 0.18087765 | CJ39: 0.18121839 | CK39: 0.18152444 | CL39: 0.18178367 | CM39: 0.1819825 | CN39: 0.182109 | CO39: 0.18214829 | CP39: 0.18208866 | CQ39: 0.18193021 | CR39: 0.18167935 | CS39: 0.18134218 | CT39: 0.18093098 | CU39: 0.18046064 | CV39: 0.17994603 | CW39: 0.17939859 | CX39: 0.1788298
... A43: Median age | B43: 40.743448 | C43: 40.618501 | D43: 40.58711 | E43: 40.631205 | F43: 40.755053 | G43: 40.941707 | H43: 41.193284 | I43: 41.458438 | J43: 41.725363 | K43: 41.987641 | L43: 42.256326 | M43: 42.527648 | N43: 42.797929 | O43: 43.062675 | P43: 43.311322 | Q43: 43.558246 | R43: 43.80048 | S43: 44.030148 | T43: 44.252814 | U43: 44.482043 | V43: 44.708654 | W43: 44.925234 | X43: 45.139407 | Y43: 45.336078 | Z43: 45.517846 | AA43: 45.688787 | AB43: 45.855278 | AC43: 46.023082 | AD43: 46.194594 | AE43: 46.358941 | AF43: 46.517415 | AG43: 46.676171 | AH43: 46.844556 | AI43: 47.033295 | AJ43: 47.215355 | AK43: 47.401773 | AL43: 47.595513 | AM43: 47.795366 | AN43: 47.996683 | AO43: 48.183162 | AP43: 48.359188 | AQ43: 48.532361 | AR43: 48.709062 | AS43: 48.889559 | AT43: 49.055145 | AU43: 49.207819 | AV43: 49.354955 | AW43: 49.493347 | AX43: 49.617155 | AY43: 49.730101 | AZ43: 49.839651 | BA43: 49.915074 | BB43: 49.986241 | BC43: 50.057868 | BD43: 50.127846 | BE43: 50.194407 | BF43: 50.256258 | BG43: 50.312784 | BH43: 50.363897 | BI43: 50.409788 | BJ43: 50.450749 | BK43: 50.487432 | BL43: 50.520816 | BM43: 50.551871 | BN43: 50.581474 | BO43: 50.610623 | BP43: 50.640408 | BQ43: 50.671859 | BR43: 50.705727 | BS43: 50.742382 | BT43: 50.782061 | BU43: 50.824818 | BV43: 50.870183 | BW43: 50.917481 | BX43: 50.966196 | BY43: 51.01593 | BZ43: 51.066185 | CA43: 51.11565 | CB43: 51.162723 | CC43: 51.206613 | CD43: 51.246759 | CE43: 51.282732 | CF43: 51.314167 | CG43: 51.340719 | CH43: 51.362516 | CI43: 51.380117 | CJ43: 51.394301 | CK43: 51.405798 | CL43: 51.415293 | CM43: 51.423616 | CN43: 51.431634 | CO43: 51.440156 | CP43: 51.449822 | CQ43: 51.461055 | CR43: 51.474292 | CS43: 51.489991 | CT43: 51.508442 | CU43: 51.529678 | CV43: 51.553682 | CW43: 51.580269 | CX43: 51.609268
A45: Table 3: Children, working age population, pensionable age population and dependency ratios [note 4]
A46: Age groups | B46: 2022 | C46: 2023 | D46: 2024 | E46: 2025 | F46: 2026 | G46: 2027 | H46: 2028 | I46: 2029 | J46: 2030 | K46: 2031 | L46: 2032 | M46: 2033 | N46: 2034 | O46: 2035 | P46: 2036 | Q46: 2037 | R46: 2038 | S46: 2039 | T46: 2040 | U46: 2041 | V46: 2042 | W46: 2043 | X46: 2044 | Y46: 2045 | Z46: 2046 | AA46: 2047 | AB46: 2048 | AC46: 2049 | AD46: 2050 | AE46: 2051 | AF46: 2052 | AG46: 2053 | AH46: 2054 | AI46: 2055 | AJ46: 2056 | AK46: 2057 | AL46: 2058 | AM46: 2059 | AN46: 2060 | AO46: 2061 | AP46: 2062 | AQ46: 2063 | AR46: 2064 | AS46: 2065 | AT46: 2066 | AU46: 2067 | AV46: 2068 | AW46: 2069 | AX46: 2070 | AY46: 2071 | AZ46: 2072 | BA46: 2073 | BB46: 2074 | BC46: 2075 | BD46: 2076 | BE46: 2077 | BF46: 2078 | BG46: 2079 | BH46: 2080 | BI46: 2081 | BJ46: 2082 | BK46: 2083 | BL46: 2084 | BM46: 2085 | BN46: 2086 | BO46: 2087 | BP46: 2088 | BQ46: 2089 | BR46: 2090 | BS46: 2091 | BT46: 2092 | BU46: 2093 | BV46: 2094 | BW46: 2095 | BX46: 2096 | BY46: 2097 | BZ46: 2098 | CA46: 2099 | CB46: 2100 | CC46: 2101 | CD46: 2102 | CE46: 2103 | CF46: 2104 | CG46: 2105 | CH46: 2106 | CI46: 2107 | CJ46: 2108 | CK46: 2109 | CL46: 2110 | CM46: 2111 | CN46: 2112 | CO46: 2113 | CP46: 2114 | CQ46: 2115 | CR46: 2116 | CS46: 2117 | CT46: 2118 | CU46: 2119 | CV46: 2120 | CW46: 2121 | CX46: 2122
A47: Children | B47: 12397.632 | C47: 12397.236 | D47: 12336.987 | E47: 12264.128 | F47: 12163.968 | G47: 12029.964 | H47: 11871.891 | I47: 11729.716 | J47: 11601.434 | K47: 11471.527 | L47: 11329.768 | M47: 11205.472 | N47: 11094.474 | O47: 10988.484 | P47: 10893.561 | Q47: 10818.211 | R47: 10736.33 | S47: 10690.035 | T47: 10646.099 | U47: 10600.033 | V47: 10553.552 | W47: 10507.966 | X47: 10464.029 | Y47: 10422.03 | Z47: 10381.865 | AA47: 10343.418 | AB47: 10305.681 | AC47: 10267.04 | AD47: 10226.519 | AE47: 10183.541 | AF47: 10137.593 | AG47: 10087.92 | AH47: 10033.688 | AI47: 9974.661 | AJ47: 9911.13 | AK47: 9843.498 | AL47: 9772.008 | AM47: 9697.361 | AN47: 9620.595 | AO47: 9542.465 | AP47: 9463.635 | AQ47: 9384.528 | AR47: 9306.311 | AS47: 9230.559 | AT47: 9157.957 | AU47: 9088.943 | AV47: 9023.79 | AW47: 8962.752 | AX47: 8906.066 | AY47: 8853.618 | AZ47: 8804.973 | BA47: 8759.629 | BB47: 8717.264 | BC47: 8677.525 | BD47: 8639.912 | BE47: 8603.941 | BF47: 8569.09 | BG47: 8535.011 | BH47: 8501.401 | BI47: 8467.751 | BJ47: 8433.616 | BK47: 8398.657 | BL47: 8362.642 | BM47: 8325.394 | BN47: 8286.805 | BO47: 8246.746 | BP47: 8205.231 | BQ47: 8162.309 | BR47: 8118.089 | BS47: 8072.749 | BT47: 8026.497 | BU47: 7979.599 | BV47: 7932.333 | BW47: 7884.986 | BX47: 7837.884 | BY47: 7791.331 | BZ47: 7745.615 | CA47: 7700.992 | CB47: 7657.674 | CC47: 7615.84 | CD47: 7575.621 | CE47: 7537.063 | CF47: 7500.186 | CG47: 7464.949 | CH47: 7431.286 | CI47: 7399.092 | CJ47: 7368.204 | CK47: 7338.45 | CL47: 7309.646 | CM47: 7281.601 | CN47: 7254.134 | CO47: 7227.03 | CP47: 7200.118 | CQ47: 7173.227 | CR47: 7146.221 | CS47: 7118.979 | CT47: 7091.403 | CU47: 7063.435 | CV47: 7035.031 | CW47: 7006.187 | CX47: 6976.924
A48: Working age | B48: 43198.556 | C48: 43917.531 | D48: 44500.02 | E48: 44935.258 | F48: 45355.041 | G48: 45918.098 | H48: 46230.415 | I48: 46213.206 | J48: 46161.877 | K48: 46092.723 | L48: 46024.306 | M48: 45943.976 | N48: 45848.087 | O48: 45753.398 | P48: 45647.262 | Q48: 45542.436 | R48: 45425.562 | S48: 45306.033 | T48: 45215.333 | U48: 45157.048 | V48: 45108.978 | W48: 45072.73 | X48: 45159.123 | Y48: 45481.758 | Z48: 45691.709 | AA48: 45585.681 | AB48: 45441.787 | AC48: 45294.576 | AD48: 45150.702 | AE48: 44997.315 | AF48: 44839.329 | AG48: 44650.571 | AH48: 44453.536 | AI48: 44245.505 | AJ48: 44012.307 | AK48: 43783.87 | AL48: 43544.608 | AM48: 43295.054 | AN48: 43048.866 | AO48: 42818.526 | AP48: 42580.822 | AQ48: 42355.38 | AR48: 42131.408 | AS48: 41886.471 | AT48: 41650.767 | AU48: 41411.113 | AV48: 41187.835 | AW48: 40977.223 | AX48: 40767.579 | AY48: 40551.053 | AZ48: 40325.831 | BA48: 40105.877 | BB48: 39888.396 | BC48: 39660.082 | BD48: 39403.516 | BE48: 39152.481 | BF48: 38893.658 | BG48: 38622.421 | BH48: 38349.138 | BI48: 38092.092 | BJ48: 37849.821 | BK48: 37608.417 | BL48: 37358.778 | BM48: 37127.372 | BN48: 36909.941 | BO48: 36698.728 | BP48: 36498.824 | BQ48: 36317.565 | BR48: 36130.238 | BS48: 35975.17 | BT48: 35821.387 | BU48: 35664.542 | BV48: 35506.086 | BW48: 35347.45 | BX48: 35189.744 | BY48: 35033.412 | BZ48: 34878.51 | CA48: 34724.974 | CB48: 34572.711 | CC48: 34421.27 | CD48: 34270.01 | CE48: 34118.699 | CF48: 33966.934 | CG48: 33814.259 | CH48: 33660.147 | CI48: 33504.272 | CJ48: 33346.595 | CK48: 33187.223 | CL48: 33026.251 | CM48: 32864.223 | CN48: 32701.843 | CO48: 32539.658 | CP48: 32378.054 | CQ48: 32217.346 | CR48: 32058.637 | CS48: 31903.205 | CT48: 31751.433 | CU48: 31603.657 | CV48: 31460.019 | CW48: 31320.682 | CX48: 31185.82
A49: Pension age | B49: 12006.573 | C49: 12177.728 | D49: 12389.224 | E49: 12613.245 | F49: 12728.104 | G49: 12577.189 | H49: 12540.06 | I49: 12805.262 | J49: 13078.631 | K49: 13358.881 | L49: 13637.382 | M49: 13897.732 | N49: 14148.284 | O49: 14380.95 | P49: 14602.977 | Q49: 14793.908 | R49: 14994.15 | S49: 15153.028 | T49: 15272.976 | U49: 15355.589 | V49: 15421.896 | W49: 15469.058 | X49: 15385.357 | Y49: 15056.8 | Z49: 14832.274 | AA49: 14915.032 | AB49: 15026.809 | AC49: 15133.304 | AD49: 15228.273 | AE49: 15324.842 | AF49: 15418.565 | AG49: 15536.312 | AH49: 15656.581 | AI49: 15783.01 | AJ49: 15930.535 | AK49: 16069.949 | AL49: 16217.648 | AM49: 16373.393 | AN49: 16523.597 | AO49: 16656.037 | AP49: 16794.107 | AQ49: 16918.342 | AR49: 17038.732 | AS49: 17176.621 | AT49: 17301.357 | AU49: 17425.64 | AV49: 17528.738 | AW49: 17613.692 | AX49: 17691.409 | AY49: 17769.237 | AZ49: 17848.72 | BA49: 17915.646 | BB49: 17972.519 | BC49: 18032.457 | BD49: 18112.964 | BE49: 18180.489 | BF49: 18248.851 | BG49: 18323.059 | BH49: 18393.223 | BI49: 18441.886 | BJ49: 18471.342 | BK49: 18496.231 | BL49: 18526.44 | BM49: 18536.216 | BN49: 18530.537 | BO49: 18517.893 | BP49: 18493.848 | BQ49: 18451.585 | BR49: 18416.296 | BS49: 18349.982 | BT49: 18283.893 | BU49: 18222.547 | BV49: 18164.541 | BW49: 18108.401 | BX49: 18052.904 | BY49: 17997.423 | BZ49: 17941.734 | CA49: 17885.584 | CB49: 17828.824 | CC49: 17771.611 | CD49: 17714.333 | CE49: 17657.11 | CF49: 17600.321 | CG49: 17544.468 | CH49: 17490.317 | CI49: 17438.493 | CJ49: 17389.465 | CK49: 17343.643 | CL49: 17301.48 | CM49: 17262.97 | CN49: 17227.912 | CO49: 17196.247 | CP49: 17167.915 | CQ49: 17142.879 | CR49: 17120.178 | CS49: 17098.588 | CT49: 17077.619 | CU49: 17056.75 | CV49: 17035.577 | CW49: 17013.566 | CX49: 16990.183
A50: 16 to 64 [note 5] | B50: 42468.848 | C50: 43160.304 | D50: 43725.847 | E50: 44144.689 | F50: 44416.5 | G50: 44546.439 | H50: 44531.198 | I50: 44480.467 | J50: 44404.58 | K50: 44335.557 | L50: 44275.008 | M50: 44202.395 | N50: 44115.33 | O50: 44043.58 | P50: 43940.636 | Q50: 43850.534 | R50: 43798.181 | S50: 43740.938 | T50: 43691.32 | U50: 43657.342 | V50: 43639.572 | W50: 43605.438 | X50: 43511.247 | Y50: 43378.768 | Z50: 43242.806 | AA50: 43109.543 | AB50: 42965.419 | AC50: 42815.43 | AD50: 42632.719 | AE50: 42439.974 | AF50: 42234.378 | AG50: 42001.702 | AH50: 41773.2 | AI50: 41533.28 | AJ50: 41283.074 | AK50: 41037.254 | AL50: 40809.061 | AM50: 40574.629 | AN50: 40353.635 | AO50: 40135.73 | AP50: 39898.906 | AQ50: 39674.214 | AR50: 39447.385 | AS50: 39238.101 | AT50: 39042.425 | AU50: 38848.297 | AV50: 38647.322 | AW50: 38437.034 | AX50: 38231.048 | AY50: 38026.422 | AZ50: 37809.744 | BA50: 37563.293 | BB50: 37321.404 | BC50: 37070.387 | BD50: 36805.736 | BE50: 36538.252 | BF50: 36286.597 | BG50: 36049.165 | BH50: 35811.761 | BI50: 35565.288 | BJ50: 35336.944 | BK50: 35122.493 | BL50: 34914.098 | BM50: 34716.982 | BN50: 34538.691 | BO50: 34354.229 | BP50: 34202.665 | BQ50: 34052.603 | BR50: 33899.706 | BS50: 33745.528 | BT50: 33591.576 | BU50: 33439.049 | BV50: 33288.437 | BW50: 33139.765 | BX50: 32992.962 | BY50: 32847.864 | BZ50: 32703.997 | CA50: 32560.629 | CB50: 32417.373 | CC50: 32273.713 | CD50: 32129.072 | CE50: 31982.861 | CF50: 31834.668 | CG50: 31684.36 | CH50: 31531.968 | CI50: 31377.543 | CJ50: 31221.621 | CK50: 31064.928 | CL50: 30907.985 | CM50: 30751.213 | CN50: 30594.952 | CO50: 30440.378 | CP50: 30288.789 | CQ50: 30140.631 | CR50: 29996.277 | CS50: 29855.95 | CT50: 29719.877 | CU50: 29588.285 | CV50: 29460.977 | CW50: 29337.5 | CX50: 29217.438
A51: 65 and over [note 5] | B51: 12736.281 | C51: 12934.955 | D51: 13163.397 | E51: 13403.814 | F51: 13666.645 | G51: 13948.848 | H51: 14239.277 | I51: 14538.001 | J51: 14835.928 | K51: 15116.047 | L51: 15386.68 | M51: 15639.313 | N51: 15881.041 | O51: 16090.768 | P51: 16309.603 | Q51: 16485.81 | R51: 16621.531 | S51: 16718.123 | T51: 16796.989 | U51: 16855.295 | V51: 16891.302 | W51: 16936.35 | X51: 17033.233 | Y51: 17159.79 | Z51: 17281.177 | AA51: 17391.17 | AB51: 17503.177 | AC51: 17612.45 | AD51: 17746.256 | AE51: 17882.183 | AF51: 18023.516 | AG51: 18185.181 | AH51: 18336.917 | AI51: 18495.235 | AJ51: 18659.768 | AK51: 18816.565 | AL51: 18953.195 | AM51: 19093.818 | AN51: 19218.828 | AO51: 19338.833 | AP51: 19476.023 | AQ51: 19599.508 | AR51: 19722.755 | AS51: 19824.991 | AT51: 19909.699 | AU51: 19988.456 | AV51: 20069.251 | AW51: 20153.881 | AX51: 20227.94 | AY51: 20293.868 | AZ51: 20364.807 | BA51: 20458.23 | BB51: 20539.511 | BC51: 20622.152 | BD51: 20710.744 | BE51: 20794.718 | BF51: 20855.912 | BG51: 20896.315 | BH51: 20930.6 | BI51: 20968.69 | BJ51: 20984.219 | BK51: 20982.155 | BL51: 20971.12 | BM51: 20946.606 | BN51: 20901.787 | BO51: 20862.392 | BP51: 20790.007 | BQ51: 20716.547 | BR51: 20646.828 | BS51: 20579.624 | BT51: 20513.704 | BU51: 20448.04 | BV51: 20382.19 | BW51: 20316.086 | BX51: 20249.686 | BY51: 20182.971 | BZ51: 20116.247 | CA51: 20049.929 | CB51: 19984.162 | CC51: 19919.168 | CD51: 19855.271 | CE51: 19792.948 | CF51: 19732.587 | CG51: 19674.367 | CH51: 19618.496 | CI51: 19565.222 | CJ51: 19514.439 | CK51: 19465.938 | CL51: 19419.746 | CM51: 19375.98 | CN51: 19334.803 | CO51: 19295.527 | CP51: 19257.18 | CQ51: 19219.594 | CR51: 19182.538 | CS51: 19145.843 | CT51: 19109.175 | CU51: 19072.122 | CV51: 19034.619 | CW51: 18996.748 | CX51: 18958.565
A52: Children | B52: 0.18338943 | C52: 0.18100138 | D52: 0.17821261 | E52: 0.17567205 | F52: 0.17315969 | G52: 0.17057669 | H52: 0.16805625 | I52: 0.16579529 | J52: 0.16376505 | K52: 0.16174592 | L52: 0.1595934 | M52: 0.15771874 | N52: 0.15606052 | O52: 0.15450009 | P52: 0.15312031 | Q52: 0.15203821 | R52: 0.15088431 | S52: 0.15024836 | T52: 0.14966174 | U52: 0.1490597 | V52: 0.14846504 | W52: 0.14789588 | X52: 0.14736303 | Y52: 0.14687068 | Z52: 0.14641761 | AA52: 0.14600247 | AB52: 0.14561337 | AC52: 0.14523024 | AD52: 0.14484027 | AE52: 0.14443572 | AF52: 0.14400913 | AG52: 0.1435496 | AH52: 0.14304454 | AI52: 0.14248869 | AJ52: 0.14188356 | AK52: 0.14123209 | AL52: 0.14053515 | AM52: 0.1398003 | AN52: 0.13903989 | AO52: 0.13826247 | AP52: 0.13747578 | AQ52: 0.13668464 | AR52: 0.13590528 | AS52: 0.13515984 | AT52: 0.13445817 | AU52: 0.13380714 | AV52: 0.13321142 | AW52: 0.13267602 | AX52: 0.13220602 | AY52: 0.13180144 | AZ52: 0.13145768 | BA52: 0.13116918 | BB52: 0.13093275 | BC52: 0.13074456 | BD52: 0.1305983 | BE52: 0.13048747 | BF52: 0.13040453 | BG52: 0.13034433 | BH52: 0.13030213 | BI52: 0.13026963 | BJ52: 0.13023928 | BK52: 0.13020506 | BL52: 0.13016219 | BM52: 0.13010668 | BN52: 0.13003544 | BO52: 0.12994498 | BP52: 0.12983391 | BQ52: 0.12970157 | BR52: 0.1295482 | BS52: 0.12937533 | BT52: 0.12918505 | BU52: 0.12898054 | BV52: 0.12876545 | BW52: 0.12854383 | BX52: 0.12832049 | BY52: 0.12810019 | BZ52: 0.12788748 | CA52: 0.12768685 | CB52: 0.12750208 | CC52: 0.12733661 | CD52: 0.12719318 | CE52: 0.12707297 | CF52: 0.12697665 | CG52: 0.12690382 | CH52: 0.12685326 | CI52: 0.12682305 | CJ52: 0.12681004 | CK52: 0.12681073 | CL52: 0.12682128 | CM52: 0.12683773 | CN52: 0.12685625 | CO52: 0.1268725 | CP52: 0.12688307 | CQ52: 0.12688465 | CR52: 0.12687468 | CS52: 0.12685105 | CT52: 0.12681233 | CU52: 0.12675786 | CV52: 0.1266874 | CW52: 0.12660159 | CX52: 0.12650143
A53: Working age | B53: 0.63900579 | C53: 0.64120209 | D53: 0.6428202 | E53: 0.64365513 | F53: 0.6456499 | G53: 0.65108733 | H53: 0.65442903 | I53: 0.65320696 | J53: 0.65161789 | K53: 0.6498969 | L53: 0.64830768 | M53: 0.64666854 | N53: 0.64492252 | O53: 0.64330113 | P53: 0.64161968 | Q53: 0.64004948 | R53: 0.6383936 | S53: 0.63677595 | T53: 0.63563238 | U53: 0.63500707 | V53: 0.63458314 | W53: 0.63438263 | X53: 0.63596777 | Y53: 0.64094393 | Z53: 0.64439973 | AA53: 0.64346447 | AB53: 0.64206642 | AC53: 0.64070482 | AD53: 0.63947859 | AE53: 0.63820821 | AF53: 0.63696312 | AG53: 0.63537099 | AH53: 0.63374857 | AI53: 0.63204997 | AJ53: 0.63006162 | AK53: 0.62820022 | AL53: 0.62623239 | AM53: 0.62415555 | AN53: 0.62215585 | AO53: 0.62040524 | AP53: 0.61856058 | AQ53: 0.61690154 | AR53: 0.61526857 | AS53: 0.61332892 | AT53: 0.61152133 | AU53: 0.60965313 | AV53: 0.60802501 | AW53: 0.60658769 | AX53: 0.605174 | AY53: 0.60367268 | AZ53: 0.60206207 | BA53: 0.60055683 | BB53: 0.59912116 | BC53: 0.5975598 | BD53: 0.59561162 | BE53: 0.59378701 | BF53: 0.59188421 | BG53: 0.58983096 | BH53: 0.58778245 | BI53: 0.5860166 | BJ53: 0.58451008 | BK53: 0.58304636 | BL53: 0.58147895 | BM53: 0.58021508 | BN53: 0.57918586 | BO53: 0.57826632 | BP53: 0.5775322 | BQ53: 0.57709714 | BR53: 0.57656515 | BS53: 0.57654455 | BT53: 0.57653891 | BU53: 0.57647408 | BV53: 0.5763698 | BW53: 0.57624662 | BX53: 0.57612046 | BY53: 0.57599744 | BZ53: 0.57587741 | CA53: 0.57575993 | CB53: 0.5756438 | CC53: 0.57552259 | CD53: 0.57538668 | CE53: 0.57523262 | CF53: 0.57505342 | CG53: 0.57484097 | CH53: 0.57458418 | CI53: 0.57427504 | CJ53: 0.5739096 | CK53: 0.57348566 | CL53: 0.57300059 | CM53: 0.57245974 | CN53: 0.57187162 | CO53: 0.57124265 | CP53: 0.57057774 | CQ53: 0.5698811 | CR53: 0.56917206 | CS53: 0.56847409 | CT53: 0.5677964 | CU53: 0.56714785 | CV53: 0.56653455 | CW53: 0.56596378 | CX53: 0.5654427
A54: Pension age | B54: 0.17760477 | C54: 0.17779653 | D54: 0.17896719 | E54: 0.18067282 | F54: 0.18119042 | G54: 0.17833597 | H54: 0.17751472 | I54: 0.18099775 | J54: 0.18461706 | K54: 0.18835718 | L54: 0.19209892 | M54: 0.19561272 | N54: 0.19901696 | O54: 0.20219878 | P54: 0.20526001 | Q54: 0.20791231 | R54: 0.21072209 | S54: 0.21297569 | T54: 0.21470588 | U54: 0.21593324 | V54: 0.21695183 | W54: 0.21772149 | X54: 0.2166692 | Y54: 0.21218539 | Z54: 0.20918266 | AA54: 0.21053306 | AB54: 0.2123202 | AC54: 0.21406494 | AD54: 0.21568113 | AE54: 0.21735608 | AF54: 0.21902775 | AG54: 0.22107941 | AH54: 0.2232069 | AI54: 0.22546134 | AJ54: 0.22805482 | AK54: 0.23056768 | AL54: 0.23323247 | AM54: 0.23604415 | AN54: 0.23880426 | AO54: 0.24133228 | AP54: 0.24396365 | AQ54: 0.24641382 | AR54: 0.24882615 | AS54: 0.25151124 | AT54: 0.2540205 | AU54: 0.25653973 | AV54: 0.25876357 | AW54: 0.26073628 | AX54: 0.26261998 | AY54: 0.26452588 | AZ54: 0.26648025 | BA54: 0.26827399 | BB54: 0.26994609 | BC54: 0.27169564 | BD54: 0.27379008 | BE54: 0.27572552 | BF54: 0.27771126 | BG54: 0.2798247 | BH54: 0.28191543 | BI54: 0.28371378 | BJ54: 0.28525064 | BK54: 0.28674858 | BL54: 0.28835887 | BM54: 0.28967824 | BN54: 0.29077871 | BO54: 0.29178869 | BP54: 0.29263389 | BQ54: 0.29320129 | BR54: 0.29388665 | BS54: 0.29408012 | BT54: 0.29427604 | BU54: 0.29454538 | BV54: 0.29486474 | BW54: 0.29520955 | BX54: 0.29555905 | BY54: 0.29590237 | BZ54: 0.29623511 | CA54: 0.29655321 | CB54: 0.29685413 | CC54: 0.2971408 | CD54: 0.29742014 | CE54: 0.2976944 | CF54: 0.29796993 | CG54: 0.29825521 | CH54: 0.29856256 | CI54: 0.29890192 | CJ54: 0.29928036 | CK54: 0.29970361 | CL54: 0.30017813 | CM54: 0.30070254 | CN54: 0.30127213 | CO54: 0.30188485 | CP54: 0.30253919 | CQ54: 0.30323425 | CR54: 0.30395325 | CS54: 0.30467485 | CT54: 0.30539127 | CU54: 0.30609429 | CV54: 0.30677804 | CW54: 0.30743463 | CX54: 0.30805587
A55: Children per 1,000 persons of working age | B55: 286.99182 | C55: 282.28445 | D55: 277.23554 | E55: 272.92884 | F55: 268.1944 | G55: 261.98742 | H55: 256.79828 | I55: 253.8174 | J55: 251.32067 | K55: 248.87935 | L55: 246.16923 | M55: 243.89426 | N55: 241.98336 | O55: 240.1676 | P55: 238.64654 | Q55: 237.54133 | R55: 236.34997 | S55: 235.95169 | T55: 235.45329 | U55: 234.73707 | V55: 233.9568 | W55: 233.13356 | X55: 231.71462 | Y55: 229.14747 | Z55: 227.21551 | AA55: 226.90059 | AB55: 226.78864 | AC55: 226.67262 | AD55: 226.49745 | AE55: 226.31441 | AF55: 226.08708 | AG55: 225.93037 | AH55: 225.71181 | AI55: 225.43897 | AJ55: 225.18997 | AK55: 224.82019 | AL55: 224.41373 | AM55: 223.98311 | AN55: 223.4808 | AO55: 222.85833 | AP55: 222.25111 | AQ55: 221.56637 | AR55: 220.88773 | AS55: 220.37089 | AT55: 219.87487 | AU55: 219.48077 | AV55: 219.08872 | AW55: 218.72522 | AX55: 218.45953 | AY55: 218.33263 | AZ55: 218.34573 | BA55: 218.4126 | BB55: 218.54135 | BC55: 218.79745 | BD55: 219.26754 | BE55: 219.75468 | BF55: 220.32101 | BG55: 220.98591 | BH55: 221.68428 | BI55: 222.29682 | BJ55: 222.81786 | BK55: 223.31855 | BL55: 223.84678 | BM55: 224.23871 | BN55: 224.51418 | BO55: 224.71476 | BP55: 224.80809 | BQ55: 224.74825 | BR55: 224.68961 | BS55: 224.3978 | BT55: 224.06997 | BU55: 223.7404 | BV55: 223.4077 | BW55: 223.07086 | BX55: 222.73206 | BY55: 222.39715 | BZ55: 222.07414 | CA55: 221.77099 | CB55: 221.49475 | CC55: 221.25389 | CD55: 221.05687 | CE55: 220.9071 | CF55: 220.80845 | CG55: 220.76335 | CH55: 220.77402 | CI55: 220.84026 | CJ55: 220.95821 | CK55: 221.12275 | CL55: 221.32836 | CM55: 221.5662 | CN55: 221.82646 | CO55: 222.09914 | CP55: 222.37649 | CQ55: 222.65108 | CR55: 222.91094 | CS55: 223.14307 | CT55: 223.3412 | CU55: 223.50056 | CV55: 223.61814 | CW55: 223.69203 | CX55: 223.72104
A56: Pension age per 1,000 persons of working age | B56: 277.93922 | C56: 277.28626 | D56: 278.4094 | E56: 280.69818 | F56: 280.63261 | G56: 273.90484 | H56: 271.2513 | I56: 277.09097 | J56: 283.32104 | K56: 289.82625 | L56: 296.30826 | M56: 302.49302 | N56: 308.5905 | O56: 314.31436 | P56: 319.90915 | Q56: 324.83787 | R56: 330.08177 | S56: 334.45939 | T56: 337.78311 | U56: 340.04856 | V56: 341.88086 | W56: 343.20215 | X56: 340.69211 | Y56: 331.0514 | Z56: 324.61631 | AA56: 327.18678 | AB56: 330.68262 | AC56: 334.10853 | AD56: 337.27655 | AE56: 340.57237 | AF56: 343.86253 | AG56: 347.95327 | AH56: 352.20103 | AI56: 356.71443 | AJ56: 361.95637 | AK56: 367.02898 | AL56: 372.43757 | AM56: 378.1816 | AN56: 383.8335 | AO56: 388.99137 | AP56: 394.40542 | AQ56: 399.43785 | AR56: 404.41877 | AS56: 410.07563 | AT56: 415.39108 | AU56: 420.79622 | AV56: 425.58047 | AW56: 429.84104 | AX56: 433.9578 | AY56: 438.19422 | AZ56: 442.61258 | BA56: 446.70875 | BB56: 450.57011 | BC56: 454.67523 | BD56: 459.67888 | BE56: 464.35088 | BF56: 469.19863 | BG56: 474.41508 | BH56: 479.62546 | BI56: 484.13949 | BJ56: 488.01663 | BK56: 491.81094 | BL56: 495.90594 | BM56: 499.26011 | BN56: 502.04732 | BO56: 504.59223 | BP56: 506.69709 | BQ56: 508.06228 | BR56: 509.71975 | BS56: 510.07353 | BT56: 510.41834 | BU56: 510.94297 | BV56: 511.58951 | BW56: 512.29724 | BX56: 513.01607 | BY56: 513.72167 | BZ56: 514.40655 | CA56: 515.064 | CB56: 515.69066 | CC56: 516.29736 | CD56: 516.90481 | CE56: 517.52003 | CF56: 518.16043 | CG56: 518.84822 | CH56: 519.61499 | CI56: 520.48566 | CJ56: 521.47648 | CK56: 522.60001 | CL56: 523.87054 | CM56: 525.28155 | CN56: 526.81777 | CO56: 528.47043 | CP56: 530.23307 | CQ56: 532.10091 | CR56: 534.02701 | CS56: 535.95205 | CT56: 537.85349 | CU56: 539.70811 | CV56: 541.49926 | CW56: 543.20548 | CX56: 544.80475
A57: Total children and pension age per 1,000 persons of working age | B57: 564.93104 | C57: 559.57071 | D57: 555.64494 | E57: 553.62702 | F57: 548.82701 | G57: 535.89227 | H57: 528.04958 | I57: 530.90837 | J57: 534.64171 | K57: 538.7056 | L57: 542.47749 | M57: 546.38728 | N57: 550.57385 | O57: 554.48196 | P57: 558.55569 | Q57: 562.37921 | R57: 566.43174 | S57: 570.41108 | T57: 573.23641 | U57: 574.78562 | V57: 575.83765 | W57: 576.33571 | X57: 572.40673 | Y57: 560.19888 | Z57: 551.83182 | AA57: 554.08737 | AB57: 557.47125 | AC57: 560.78114 | AD57: 563.774 | AE57: 566.88678 | AF57: 569.94961 | AG57: 573.88364 | AH57: 577.91283 | AI57: 582.1534 | AJ57: 587.14634 | AK57: 591.84917 | AL57: 596.8513 | AM57: 602.16472 | AN57: 607.3143 | AO57: 611.84969 | AP57: 616.65653 | AQ57: 621.00423 | AR57: 625.30649 | AS57: 630.44652 | AT57: 635.26595 | AU57: 640.277 | AV57: 644.66918 | AW57: 648.56625 | AX57: 652.41733 | AY57: 656.52685 | AZ57: 660.95831 | BA57: 665.12135 | BB57: 669.11146 | BC57: 673.47269 | BD57: 678.94642 | BE57: 684.10556 | BF57: 689.51964 | BG57: 695.401 | BH57: 701.30974 | BI57: 706.43631 | BJ57: 710.83448 | BK57: 715.12949 | BL57: 719.75272 | BM57: 723.49882 | BN57: 726.5615 | BO57: 729.30699 | BP57: 731.50518 | BQ57: 732.81053 | BR57: 734.40936 | BS57: 734.47133 | BT57: 734.48831 | BU57: 734.68337 | BV57: 734.99721 | BW57: 735.3681 | BX57: 735.74812 | BY57: 736.11882 | BZ57: 736.48069 | CA57: 736.83499 | CB57: 737.18541 | CC57: 737.55126 | CD57: 737.96168 | CE57: 738.42713 | CF57: 738.96887 | CG57: 739.61156 | CH57: 740.38901 | CI57: 741.32591 | CJ57: 742.43469 | CK57: 743.72276 | CL57: 745.1989 | CM57: 746.84775 | CN57: 748.64423 | CO57: 750.56957 | CP57: 752.60956 | CQ57: 754.75199 | CR57: 756.93795 | CS57: 759.09511 | CT57: 761.19468 | CU57: 763.20867 | CV57: 765.1174 | CW57: 766.89751 | CX57: 768.52579

Sheet 2021-based principal
A1: Population projections by the Office for National Statistics
A2: United Kingdom (UK) | C2: 2012 | E2: 2012 | L2: 2021-based
A3: PERSONS, thousands | L3: Principal projection
C4: Components of change (mid-year to mid-year), total fertility rate
C5: and expectation of life at birth (EOLB) based on the mortality rates for the year
C6: 2021 | D6: 2022 | E6: 2023 | F6: 2024 | G6: 2025 | H6: 2026 | I6: 2027 | J6: 2028 | K6: 2029 | L6: 2030 | M6: 2031 | N6: 2032 | O6: 2033 | P6: 2034 | Q6: 2035 | R6: 2036 | S6: 2037 | T6: 2038 | U6: 2039 | V6: 2040 | W6: 2041 | X6: 2042 | Y6: 2043 | Z6: 2044 | AA6: 2045 | AB6: 2046 | AC6: 2047 | AD6: 2048 | AE6: 2049 | AF6: 2050 | AG6: 2051 | AH6: 2052 | AI6: 2053 | AJ6: 2054 | AK6: 2055 | AL6: 2056 | AM6: 2057 | AN6: 2058 | AO6: 2059 | AP6: 2060 | AQ6: 2061 | AR6: 2062 | AS6: 2063 | AT6: 2064 | AU6: 2065 | AV6: 2066 | AW6: 2067 | AX6: 2068 | AY6: 2069 | AZ6: 2070 | BA6: 2071 | BB6: 2072 | BC6: 2073 | BD6: 2074 | BE6: 2075 | BF6: 2076 | BG6: 2077 | BH6: 2078 | BI6: 2079 | BJ6: 2080 | BK6: 2081 | BL6: 2082 | BM6: 2083 | BN6: 2084 | BO6: 2085 | BP6: 2086 | BQ6: 2087 | BR6: 2088 | BS6: 2089 | BT6: 2090 | BU6: 2091 | BV6: 2092 | BW6: 2093 | BX6: 2094 | BY6: 2095 | BZ6: 2096 | CA6: 2097 | CB6: 2098 | CC6: 2099 | CD6: 2100 | CE6: 2101 | CF6: 2102 | CG6: 2103 | CH6: 2104 | CI6: 2105 | CJ6: 2106 | CK6: 2107 | CL6: 2108 | CM6: 2109 | CN6: 2110 | CO6: 2111 | CP6: 2112 | CQ6: 2113 | CR6: 2114 | CS6: 2115 | CT6: 2116 | CU6: 2117 | CV6: 2118 | CW6: 2119 | CX6: 2120
C7: -2022 | D7: -2023 | E7: -2024 | F7: -2025 | G7: -2026 | H7: -2027 | I7: -2028 | J7: -2029 | K7: -2030 | L7: -2031 | M7: -2032 | N7: -2033 | O7: -2034 | P7: -2035 | Q7: -2036 | R7: -2037 | S7: -2038 | T7: -2039 | U7: -2040 | V7: -2041 | W7: -2042 | X7: -2043 | Y7: -2044 | Z7: -2045 | AA7: -2046 | AB7: -2047 | AC7: -2048 | AD7: -2049 | AE7: -2050 | AF7: -2051 | AG7: -2052 | AH7: -2053 | AI7: -2054 | AJ7: -2055 | AK7: -2056 | AL7: -2057 | AM7: -2058 | AN7: -2059 | AO7: -2060 | AP7: -2061 | AQ7: -2062 | AR7: -2063 | AS7: -2064 | AT7: -2065 | AU7: -2066 | AV7: -2067 | AW7: -2068 | AX7: -2069 | AY7: -2070 | AZ7: -2071 | BA7: -2072 | BB7: -2073 | BC7: -2074 | BD7: -2075 | BE7: -2076 | BF7: -2077 | BG7: -2078 | BH7: -2079 | BI7: -2080 | BJ7: -2081 | BK7: -2082 | BL7: -2083 | BM7: -2084 | BN7: -2085 | BO7: -2086 | BP7: -2087 | BQ7: -2088 | BR7: -2089 | BS7: -2090 | BT7: -2091 | BU7: -2092 | BV7: -2093 | BW7: -2094 | BX7: -2095 | BY7: -2096 | BZ7: -2097 | CA7: -2098 | CB7: -2099 | CC7: -2100 | CD7: -2101 | CE7: -2102 | CF7: -2103 | CG7: -2104 | CH7: -2105 | CI7: -2106 | CJ7: -2107 | CK7: -2108 | CL7: -2109 | CM7: -2110 | CN7: -2111 | CO7: -2112 | CP7: -2113 | CQ7: -2114 | CR7: -2115 | CS7: -2116 | CT7: -2117 | CU7: -2118 | CV7: -2119 | CW7: -2120 | CX7: -2121
C8: ———— | D8: ———— | E8: ———— | F8: ———— | G8: ———— | H8: ———— | I8: ———— | J8: ———— | K8: ———— | L8: ———— | M8: ———— | N8: ———— | O8: ———— | P8: ———— | Q8: ———— | R8: ———— | S8: ———— | T8: ———— | U8: ———— | V8: ———— | W8: ———— | X8: ———— | Y8: ———— | Z8: ———— | AA8: ———— | AB8: ———— | AC8: ———— | AD8: ———— | AE8: ———— | AF8: ———— | AG8: ———— | AH8: ———— | AI8: ———— | AJ8: ———— | AK8: ———— | AL8: ———— | AM8: ———— | AN8: ———— | AO8: ———— | AP8: ———— | AQ8: ———— | AR8: ———— | AS8: ———— | AT8: ———— | AU8: ———— | AV8: ———— | AW8: ———— | AX8: ———— | AY8: ———— | AZ8: ———— | BA8: ———— | BB8: ———— | BC8: ———— | BD8: ———— | BE8: ———— | BF8: ———— | BG8: ———— | BH8: ———— | BI8: ———— | BJ8: ———— | BK8: ———— | BL8: ———— | BM8: ———— | BN8: ———— | BO8: ———— | BP8: ———— | BQ8: ———— | BR8: ———— | BS8: ———— | BT8: ———— | BU8: ———— | BV8: ———— | BW8: ———— | BX8: ———— | BY8: ———— | BZ8: ———— | CA8: ———— | CB8: ———— | CC8: ———— | CD8: ———— | CE8: ———— | CF8: ———— | CG8: ———— | CH8: ———— | CI8: ———— | CJ8: ———— | CK8: ———— | CL8: ———— | CM8: ———— | CN8: ———— | CO8: ———— | CP8: ———— | CQ8: ———— | CR8: ———— | CS8: ———— | CT8: ———— | CU8: ———— | CV8: ———— | CW8: ———— | CX8: ————
A9: Population at start | D9: 67679.186 | E9: 68350.236 | F9: 69025.203 | G9: 69630.376 | H9: 70160.187 | I9: 70612.833 | J9: 70985.959 | K9: 71350.151 | L9: 71705.282 | M9: 72051.458 | N9: 72388.988 | O9: 72717.937 | P9: 73038.609 | Q9: 73351.615 | R9: 73658.795 | S9: 73962.122 | T9: 74262.408 | U9: 74560.211 | V9: 74855.85 | W9: 75148.911 | X9: 75438.895 | Y9: 75725.757 | Z9: 76009.334 | AA9: 76288.178 | AB9: 76560.631 | AC9: 76826.213 | AD9: 77084.491 | AE9: 77334.961 | AF9: 77577.467 | AG9: 77812.181 | AH9: 78039.348 | AI9: 78259.294 | AJ9: 78472.657 | AK9: 78680.453 | AL9: 78883.741 | AM9: 79083.702 | AN9: 79281.15 | AO9: 79477.08 | AP9: 79672.491 | AQ9: 79867.988 | AR9: 80064.118 | AS9: 80261.16 | AT9: 80459.378 | AU9: 80659.071 | AV9: 80859.998 | AW9: 81061.772 | AX9: 81263.927 | AY9: 81465.839 | AZ9: 81666.879 | BA9: 81866.259 | BB9: 82063.118 | BC9: 82256.657 | BD9: 82446.074 | BE9: 82630.72 | BF9: 82809.953 | BG9: 82983.359 | BH9: 83150.611 | BI9: 83311.56 | BJ9: 83466.167 | BK9: 83614.66 | BL9: 83757.21 | BM9: 83894.174 | BN9: 84026.02 | BO9: 84153.25 | BP9: 84276.363 | BQ9: 84395.966 | BR9: 84512.626 | BS9: 84626.9 | BT9: 84739.311 | BU9: 84850.329 | BV9: 84960.38 | BW9: 85069.8 | BX9: 85178.833 | BY9: 85287.643 | BZ9: 85396.319 | CA9: 85504.893 | CB9: 85613.406 | CC9: 85721.829 | CD9: 85830.176 | CE9: 85938.383 | CF9: 86046.517 | CG9: 86154.55 | CH9: 86262.576 | CI9: 86370.717 | CJ9: 86479.182 | CK9: 86588.173 | CL9: 86697.934 | CM9: 86808.739 | CN9: 86920.815 | CO9: 87034.425 | CP9: 87149.735 | CQ9: 87266.878 | CR9: 87385.864 | CS9: 87506.677 | CT9: 87629.109 | CU9: 87752.872 | CV9: 87877.604 | CW9: 88002.873 | CX9: 88128.266
A10: Births | D10: 665.539 | E10: 713.92 | F10: 723.176 | G10: 727.449 | H10: 730 | I10: 730.916 | J10: 731.015 | K10: 731.12 | L10: 731.346 | M10: 731.85 | N10: 732.327 | O10: 732.815 | P10: 733.656 | Q10: 735.895 | R10: 739.714 | S10: 743.844 | T10: 747.985 | U10: 752.003 | V10: 755.099 | W10: 757.245 | X10: 759.052 | Y10: 760.381 | Z10: 760.131 | AA10: 758.23 | AB10: 755.98 | AC10: 753.419 | AD10: 750.521 | AE10: 747.538 | AF10: 744.72 | AG10: 742.124 | AH10: 739.651 | AI10: 737.507 | AJ10: 735.985 | AK10: 735.064 | AL10: 734.702 | AM10: 734.634 | AN10: 734.925 | AO10: 735.7 | AP10: 736.617 | AQ10: 737.766 | AR10: 738.954 | AS10: 740.343 | AT10: 742.055 | AU10: 743.732 | AV10: 745.308 | AW10: 746.832 | AX10: 748.263 | AY10: 749.65 | AZ10: 750.972 | BA10: 752.132 | BB10: 753.14 | BC10: 753.988 | BD10: 754.626 | BE10: 755.048 | BF10: 755.235 | BG10: 755.215 | BH10: 754.977 | BI10: 754.546 | BJ10: 753.952 | BK10: 753.224 | BL10: 752.423 | BM10: 751.588 | BN10: 750.773 | BO10: 750.013 | BP10: 749.337 | BQ10: 748.783 | BR10: 748.377 | BS10: 748.133 | BT10: 748.066 | BU10: 748.172 | BV10: 748.437 | BW10: 748.844 | BX10: 749.389 | BY10: 750.044 | BZ10: 750.792 | CA10: 751.602 | CB10: 752.438 | CC10: 753.299 | CD10: 754.154 | CE10: 754.98 | CF10: 755.759 | CG10: 756.475 | CH10: 757.109 | CI10: 757.67 | CJ10: 758.142 | CK10: 758.513 | CL10: 758.781 | CM10: 758.956 | CN10: 759.043 | CO10: 759.047 | CP10: 758.987 | CQ10: 758.872 | CR10: 758.716 | CS10: 758.526 | CT10: 758.322 | CU10: 758.131 | CV10: 757.958 | CW10: 757.809 | CX10: 757.711
A11: Deaths | D11: 664.623 | E11: 637.933 | F11: 646.447 | G11: 655.094 | H11: 663.852 | I11: 672.772 | J11: 681.82 | K11: 690.978 | L11: 700.18 | M11: 709.334 | N11: 718.376 | O11: 727.175 | P11: 735.651 | Q11: 743.734 | R11: 751.389 | S11: 758.549 | T11: 765.194 | U11: 771.364 | V11: 777.045 | W11: 782.277 | X11: 787.198 | Y11: 791.831 | Z11: 796.306 | AA11: 800.796 | AB11: 805.411 | AC11: 810.168 | AD11: 815.047 | AE11: 820.031 | AF11: 825.013 | AG11: 829.944 | AH11: 834.693 | AI11: 839.14 | AJ11: 843.197 | AK11: 846.762 | AL11: 849.763 | AM11: 852.174 | AN11: 854.002 | AO11: 855.307 | AP11: 856.133 | AQ11: 856.638 | AR11: 856.928 | AS11: 857.134 | AT11: 857.375 | AU11: 857.81 | AV11: 858.527 | AW11: 859.682 | AX11: 861.342 | AY11: 863.618 | AZ11: 866.61 | BA11: 870.279 | BB11: 874.605 | BC11: 879.559 | BD11: 884.988 | BE11: 890.796 | BF11: 896.838 | BG11: 902.964 | BH11: 909.02 | BI11: 914.92 | BJ11: 920.466 | BK11: 925.674 | BL11: 930.453 | BM11: 934.748 | BN11: 938.556 | BO11: 941.897 | BP11: 944.739 | BQ11: 947.131 | BR11: 949.109 | BS11: 950.732 | BT11: 952.046 | BU11: 953.137 | BV11: 954.014 | BW11: 954.822 | BX11: 955.592 | BY11: 956.38 | BZ11: 957.206 | CA11: 958.074 | CB11: 959.01 | CC11: 959.962 | CD11: 960.937 | CE11: 961.865 | CF11: 962.73 | CG11: 963.445 | CH11: 963.964 | CI11: 964.207 | CJ11: 964.148 | CK11: 963.74 | CL11: 962.986 | CM11: 961.871 | CN11: 960.455 | CO11: 958.755 | CP11: 956.859 | CQ11: 954.872 | CR11: 952.901 | CS11: 951.093 | CT11: 949.569 | CU11: 948.424 | CV11: 947.683 | CW11: 947.425 | CX11: 956.208
D12: ———— | E12: ———— | F12: ———— | G12: ———— | H12: ———— | I12: ———— | J12: ———— | K12: ———— | L12: ———— | M12: ———— | N12: ———— | O12: ———— | P12: ———— | Q12: ———— | R12: ———— | S12: ———— | T12: ———— | U12: ———— | V12: ———— | W12: ———— | X12: ———— | Y12: ———— | Z12: ———— | AA12: ———— | AB12: ———— | AC12: ———— | AD12: ———— | AE12: ———— | AF12: ———— | AG12: ———— | AH12: ———— | AI12: ———— | AJ12: ———— | AK12: ———— | AL12: ———— | AM12: ———— | AN12: ———— | AO12: ———— | AP12: ———— | AQ12: ———— | AR12: ———— | AS12: ———— | AT12: ———— | AU12: ———— | AV12: ———— | AW12: ———— | AX12: ———— | AY12: ———— | AZ12: ———— | BA12: ———— | BB12: ———— | BC12: ———— | BD12: ———— | BE12: ———— | BF12: ———— | BG12: ———— | BH12: ———— | BI12: ———— | BJ12: ———— | BK12: ———— | BL12: ———— | BM12: ———— | BN12: ———— | BO12: ———— | BP12: ———— | BQ12: ———— | BR12: ———— | BS12: ———— | BT12: ———— | BU12: ———— | BV12: ———— | BW12: ———— | BX12: ———— | BY12: ———— | BZ12: ———— | CA12: ———— | CB12: ———— | CC12: ———— | CD12: ———— | CE12: ———— | CF12: ———— | CG12: ———— | CH12: ———— | CI12: ———— | CJ12: ———— | CK12: ———— | CL12: ———— | CM12: ———— | CN12: ———— | CO12: ———— | CP12: ———— | CQ12: ———— | CR12: ———— | CS12: ———— | CT12: ———— | CU12: ———— | CV12: ———— | CW12: ———— | CX12: ————
A13: Natural change | D13: 0.916 | E13: 75.987 | F13: 76.729 | G13: 72.355 | H13: 66.148 | I13: 58.144 | J13: 49.195 | K13: 40.142 | L13: 31.166 | M13: 22.516 | N13: 13.951 | O13: 5.64 | P13: -1.995 | Q13: -7.839 | R13: -11.675 | S13: -14.705 | T13: -17.209 | U13: -19.361 | V13: -21.946 | W13: -25.032 | X13: -28.146 | Y13: -31.45 | Z13: -36.175 | AA13: -42.566 | AB13: -49.431 | AC13: -56.749 | AD13: -64.526 | AE13: -72.493 | AF13: -80.293 | AG13: -87.82 | AH13: -95.042 | AI13: -101.633 | AJ13: -107.212 | AK13: -111.698 | AL13: -115.061 | AM13: -117.54 | AN13: -119.077 | AO13: -119.607 | AP13: -119.516 | AQ13: -118.872 | AR13: -117.974 | AS13: -116.791 | AT13: -115.32 | AU13: -114.078 | AV13: -113.219 | AW13: -112.85 | AX13: -113.079 | AY13: -113.968 | AZ13: -115.638 | BA13: -118.147 | BB13: -121.465 | BC13: -125.571 | BD13: -130.362 | BE13: -135.748 | BF13: -141.603 | BG13: -147.749 | BH13: -154.043 | BI13: -160.374 | BJ13: -166.514 | BK13: -172.45 | BL13: -178.03 | BM13: -183.16 | BN13: -187.783 | BO13: -191.884 | BP13: -195.402 | BQ13: -198.348 | BR13: -200.732 | BS13: -202.599 | BT13: -203.98 | BU13: -204.965 | BV13: -205.577 | BW13: -205.978 | BX13: -206.203 | BY13: -206.336 | BZ13: -206.414 | CA13: -206.472 | CB13: -206.572 | CC13: -206.663 | CD13: -206.783 | CE13: -206.885 | CF13: -206.971 | CG13: -206.97 | CH13: -206.855 | CI13: -206.537 | CJ13: -206.006 | CK13: -205.227 | CL13: -204.205 | CM13: -202.915 | CN13: -201.412 | CO13: -199.708 | CP13: -197.872 | CQ13: -196 | CR13: -194.185 | CS13: -192.567 | CT13: -191.247 | CU13: -190.293 | CV13: -189.725 | CW13: -189.616 | CX13: -198.497
D14: ———— | E14: ———— | F14: ———— | G14: ———— | H14: ———— | I14: ———— | J14: ———— | K14: ———— | L14: ———— | M14: ———— | N14: ———— | O14: ———— | P14: ———— | Q14: ———— | R14: ———— | S14: ———— | T14: ———— | U14: ———— | V14: ———— | W14: ———— | X14: ———— | Y14: ———— | Z14: ———— | AA14: ———— | AB14: ———— | AC14: ———— | AD14: ———— | AE14: ———— | AF14: ———— | AG14: ———— | AH14: ———— | AI14: ———— | AJ14: ———— | AK14: ———— | AL14: ———— | AM14: ———— | AN14: ———— | AO14: ———— | AP14: ———— | AQ14: ———— | AR14: ———— | AS14: ———— | AT14: ———— | AU14: ———— | AV14: ———— | AW14: ———— | AX14: ———— | AY14: ———— | AZ14: ———— | BA14: ———— | BB14: ———— | BC14: ———— | BD14: ———— | BE14: ———— | BF14: ———— | BG14: ———— | BH14: ———— | BI14: ———— | BJ14: ———— | BK14: ———— | BL14: ———— | BM14: ———— | BN14: ———— | BO14: ———— | BP14: ———— | BQ14: ———— | BR14: ———— | BS14: ———— | BT14: ———— | BU14: ———— | BV14: ———— | BW14: ———— | BX14: ———— | BY14: ———— | BZ14: ———— | CA14: ———— | CB14: ———— | CC14: ———— | CD14: ———— | CE14: ———— | CF14: ———— | CG14: ———— | CH14: ———— | CI14: ———— | CJ14: ———— | CK14: ———— | CL14: ———— | CM14: ———— | CN14: ———— | CO14: ———— | CP14: ———— | CQ14: ———— | CR14: ———— | CS14: ———— | CT14: ———— | CU14: ———— | CV14: ———— | CW14: ———— | CX14: ————
