Workbook

Sheet Cover_Sheet
A1: Monthly Entry Clearance Visa Applications
A2: November 2025
A3: Entry Clearance Visas - Applications
A4: Home Office
A5: Published: 11 December 2025
A6: Next update: 8 January 2026
A7: Responsible Statistician: Jack Cooper
A8: Email: MigrationStatsEnquiries@homeoffice.gov.uk
A9: Press enquiries: 0300 123 3535
A10: Crown copyright © 2025

Sheet Contents
A1: Monthly Entry Clearance Visa Applications, November 2025
A2: Entry clearance visa applications - Tables
A3: To navigate to a specific detailed table, select the title from the list below. Detailed information on visa applications and outcomes can be found in the quarterly Immigration System Statistics.
A4: Sheet | B4: Title | C4: Variables available | D4: Period covered | E4: Official Accredited Statistics | F4: Next planned update
A5: Monthly_Vis_01 | B5: Monthly applications for Skilled Worker, Health and Care Worker, Sponsored study, Seasonal Worker, Youth Mobility Scheme and Family visas | C5: Year, month, visa type subgroup, applicant type, applications | D5: 2022 onwards | E5: No | F5: 8 January 2026

Sheet Notes
A1: Notes
A2: Note number | B2: Note text | C2: Table title
A3: 1 | B3: Figures are provisional management information from live operational systems drawn on the date of reporting and are subject to change. | C3: Monthly_Vis_01
A4: 2 | B4: Applications from dependants may relate to main applicants who applied in previous months. Dependants of care workers and senior care workers are still eligible to apply if their related main applicant applied prior to 11 March 2024. | C4: Monthly_Vis_01
A5: 3 | B5: Individuals on Youth Mobility Scheme and Seasonal Worker visa routes are ineligible to bring dependants. | C5: Monthly_Vis_01
A6: 4 | B6: These statistics will be updated on a monthly ongoing basis whilst we review the user need for monthly updates. The quarterly Immigration system statistics provides detailed information on visa applications and outcomes. | C6: Monthly_Vis_01
A7: 5 | B7: Figures are rounded to the nearest 100. | C7: Monthly_Vis_01

Sheet Monthly_Vis_01
A1: Monthly applications for Skilled Worker, Health and Care Worker, Sponsored study, Seasonal Worker, Youth Mobility Scheme and Family visas, from January 2022 to November 2025 [Notes 1, 2, 3, 4, 5]
A2: =HYPERLINK("#'Contents'!A1", "Link to contents") -> Link to contents
A3: =HYPERLINK("#'Notes'!A1", "Link to notes") -> Link to notes
A4: Year | B4: Month | C4: Skilled Worker - Main applicants | D4: Skilled Worker - Dependants | E4: Health and Care Worker - Main applicants | F4: Health and Care Worker - Dependants | G4: Sponsored Study - Main applicants | H4: Sponsored Study - Dependants | I4: Seasonal Worker - Main applicants | J4: Youth Mobility Scheme - Main applicants | K4: Family - All applicants
A5: 2022 | B5: January | C5: 4100 | D5: 2700 | E5: 3700 | F5: 4000 | G5: 31100 | H5: 11000 | I5: 1600 | J5: 800 | K5: 4300 | M5: =SUM(monthly_vis_01[[#This Row],[Skilled Worker - Main applicants]:[Family - All applicants]]) -> 63300
A6: 2022 | B6: February | C6: 4600 | D6: 3100 | E6: 4100 | F6: 4400 | G6: 9600 | H6: 6800 | I6: 3100 | J6: 1300 | K6: 5100 | M6: =SUM(monthly_vis_01[[#This Row],[Skilled Worker - Main applicants]:[Family - All applicants]]) -> 42100
A7: 2022 | B7: March | C7: 5300 | D7: 3600 | E7: 5300 | F7: 5200 | G7: 6200 | H7: 6000 | I7: 3400 | J7: 1900 | K7: 6300 | M7: =SUM(monthly_vis_01[[#This Row],[Skilled Worker - Main applicants]:[Family - All applicants]]) -> 43200
A8: 2022 | B8: April | C8: 4800 | D8: 3500 | E8: 5000 | F8: 5200 | G8: 9100 | H8: 5200 | I8: 8400 | J8: 1700 | K8: 5200 | M8: =SUM(monthly_vis_01[[#This Row],[Skilled Worker - Main applicants]:[Family - All applicants]]) -> 48100
A9: 2022 | B9: May | C9: 5700 | D9: 4100 | E9: 5600 | F9: 6000 | G9: 14100 | H9: 5300 | I9: 8600 | J9: 1900 | K9: 5400 | M9: =SUM(monthly_vis_01[[#This Row],[Skilled Worker - Main applicants]:[Family - All applicants]]) -> 56700
A10: 2022 | B10: June | C10: 6700 | D10: 4800 | E10: 7100 | F10: 7300 | G10: 31500 | H10: 8000 | I10: 3700 | J10: 1200 | K10: 5600 | M10: =SUM(monthly_vis_01[[#This Row],[Skilled Worker - Main applicants]:[Family - All applicants]]) -> 75900
A11: 2022 | B11: July | C11: 6600 | D11: 4800 | E11: 7300 | F11: 7500 | G11: 85000 | H11: 14800 | I11: 3200 | J11: 1100 | K11: 5800 | M11: =SUM(monthly_vis_01[[#This Row],[Skilled Worker - Main applicants]:[Family - All applicants]]) -> 136100
A12: 2022 | B12: August | C12: 6900 | D12: 4700 | E12: 8100 | F12: 8700 | G12: 144200 | H12: 23600 | I12: 1900 | J12: 1300 | K12: 6000 | M12: =SUM(monthly_vis_01[[#This Row],[Skilled Worker - Main applicants]:[Family - All applicants]]) -> 205400
A13: 2022 | B13: September | C13: 6100 | D13: 4100 | E13: 7900 | F13: 8700 | G13: 76600 | H13: 18300 | I13: 800 | J13: 1600 | K13: 5600 | M13: =SUM(monthly_vis_01[[#This Row],[Skilled Worker - Main applicants]:[Family - All applicants]]) -> 129700
A14: 2022 | B14: October | C14: 5800 | D14: 3900 | E14: 8000 | F14: 8300 | G14: 11300 | H14: 10200 | I14: 1300 | J14: 1500 | K14: 5200 | M14: =SUM(monthly_vis_01[[#This Row],[Skilled Worker - Main applicants]:[Family - All applicants]]) -> 55500
A15: 2022 | B15: November | C15: 6100 | D15: 4200 | E15: 9700 | F15: 10100 | G15: 24700 | H15: 14800 | I15: 300 | J15: 1600 | K15: 5600 | M15: =SUM(monthly_vis_01[[#This Row],[Skilled Worker - Main applicants]:[Family - All applicants]]) -> 77100
A16: 2022 | B16: December | C16: 5600 | D16: 3900 | E16: 9900 | F16: 10600 | G16: 46200 | H16: 19800 | I16: 400 | J16: 1200 | K16: 5900 | M16: =SUM(monthly_vis_01[[#This Row],[Skilled Worker - Main applicants]:[Family - All applicants]]) -> 103500
A17: 2023 | B17: January | C17: 5300 | D17: 3800 | E17: 11300 | F17: 12900 | G17: 26900 | H17: 17500 | I17: 2300 | J17: 1800 | K17: 5500 | M17: =SUM(monthly_vis_01[[#This Row],[Skilled Worker - Main applicants]:[Family - All applicants]]) -> 87300 | N17: =100*((M17/M5)-1) -> 37.914692
A18: 2023 | B18: February | C18: 5100 | D18: 4000 | E18: 13100 | F18: 14600 | G18: 5200 | H18: 7500 | I18: 2300 | J18: 2300 | K18: 6000 | M18: =SUM(monthly_vis_01[[#This Row],[Skilled Worker - Main applicants]:[Family - All applicants]]) -> 60100 | N18: =100*((M18/M6)-1) -> 42.755344
A19: 2023 | B19: March | C19: 5600 | D19: 4500 | E19: 14300 | F19: 16700 | G19: 7800 | H19: 7900 | I19: 3300 | J19: 2900 | K19: 7000 | M19: =SUM(monthly_vis_01[[#This Row],[Skilled Worker - Main applicants]:[Family - All applicants]]) -> 70000 | N19: =100*((M19/M7)-1) -> 62.037037
A20: 2023 | B20: April | C20: 4700 | D20: 3900 | E20: 12200 | F20: 15100 | G20: 9500 | H20: 6000 | I20: 5700 | J20: 3300 | K20: 5300 | M20: =SUM(monthly_vis_01[[#This Row],[Skilled Worker - Main applicants]:[Family - All applicants]]) -> 65700 | N20: =100*((M20/M8)-1) -> 36.590437
A21: 2023 | B21: May | C21: 5900 | D21: 4800 | E21: 14600 | F21: 19300 | G21: 16900 | H21: 7800 | I21: 8200 | J21: 2500 | K21: 6800 | M21: =SUM(monthly_vis_01[[#This Row],[Skilled Worker - Main applicants]:[Family - All applicants]]) -> 86800 | N21: =100*((M21/M9)-1) -> 53.08642
A22: 2023 | B22: June | C22: 6200 | D22: 5000 | E22: 14600 | F22: 19300 | G22: 38900 | H22: 9100 | I22: 3400 | J22: 1600 | K22: 6400 | M22: =SUM(monthly_vis_01[[#This Row],[Skilled Worker - Main applicants]:[Family - All applicants]]) -> 104500 | N22: =100*((M22/M10)-1) -> 37.681159
A23: 2023 | B23: July | C23: 6500 | D23: 4900 | E23: 16200 | F23: 21600 | G23: 81900 | H23: 12300 | I23: 1600 | J23: 1300 | K23: 5700 | M23: =SUM(monthly_vis_01[[#This Row],[Skilled Worker - Main applicants]:[Family - All applicants]]) -> 152000 | N23: =100*((M23/M11)-1) -> 11.682586
A24: 2023 | B24: August | C24: 6900 | D24: 4900 | E24: 18300 | F24: 23300 | G24: 147100 | H24: 25100 | I24: 1500 | J24: 1400 | K24: 7000 | M24: =SUM(monthly_vis_01[[#This Row],[Skilled Worker - Main applicants]:[Family - All applicants]]) -> 235500 | N24: =100*((M24/M12)-1) -> 14.654333
A25: 2023 | B25: September | C25: 5500 | D25: 4100 | E25: 12900 | F25: 18400 | G25: 83500 | H25: 22500 | I25: 1200 | J25: 2200 | K25: 6900 | M25: =SUM(monthly_vis_01[[#This Row],[Skilled Worker - Main applicants]:[Family - All applicants]]) -> 157200 | N25: =100*((M25/M13)-1) -> 21.202776
A26: 2023 | B26: October | C26: 6400 | D26: 4900 | E26: 14400 | F26: 22700 | G26: 10400 | H26: 12000 | I26: 1500 | J26: 1600 | K26: 8300 | M26: =SUM(monthly_vis_01[[#This Row],[Skilled Worker - Main applicants]:[Family - All applicants]]) -> 82200 | N26: =100*((M26/M14)-1) -> 48.108108
A27: 2023 | B27: November | C27: 6100 | D27: 4300 | E27: 9800 | F27: 19400 | G27: 14800 | H27: 9700 | I27: 1000 | J27: 1400 | K27: 7300 | M27: =SUM(monthly_vis_01[[#This Row],[Skilled Worker - Main applicants]:[Family - All applicants]]) -> 73800 | N27: =100*((M27/M15)-1) -> -4.2801556
A28: 2023 | B28: December | C28: 6100 | D28: 5500 | E28: 6400 | F28: 21300 | G28: 30600 | H28: 8000 | I28: 1500 | J28: 1100 | K28: 7500 | M28: =SUM(monthly_vis_01[[#This Row],[Skilled Worker - Main applicants]:[Family - All applicants]]) -> 88000 | N28: =100*((M28/M16)-1) -> -14.975845
... A51: 2025 | B51: November | C51: 2000 | D51: 3100 | E51: 600 | F51: 2900 | G51: 11300 | H51: 1100 | I51: 1300 | J51: 1300 | K51: 5100 | M51: =SUM(monthly_vis_01[[#This Row],[Skilled Worker - Main applicants]:[Family - All applicants]]) -> 28700 | N51: =100*((M51/M39)-1) -> -21.153846

Sheet Chart Data
A1: Visa applications
B2: Skilled workers | C2: Health and care workers | D2: Dependents
A3: 44562 | B3: =Monthly_Vis_01!C5 -> 4100 | C3: =Monthly_Vis_01!E5 -> 3700 | D3: =+Monthly_Vis_01!D5+Monthly_Vis_01!F5 -> 6700
A4: 44593 | B4: =Monthly_Vis_01!C6 -> 4600 | C4: =Monthly_Vis_01!E6 -> 4100 | D4: =+Monthly_Vis_01!D6+Monthly_Vis_01!F6 -> 7500
A5: 44621 | B5: =Monthly_Vis_01!C7 -> 5300 | C5: =Monthly_Vis_01!E7 -> 5300 | D5: =+Monthly_Vis_01!D7+Monthly_Vis_01!F7 -> 8800
A6: 44652 | B6: =Monthly_Vis_01!C8 -> 4800 | C6: =Monthly_Vis_01!E8 -> 5000 | D6: =+Monthly_Vis_01!D8+Monthly_Vis_01!F8 -> 8700
A7: 44682 | B7: =Monthly_Vis_01!C9 -> 5700 | C7: =Monthly_Vis_01!E9 -> 5600 | D7: =+Monthly_Vis_01!D9+Monthly_Vis_01!F9 -> 10100
A8: 44713 | B8: =Monthly_Vis_01!C10 -> 6700 | C8: =Monthly_Vis_01!E10 -> 7100 | D8: =+Monthly_Vis_01!D10+Monthly_Vis_01!F10 -> 12100
A9: 44743 | B9: =Monthly_Vis_01!C11 -> 6600 | C9: =Monthly_Vis_01!E11 -> 7300 | D9: =+Monthly_Vis_01!D11+Monthly_Vis_01!F11 -> 12300
A10: 44774 | B10: =Monthly_Vis_01!C12 -> 6900 | C10: =Monthly_Vis_01!E12 -> 8100 | D10: =+Monthly_Vis_01!D12+Monthly_Vis_01!F12 -> 13400
A11: 44805 | B11: =Monthly_Vis_01!C13 -> 6100 | C11: =Monthly_Vis_01!E13 -> 7900 | D11: =+Monthly_Vis_01!D13+Monthly_Vis_01!F13 -> 12800
A12: 44835 | B12: =Monthly_Vis_01!C14 -> 5800 | C12: =Monthly_Vis_01!E14 -> 8000 | D12: =+Monthly_Vis_01!D14+Monthly_Vis_01!F14 -> 12200
A13: 44866 | B13: =Monthly_Vis_01!C15 -> 6100 | C13: =Monthly_Vis_01!E15 -> 9700 | D13: =+Monthly_Vis_01!D15+Monthly_Vis_01!F15 -> 14300
A14: 44896 | B14: =Monthly_Vis_01!C16 -> 5600 | C14: =Monthly_Vis_01!E16 -> 9900 | D14: =+Monthly_Vis_01!D16+Monthly_Vis_01!F16 -> 14500
... A49: 45962 | B49: =Monthly_Vis_01!C51 -> 2000 | C49: =Monthly_Vis_01!E51 -> 600 | D49: =+Monthly_Vis_01!D51+Monthly_Vis_01!F51 -> 6000
A50: 45992
