Workbook
Name _DLX1.INC: HAVERM!$J$5:$AI$9
Name _DLX2.INC: HAVERA!$A$5:$V$9

Sheet Sectors
A6: 2024 median | B6: =HAVERA!B17 -> 31795 | C6: =HAVERA!C17 -> 47599 | D6: =HAVERA!D17 -> 37071 | E6: =HAVERA!E17 -> 53161 | F6: =HAVERA!F17 -> 39447 | G6: =HAVERA!G17 -> 41319 | H6: =HAVERA!H17 -> 32126 | I6: =HAVERA!I17 -> 38101 | ... T6: =HAVERA!T17 -> 32000
A7: High pay | B7: =IF(AND(B9=0,B6>MEDIAN($B$6:$O$6,$S$6:$T$6)),1,0) -> 0 | C7: =IF(AND(C9=0,C6>MEDIAN($B$6:$O$6,$S$6:$T$6)),1,0) -> 1 | D7: =IF(AND(D9=0,D6>MEDIAN($B$6:$O$6,$S$6:$T$6)),1,0) -> 0 | E7: =IF(AND(E9=0,E6>MEDIAN($B$6:$O$6,$S$6:$T$6)),1,0) -> 1 | F7: =IF(AND(F9=0,F6>MEDIAN($B$6:$O$6,$S$6:$T$6)),1,0) -> 1 | G7: =IF(AND(G9=0,G6>MEDIAN($B$6:$O$6,$S$6:$T$6)),1,0) -> 1 | H7: =IF(AND(H9=0,H6>MEDIAN($B$6:$O$6,$S$6:$T$6)),1,0) -> 0 | I7: =IF(AND(I9=0,I6>MEDIAN($B$6:$O$6,$S$6:$T$6)),1,0) -> 1 | ... T7: =IF(AND(T9=0,T6>MEDIAN($B$6:$O$6,$S$6:$T$6)),1,0) -> 0
A8: Low pay | B8: =IF(OR(B7=1,B9=1),0,1) -> 1 | C8: =IF(OR(C7=1,C9=1),0,1) -> 0 | D8: =IF(OR(D7=1,D9=1),0,1) -> 1 | E8: =IF(OR(E7=1,E9=1),0,1) -> 0 | F8: =IF(OR(F7=1,F9=1),0,1) -> 0 | G8: =IF(OR(G7=1,G9=1),0,1) -> 0 | H8: =IF(OR(H7=1,H9=1),0,1) -> 1 | I8: =IF(OR(I7=1,I9=1),0,1) -> 0 | ... T8: =IF(OR(T7=1,T9=1),0,1) -> 1
A9: Public sector | B9: 0 | C9: 0 | D9: 0 | E9: 0 | F9: 0 | G9: 0 | H9: 0 | I9: 0 | J9: 0 | K9: 0 | L9: 0 | M9: 0 | N9: 0 | O9: 0 | P9: 1 | Q9: 1 | R9: 1 | S9: 0 | T9: 0
B13: Agriculture | C13: Mining | D13: Manufacturing | E13: Energy production | F13: Water and waste | G13: Construction | H13: Wholesale and retail | I13: Transport | J13: Accommodation and food | K13: Info and comms | L13: Finance | M13: Real estate | N13: Professional services | O13: Admin services | P13: Public, admin and defence | Q13: Education | R13: Health | S13: Arts and entertainment | T13: Other services | V13: High pay private sector | W13: Low pay private sector | X13: Public sector | Y13: Check | AA13: High pay private sector | AB13: Low pay private sector | AC13: Public sector | AD13: Whole economy
A14: =DATE(LEFT(HAVERM!J10,4),RIGHT(HAVERM!J10,2),1) -> 42736 | B14: =HAVERM!N10 -> 181714 | C14: =HAVERM!O10 -> 48543 | D14: =HAVERM!P10 -> 2401843 | E14: =HAVERM!Q10 -> 101879 | F14: =HAVERM!R10 -> 167124 | G14: =HAVERM!S10 -> 1197052 | H14: =HAVERM!T10 -> 4504148 | I14: =HAVERM!U10 -> 1258528 | ... T14: =HAVERM!AF10 -> 520626 | V14: =SUMPRODUCT($B$7:$T$7,B14:T14) -> 6983678 | W14: =SUMPRODUCT(B14:T14,$B$8:$T$8) -> 12950534 | X14: =SUMPRODUCT(B14:T14,$B$9:$T$9) -> 8051985 | Y14: =SUM(V14:X14)=SUM(B14:T14) -> TRUE
A15: =DATE(LEFT(HAVERM!J11,4),RIGHT(HAVERM!J11,2),1) -> 42767 | B15: =HAVERM!N11 -> 181842 | C15: =HAVERM!O11 -> 48605 | D15: =HAVERM!P11 -> 2405098 | E15: =HAVERM!Q11 -> 102048 | F15: =HAVERM!R11 -> 167850 | G15: =HAVERM!S11 -> 1203664 | H15: =HAVERM!T11 -> 4500487 | I15: =HAVERM!U11 -> 1264134 | ... T15: =HAVERM!AF11 -> 521317 | V15: =SUMPRODUCT($B$7:$T$7,B15:T15) -> 7001976 | W15: =SUMPRODUCT(B15:T15,$B$8:$T$8) -> 12963767 | X15: =SUMPRODUCT(B15:T15,$B$9:$T$9) -> 8060154 | Y15: =SUM(V15:X15)=SUM(B15:T15) -> TRUE
A16: =DATE(LEFT(HAVERM!J12,4),RIGHT(HAVERM!J12,2),1) -> 42795 | B16: =HAVERM!N12 -> 181881 | C16: =HAVERM!O12 -> 48981 | D16: =HAVERM!P12 -> 2406415 | E16: =HAVERM!Q12 -> 102098 | F16: =HAVERM!R12 -> 168675 | G16: =HAVERM!S12 -> 1208222 | H16: =HAVERM!T12 -> 4498066 | I16: =HAVERM!U12 -> 1272009 | ... T16: =HAVERM!AF12 -> 522287 | V16: =SUMPRODUCT($B$7:$T$7,B16:T16) -> 7019881 | W16: =SUMPRODUCT(B16:T16,$B$8:$T$8) -> 12976489 | X16: =SUMPRODUCT(B16:T16,$B$9:$T$9) -> 8068411 | Y16: =SUM(V16:X16)=SUM(B16:T16) -> TRUE
A17: =DATE(LEFT(HAVERM!J13,4),RIGHT(HAVERM!J13,2),1) -> 42826 | B17: =HAVERM!N13 -> 182308 | C17: =HAVERM!O13 -> 48489 | D17: =HAVERM!P13 -> 2409801 | E17: =HAVERM!Q13 -> 102357 | F17: =HAVERM!R13 -> 168049 | G17: =HAVERM!S13 -> 1208464 | H17: =HAVERM!T13 -> 4508802 | I17: =HAVERM!U13 -> 1273040 | ... T17: =HAVERM!AF13 -> 522701 | V17: =SUMPRODUCT($B$7:$T$7,B17:T17) -> 7028802 | W17: =SUMPRODUCT(B17:T17,$B$8:$T$8) -> 13005171 | X17: =SUMPRODUCT(B17:T17,$B$9:$T$9) -> 8064813 | Y17: =SUM(V17:X17)=SUM(B17:T17) -> TRUE | AA17: =(V17-V14)/1000 -> 45.124 | AB17: =(W17-W14)/1000 -> 54.637 | AC17: =(X17-X14)/1000 -> 12.828 | AD17: =SUM(AA17:AC17) -> 112.589
A18: =DATE(LEFT(HAVERM!J14,4),RIGHT(HAVERM!J14,2),1) -> 42856 | B18: =HAVERM!N14 -> 182432 | C18: =HAVERM!O14 -> 48559 | D18: =HAVERM!P14 -> 2411552 | E18: =HAVERM!Q14 -> 102425 | F18: =HAVERM!R14 -> 168835 | G18: =HAVERM!S14 -> 1211272 | H18: =HAVERM!T14 -> 4508012 | I18: =HAVERM!U14 -> 1274781 | ... T18: =HAVERM!AF14 -> 523969 | V18: =SUMPRODUCT($B$7:$T$7,B18:T18) -> 7047196 | W18: =SUMPRODUCT(B18:T18,$B$8:$T$8) -> 13019516 | X18: =SUMPRODUCT(B18:T18,$B$9:$T$9) -> 8072467 | Y18: =SUM(V18:X18)=SUM(B18:T18) -> TRUE | AA18: =(V18-V15)/1000 -> 45.22 | AB18: =(W18-W15)/1000 -> 55.749 | AC18: =(X18-X15)/1000 -> 12.313 | AD18: =SUM(AA18:AC18) -> 113.282
A19: =DATE(LEFT(HAVERM!J15,4),RIGHT(HAVERM!J15,2),1) -> 42887 | B19: =HAVERM!N15 -> 182209 | C19: =HAVERM!O15 -> 48654 | D19: =HAVERM!P15 -> 2413468 | E19: =HAVERM!Q15 -> 102484 | F19: =HAVERM!R15 -> 168951 | G19: =HAVERM!S15 -> 1213536 | H19: =HAVERM!T15 -> 4502089 | I19: =HAVERM!U15 -> 1276530 | ... T19: =HAVERM!AF15 -> 524425 | V19: =SUMPRODUCT($B$7:$T$7,B19:T19) -> 7055167 | W19: =SUMPRODUCT(B19:T19,$B$8:$T$8) -> 13025388 | X19: =SUMPRODUCT(B19:T19,$B$9:$T$9) -> 8092627 | Y19: =SUM(V19:X19)=SUM(B19:T19) -> TRUE | AA19: =(V19-V16)/1000 -> 35.286 | AB19: =(W19-W16)/1000 -> 48.899 | AC19: =(X19-X16)/1000 -> 24.216 | AD19: =SUM(AA19:AC19) -> 108.401
A20: =DATE(LEFT(HAVERM!J16,4),RIGHT(HAVERM!J16,2),1) -> 42917 | B20: =HAVERM!N16 -> 182498 | C20: =HAVERM!O16 -> 48647 | D20: =HAVERM!P16 -> 2414847 | E20: =HAVERM!Q16 -> 102574 | F20: =HAVERM!R16 -> 169004 | G20: =HAVERM!S16 -> 1215226 | H20: =HAVERM!T16 -> 4504327 | I20: =HAVERM!U16 -> 1278218 | ... T20: =HAVERM!AF16 -> 524685 | V20: =SUMPRODUCT($B$7:$T$7,B20:T20) -> 7060003 | W20: =SUMPRODUCT(B20:T20,$B$8:$T$8) -> 13041808 | X20: =SUMPRODUCT(B20:T20,$B$9:$T$9) -> 8092254 | Y20: =SUM(V20:X20)=SUM(B20:T20) -> TRUE | AA20: =(V20-V17)/1000 -> 31.201 | AB20: =(W20-W17)/1000 -> 36.637 | AC20: =(X20-X17)/1000 -> 27.441 | AD20: =SUM(AA20:AC20) -> 95.279
A21: =DATE(LEFT(HAVERM!J17,4),RIGHT(HAVERM!J17,2),1) -> 42948 | B21: =HAVERM!N17 -> 182930 | C21: =HAVERM!O17 -> 48817 | D21: =HAVERM!P17 -> 2417904 | E21: =HAVERM!Q17 -> 102998 | F21: =HAVERM!R17 -> 169425 | G21: =HAVERM!S17 -> 1218259 | H21: =HAVERM!T17 -> 4509570 | I21: =HAVERM!U17 -> 1281420 | ... T21: =HAVERM!AF17 -> 525439 | V21: =SUMPRODUCT($B$7:$T$7,B21:T21) -> 7075086 | W21: =SUMPRODUCT(B21:T21,$B$8:$T$8) -> 13063891 | X21: =SUMPRODUCT(B21:T21,$B$9:$T$9) -> 8090048 | Y21: =SUM(V21:X21)=SUM(B21:T21) -> TRUE | AA21: =(V21-V18)/1000 -> 27.89 | AB21: =(W21-W18)/1000 -> 44.375 | AC21: =(X21-X18)/1000 -> 17.581 | AD21: =SUM(AA21:AC21) -> 89.846
A22: =DATE(LEFT(HAVERM!J18,4),RIGHT(HAVERM!J18,2),1) -> 42979 | B22: =HAVERM!N18 -> 182970 | C22: =HAVERM!O18 -> 48923 | D22: =HAVERM!P18 -> 2421343 | E22: =HAVERM!Q18 -> 103528 | F22: =HAVERM!R18 -> 169914 | G22: =HAVERM!S18 -> 1220793 | H22: =HAVERM!T18 -> 4512615 | I22: =HAVERM!U18 -> 1286153 | ... T22: =HAVERM!AF18 -> 526433 | V22: =SUMPRODUCT($B$7:$T$7,B22:T22) -> 7095634 | W22: =SUMPRODUCT(B22:T22,$B$8:$T$8) -> 13082657 | X22: =SUMPRODUCT(B22:T22,$B$9:$T$9) -> 8087814 | Y22: =SUM(V22:X22)=SUM(B22:T22) -> TRUE | AA22: =(V22-V19)/1000 -> 40.467 | AB22: =(W22-W19)/1000 -> 57.269 | AC22: =(X22-X19)/1000 -> -4.813 | AD22: =SUM(AA22:AC22) -> 92.923
A23: =DATE(LEFT(HAVERM!J19,4),RIGHT(HAVERM!J19,2),1) -> 43009 | B23: =HAVERM!N19 -> 183338 | C23: =HAVERM!O19 -> 48976 | D23: =HAVERM!P19 -> 2424837 | E23: =HAVERM!Q19 -> 103959 | F23: =HAVERM!R19 -> 170439 | G23: =HAVERM!S19 -> 1222673 | H23: =HAVERM!T19 -> 4511596 | I23: =HAVERM!U19 -> 1288383 | ... T23: =HAVERM!AF19 -> 526566 | V23: =SUMPRODUCT($B$7:$T$7,B23:T23) -> 7106855 | W23: =SUMPRODUCT(B23:T23,$B$8:$T$8) -> 13098830 | X23: =SUMPRODUCT(B23:T23,$B$9:$T$9) -> 8092237 | Y23: =SUM(V23:X23)=SUM(B23:T23) -> TRUE | AA23: =(V23-V20)/1000 -> 46.852 | AB23: =(W23-W20)/1000 -> 57.022 | AC23: =(X23-X20)/1000 -> -0.017 | AD23: =SUM(AA23:AC23) -> 103.857
A24: =DATE(LEFT(HAVERM!J20,4),RIGHT(HAVERM!J20,2),1) -> 43040 | B24: =HAVERM!N20 -> 183781 | C24: =HAVERM!O20 -> 49001 | D24: =HAVERM!P20 -> 2427824 | E24: =HAVERM!Q20 -> 104013 | F24: =HAVERM!R20 -> 170914 | G24: =HAVERM!S20 -> 1223903 | H24: =HAVERM!T20 -> 4509898 | I24: =HAVERM!U20 -> 1292404 | ... T24: =HAVERM!AF20 -> 527352 | V24: =SUMPRODUCT($B$7:$T$7,B24:T24) -> 7117103 | W24: =SUMPRODUCT(B24:T24,$B$8:$T$8) -> 13114308 | X24: =SUMPRODUCT(B24:T24,$B$9:$T$9) -> 8099267 | Y24: =SUM(V24:X24)=SUM(B24:T24) -> TRUE | AA24: =(V24-V21)/1000 -> 42.017 | AB24: =(W24-W21)/1000 -> 50.417 | AC24: =(X24-X21)/1000 -> 9.219 | AD24: =SUM(AA24:AC24) -> 101.653
A25: =DATE(LEFT(HAVERM!J21,4),RIGHT(HAVERM!J21,2),1) -> 43070 | B25: =HAVERM!N21 -> 184043 | C25: =HAVERM!O21 -> 48975 | D25: =HAVERM!P21 -> 2436958 | E25: =HAVERM!Q21 -> 104305 | F25: =HAVERM!R21 -> 171350 | G25: =HAVERM!S21 -> 1222469 | H25: =HAVERM!T21 -> 4506721 | I25: =HAVERM!U21 -> 1295585 | ... T25: =HAVERM!AF21 -> 527557 | V25: =SUMPRODUCT($B$7:$T$7,B25:T25) -> 7123503 | W25: =SUMPRODUCT(B25:T25,$B$8:$T$8) -> 13131188 | X25: =SUMPRODUCT(B25:T25,$B$9:$T$9) -> 8102654 | Y25: =SUM(V25:X25)=SUM(B25:T25) -> TRUE | AA25: =(V25-V22)/1000 -> 27.869 | AB25: =(W25-W22)/1000 -> 48.531 | AC25: =(X25-X22)/1000 -> 14.84 | AD25: =SUM(AA25:AC25) -> 91.24
A26: =DATE(LEFT(HAVERM!J22,4),RIGHT(HAVERM!J22,2),1) -> 43101 | B26: =HAVERM!N22 -> 183996 | C26: =HAVERM!O22 -> 48721 | D26: =HAVERM!P22 -> 2430703 | E26: =HAVERM!Q22 -> 104454 | F26: =HAVERM!R22 -> 171601 | G26: =HAVERM!S22 -> 1224026 | H26: =HAVERM!T22 -> 4506083 | I26: =HAVERM!U22 -> 1295727 | ... T26: =HAVERM!AF22 -> 528222 | V26: =SUMPRODUCT($B$7:$T$7,B26:T26) -> 7132895 | W26: =SUMPRODUCT(B26:T26,$B$8:$T$8) -> 13134006 | X26: =SUMPRODUCT(B26:T26,$B$9:$T$9) -> 8110775 | Y26: =SUM(V26:X26)=SUM(B26:T26) -> TRUE | AA26: =(V26-V23)/1000 -> 26.04 | AB26: =(W26-W23)/1000 -> 35.176 | AC26: =(X26-X23)/1000 -> 18.538 | AD26: =SUM(AA26:AC26) -> 79.754
A27: =DATE(LEFT(HAVERM!J23,4),RIGHT(HAVERM!J23,2),1) -> 43132 | B27: =HAVERM!N23 -> 184112 | C27: =HAVERM!O23 -> 48643 | D27: =HAVERM!P23 -> 2429629 | E27: =HAVERM!Q23 -> 104660 | F27: =HAVERM!R23 -> 171772 | G27: =HAVERM!S23 -> 1226448 | H27: =HAVERM!T23 -> 4506567 | I27: =HAVERM!U23 -> 1297232 | ... T27: =HAVERM!AF23 -> 528566 | V27: =SUMPRODUCT($B$7:$T$7,B27:T27) -> 7136990 | W27: =SUMPRODUCT(B27:T27,$B$8:$T$8) -> 13135774 | X27: =SUMPRODUCT(B27:T27,$B$9:$T$9) -> 8112672 | Y27: =SUM(V27:X27)=SUM(B27:T27) -> TRUE | AA27: =(V27-V24)/1000 -> 19.887 | AB27: =(W27-W24)/1000 -> 21.466 | AC27: =(X27-X24)/1000 -> 13.405 | AD27: =SUM(AA27:AC27) -> 54.758
A28: =DATE(LEFT(HAVERM!J24,4),RIGHT(HAVERM!J24,2),1) -> 43160 | B28: =HAVERM!N24 -> 183800 | C28: =HAVERM!O24 -> 48667 | D28: =HAVERM!P24 -> 2428186 | E28: =HAVERM!Q24 -> 104802 | F28: =HAVERM!R24 -> 172233 | G28: =HAVERM!S24 -> 1225714 | H28: =HAVERM!T24 -> 4504923 | I28: =HAVERM!U24 -> 1299578 | ... T28: =HAVERM!AF24 -> 528752 | V28: =SUMPRODUCT($B$7:$T$7,B28:T28) -> 7141629 | W28: =SUMPRODUCT(B28:T28,$B$8:$T$8) -> 13134788 | X28: =SUMPRODUCT(B28:T28,$B$9:$T$9) -> 8112813 | Y28: =SUM(V28:X28)=SUM(B28:T28) -> TRUE | AA28: =(V28-V25)/1000 -> 18.126 | AB28: =(W28-W25)/1000 -> 3.6 | AC28: =(X28-X25)/1000 -> 10.159 | AD28: =SUM(AA28:AC28) -> 31.885
... A114: =DATE(LEFT(HAVERM!J110,4),RIGHT(HAVERM!J110,2),1) -> 45778 | B114: =HAVERM!N110 -> 190967 | C114: =HAVERM!O110 -> 48212 | D114: =HAVERM!P110 -> 2310333 | E114: =HAVERM!Q110 -> 115408 | F114: =HAVERM!R110 -> 207164 | G114: =HAVERM!S110 -> 1309976 | H114: =HAVERM!T110 -> 4268365 | I114: =HAVERM!U110 -> 1390701 | ... T114: =HAVERM!AF110 -> 542140 | V114: =SUMPRODUCT($B$7:$T$7,B114:T114) -> 7859473 | W114: =SUMPRODUCT(B114:T114,$B$8:$T$8) -> 12956920 | X114: =SUMPRODUCT(B114:T114,$B$9:$T$9) -> 9250620 | Y114: =SUM(V114:X114)=SUM(B114:T114) -> TRUE | AA114: =(V114-V111)/1000 -> -87.708 | AB114: =(W114-W111)/1000 -> -119.174 | AC114: =(X114-X111)/1000 -> 8.897 | AD114: =SUM(AA114:AC114) -> -197.985
H116: =H114-H106 -> -62383 | I116: =I114-I106 -> 9100 | J116: =J114-J106 -> -96090 | K116: =K114-K106 -> -37480 | L116: =L114-L106 -> 7007 | M116: =M114-M106 -> -1219 | N116: =N114-N106 -> -38577 | O116: =O114-O106 -> -24297 | ... X116: =X114-X106 -> 56157

Sheet Inflows
B12: Inflows | C12: Vacancies | D12: =B12 -> Inflows | E12: =C12 -> Vacancies
A14: =DATE(LEFT(HAVERM!J10,4),RIGHT(HAVERM!J10,2),1) -> 42736 | B14: =HAVERM!L10 -> 665559 | C14: =HAVERM!AI10 -> 764
A15: =DATE(LEFT(HAVERM!J11,4),RIGHT(HAVERM!J11,2),1) -> 42767 | B15: =HAVERM!L11 -> 682700 | C15: =HAVERM!AI11 -> 771
A16: =DATE(LEFT(HAVERM!J12,4),RIGHT(HAVERM!J12,2),1) -> 42795 | B16: =HAVERM!L12 -> 682127 | C16: =HAVERM!AI12 -> 791
A17: =DATE(LEFT(HAVERM!J13,4),RIGHT(HAVERM!J13,2),1) -> 42826 | B17: =HAVERM!L13 -> 678453 | C17: =HAVERM!AI13 -> 786
A18: =DATE(LEFT(HAVERM!J14,4),RIGHT(HAVERM!J14,2),1) -> 42856 | B18: =HAVERM!L14 -> 686841 | C18: =HAVERM!AI14 -> 786
A19: =DATE(LEFT(HAVERM!J15,4),RIGHT(HAVERM!J15,2),1) -> 42887 | B19: =HAVERM!L15 -> 676578 | C19: =HAVERM!AI15 -> 784
A20: =DATE(LEFT(HAVERM!J16,4),RIGHT(HAVERM!J16,2),1) -> 42917 | B20: =HAVERM!L16 -> 676046 | C20: =HAVERM!AI16 -> 793
A21: =DATE(LEFT(HAVERM!J17,4),RIGHT(HAVERM!J17,2),1) -> 42948 | B21: =HAVERM!L17 -> 680466 | C21: =HAVERM!AI17 -> 800
A22: =DATE(LEFT(HAVERM!J18,4),RIGHT(HAVERM!J18,2),1) -> 42979 | B22: =HAVERM!L18 -> 678714 | C22: =HAVERM!AI18 -> 812
A23: =DATE(LEFT(HAVERM!J19,4),RIGHT(HAVERM!J19,2),1) -> 43009 | B23: =HAVERM!L19 -> 680017 | C23: =HAVERM!AI19 -> 819
A24: =DATE(LEFT(HAVERM!J20,4),RIGHT(HAVERM!J20,2),1) -> 43040 | B24: =HAVERM!L20 -> 675360 | C24: =HAVERM!AI20 -> 820
A25: =DATE(LEFT(HAVERM!J21,4),RIGHT(HAVERM!J21,2),1) -> 43070 | B25: =HAVERM!L21 -> 667559 | C25: =HAVERM!AI21 -> 817
... A48: =DATE(LEFT(HAVERM!J44,4),RIGHT(HAVERM!J44,2),1) -> 43770 | B48: =HAVERM!L44 -> 647283 | C48: =HAVERM!AI44 -> 811
A49: =DATE(LEFT(HAVERM!J45,4),RIGHT(HAVERM!J45,2),1) -> 43800 | B49: =HAVERM!L45 -> 676212 | C49: =HAVERM!AI45 -> 812 | D49: =B49/AVERAGE($B$47:$B$49)*100 -> 102.95272 | E49: =C49/AVERAGE($C$49)*100 -> 100
A50: =DATE(LEFT(HAVERM!J46,4),RIGHT(HAVERM!J46,2),1) -> 43831 | B50: =HAVERM!L46 -> 705146 | C50: =HAVERM!AI46 -> 819 | D50: =B50/AVERAGE($B$47:$B$49)*100 -> 107.3579 | E50: =C50/AVERAGE($C$49)*100 -> 100.86207
A51: =DATE(LEFT(HAVERM!J47,4),RIGHT(HAVERM!J47,2),1) -> 43862 | B51: =HAVERM!L47 -> 676372 | C51: =HAVERM!AI47 -> 795 | D51: =B51/AVERAGE($B$47:$B$49)*100 -> 102.97708 | E51: =C51/AVERAGE($C$49)*100 -> 97.906404
A52: =DATE(LEFT(HAVERM!J48,4),RIGHT(HAVERM!J48,2),1) -> 43891 | B52: =HAVERM!L48 -> 658550 | C52: =HAVERM!AI48 -> 637 | D52: =B52/AVERAGE($B$47:$B$49)*100 -> 100.2637 | E52: =C52/AVERAGE($C$49)*100 -> 78.448276
A53: =DATE(LEFT(HAVERM!J49,4),RIGHT(HAVERM!J49,2),1) -> 43922 | B53: =HAVERM!L49 -> 465778 | C53: =HAVERM!AI49 -> 471 | D53: =B53/AVERAGE($B$47:$B$49)*100 -> 70.914317 | E53: =C53/AVERAGE($C$49)*100 -> 58.004926
A54: =DATE(LEFT(HAVERM!J50,4),RIGHT(HAVERM!J50,2),1) -> 43952 | B54: =HAVERM!L50 -> 434276 | C54: =HAVERM!AI50 -> 328 | D54: =B54/AVERAGE($B$47:$B$49)*100 -> 66.118164 | E54: =C54/AVERAGE($C$49)*100 -> 40.394089
A55: =DATE(LEFT(HAVERM!J51,4),RIGHT(HAVERM!J51,2),1) -> 43983 | B55: =HAVERM!L51 -> 410819 | C55: =HAVERM!AI51 -> 369 | D55: =B55/AVERAGE($B$47:$B$49)*100 -> 62.546855 | E55: =C55/AVERAGE($C$49)*100 -> 45.44335
A56: =DATE(LEFT(HAVERM!J52,4),RIGHT(HAVERM!J52,2),1) -> 44013 | B56: =HAVERM!L52 -> 444827 | C56: =HAVERM!AI52 -> 428 | D56: =B56/AVERAGE($B$47:$B$49)*100 -> 67.724545 | E56: =C56/AVERAGE($C$49)*100 -> 52.70936
A57: =DATE(LEFT(HAVERM!J53,4),RIGHT(HAVERM!J53,2),1) -> 44044 | B57: =HAVERM!L53 -> 530404 | C57: =HAVERM!AI53 -> 490 | D57: =B57/AVERAGE($B$47:$B$49)*100 -> 80.753573 | E57: =C57/AVERAGE($C$49)*100 -> 60.344828
A58: =DATE(LEFT(HAVERM!J54,4),RIGHT(HAVERM!J54,2),1) -> 44075 | B58: =HAVERM!L54 -> 547800 | C58: =HAVERM!AI54 -> 535 | D58: =B58/AVERAGE($B$47:$B$49)*100 -> 83.402099 | E58: =C58/AVERAGE($C$49)*100 -> 65.8867
A59: =DATE(LEFT(HAVERM!J55,4),RIGHT(HAVERM!J55,2),1) -> 44105 | B59: =HAVERM!L55 -> 559266 | C59: =HAVERM!AI55 -> 560 | D59: =B59/AVERAGE($B$47:$B$49)*100 -> 85.147788 | E59: =C59/AVERAGE($C$49)*100 -> 68.965517
A60: =DATE(LEFT(HAVERM!J56,4),RIGHT(HAVERM!J56,2),1) -> 44136 | B60: =HAVERM!L56 -> 564675 | C60: =HAVERM!AI56 -> 602 | D60: =B60/AVERAGE($B$47:$B$49)*100 -> 85.971304 | E60: =C60/AVERAGE($C$49)*100 -> 74.137931
... A113: =DATE(LEFT(HAVERM!J109,4),RIGHT(HAVERM!J109,2),1) -> 45748 | B113: =HAVERM!L109 -> 555093 | C113: =HAVERM!AI109 -> 736 | D113: =B113/AVERAGE($B$47:$B$49)*100 -> 84.512452 | E113: =C113/AVERAGE($C$49)*100 -> 90.640394
A114: =DATE(LEFT(HAVERM!J110,4),RIGHT(HAVERM!J110,2),1) -> 45778

Sheet Outflows
A14: =DATE(LEFT(HAVERM!J10,4),RIGHT(HAVERM!J10,2),1) -> 42736 | B14: =HAVERM!M10 -> 657675 | C14: =HAVERM!AH10 -> 29332
A15: =DATE(LEFT(HAVERM!J11,4),RIGHT(HAVERM!J11,2),1) -> 42767 | B15: =HAVERM!M11 -> 642590 | C15: =HAVERM!AH11 -> 23593
A16: =DATE(LEFT(HAVERM!J12,4),RIGHT(HAVERM!J12,2),1) -> 42795 | B16: =HAVERM!M12 -> 642813 | C16: =HAVERM!AH12 -> 28578
A17: =DATE(LEFT(HAVERM!J13,4),RIGHT(HAVERM!J13,2),1) -> 42826 | B17: =HAVERM!M13 -> 644204 | C17: =HAVERM!AH13 -> 19543
A18: =DATE(LEFT(HAVERM!J14,4),RIGHT(HAVERM!J14,2),1) -> 42856 | B18: =HAVERM!M14 -> 646143 | C18: =HAVERM!AH14 -> 37364
A19: =DATE(LEFT(HAVERM!J15,4),RIGHT(HAVERM!J15,2),1) -> 42887 | B19: =HAVERM!M15 -> 642228 | C19: =HAVERM!AH15 -> 19518
A20: =DATE(LEFT(HAVERM!J16,4),RIGHT(HAVERM!J16,2),1) -> 42917 | B20: =HAVERM!M16 -> 655072 | C20: =HAVERM!AH16 -> 21370
A21: =DATE(LEFT(HAVERM!J17,4),RIGHT(HAVERM!J17,2),1) -> 42948 | B21: =HAVERM!M17 -> 645276 | C21: =HAVERM!AH17 -> 34790
A22: =DATE(LEFT(HAVERM!J18,4),RIGHT(HAVERM!J18,2),1) -> 42979 | B22: =HAVERM!M18 -> 641300 | C22: =HAVERM!AH18 -> 20258
A23: =DATE(LEFT(HAVERM!J19,4),RIGHT(HAVERM!J19,2),1) -> 43009 | B23: =HAVERM!M19 -> 648093 | C23: =HAVERM!AH19 -> 21234
A24: =DATE(LEFT(HAVERM!J20,4),RIGHT(HAVERM!J20,2),1) -> 43040 | B24: =HAVERM!M20 -> 642261 | C24: =HAVERM!AH20 -> 29026
A25: =DATE(LEFT(HAVERM!J21,4),RIGHT(HAVERM!J21,2),1) -> 43070 | B25: =HAVERM!M21 -> 640721 | C25: =HAVERM!AH21 -> 23171
... A48: =DATE(LEFT(HAVERM!J44,4),RIGHT(HAVERM!J44,2),1) -> 43770 | B48: =HAVERM!M44 -> 640944 | C48: =HAVERM!AH44 -> 27820
A49: =DATE(LEFT(HAVERM!J45,4),RIGHT(HAVERM!J45,2),1) -> 43800 | B49: =HAVERM!M45 -> 658887 | C49: =HAVERM!AH45 -> 16733 | D49: =B49/AVERAGE(B$47:B$49)*100 -> 101.8627 | E49: =C49/AVERAGE(C$47:C$49)*100 -> 73.352817
A50: =DATE(LEFT(HAVERM!J46,4),RIGHT(HAVERM!J46,2),1) -> 43831 | B50: =HAVERM!M46 -> 647578 | C50: =HAVERM!AH46 -> 29496 | D50: =B50/AVERAGE(B$47:B$49)*100 -> 100.11435 | E50: =C50/AVERAGE(C$47:C$49)*100 -> 129.30226
A51: =DATE(LEFT(HAVERM!J47,4),RIGHT(HAVERM!J47,2),1) -> 43862 | B51: =HAVERM!M47 -> 688189 | C51: =HAVERM!AH47 -> 27804 | D51: =B51/AVERAGE(B$47:B$49)*100 -> 106.39274 | E51: =C51/AVERAGE(C$47:C$49)*100 -> 121.885
A52: =DATE(LEFT(HAVERM!J48,4),RIGHT(HAVERM!J48,2),1) -> 43891 | B52: =HAVERM!M48 -> 694326 | C52: =HAVERM!AH48 -> 44235 | D52: =B52/AVERAGE(B$47:B$49)*100 -> 107.3415 | E52: =C52/AVERAGE(C$47:C$49)*100 -> 193.91393
A53: =DATE(LEFT(HAVERM!J49,4),RIGHT(HAVERM!J49,2),1) -> 43922 | B53: =HAVERM!M49 -> 908918 | C53: =HAVERM!AH49 -> 61502 | D53: =B53/AVERAGE(B$47:B$49)*100 -> 140.51703 | E53: =C53/AVERAGE(C$47:C$49)*100 -> 269.60766
A54: =DATE(LEFT(HAVERM!J50,4),RIGHT(HAVERM!J50,2),1) -> 43952 | B54: =HAVERM!M50 -> 586561 | C54: =HAVERM!AH50 -> 73254 | D54: =B54/AVERAGE(B$47:B$49)*100 -> 90.681237 | E54: =C54/AVERAGE(C$47:C$49)*100 -> 321.12516
A55: =DATE(LEFT(HAVERM!J51,4),RIGHT(HAVERM!J51,2),1) -> 43983 | B55: =HAVERM!M51 -> 464781 | C55: =HAVERM!AH51 -> 155576 | D55: =B55/AVERAGE(B$47:B$49)*100 -> 71.854276 | E55: =C55/AVERAGE(C$47:C$49)*100 -> 682.0019
A56: =DATE(LEFT(HAVERM!J52,4),RIGHT(HAVERM!J52,2),1) -> 44013 | B56: =HAVERM!M52 -> 476434 | C56: =HAVERM!AH52 -> 149301 | D56: =B56/AVERAGE(B$47:B$49)*100 -> 73.655808 | E56: =C56/AVERAGE(C$47:C$49)*100 -> 654.49405
A57: =DATE(LEFT(HAVERM!J53,4),RIGHT(HAVERM!J53,2),1) -> 44044 | B57: =HAVERM!M53 -> 595960 | C57: =HAVERM!AH53 -> 57749 | D57: =B57/AVERAGE(B$47:B$49)*100 -> 92.134305 | E57: =C57/AVERAGE(C$47:C$49)*100 -> 253.15555
A58: =DATE(LEFT(HAVERM!J54,4),RIGHT(HAVERM!J54,2),1) -> 44075 | B58: =HAVERM!M54 -> 610345 | C58: =HAVERM!AH54 -> 81670 | D58: =B58/AVERAGE(B$47:B$49)*100 -> 94.358199 | E58: =C58/AVERAGE(C$47:C$49)*100 -> 358.01856
A59: =DATE(LEFT(HAVERM!J55,4),RIGHT(HAVERM!J55,2),1) -> 44105 | B59: =HAVERM!M55 -> 590745 | C59: =HAVERM!AH55 -> 51351 | D59: =B59/AVERAGE(B$47:B$49)*100 -> 91.328075 | E59: =C59/AVERAGE(C$47:C$49)*100 -> 225.1085
A60: =DATE(LEFT(HAVERM!J56,4),RIGHT(HAVERM!J56,2),1) -> 44136 | B60: =HAVERM!M56 -> 640218 | C60: =HAVERM!AH56 -> 36686 | D60: =B60/AVERAGE(B$47:B$49)*100 -> 98.976509 | E60: =C60/AVERAGE(C$47:C$49)*100 -> 160.82122
... A113: =DATE(LEFT(HAVERM!J109,4),RIGHT(HAVERM!J109,2),1) -> 45748 | B113: =HAVERM!M109 -> 610089 | C113: =HAVERM!AH109 -> 23769 | D113: =B113/AVERAGE(B$47:B$49)*100 -> 94.318622 | E113: =C113/AVERAGE(C$47:C$49)*100 -> 104.19668
A114: =DATE(LEFT(HAVERM!J110,4),RIGHT(HAVERM!J110,2),1) -> 45778 | C114: =HAVERM!AH110 -> 24615

Sheet HAVERM
J5: 201701 !M | K5: UKSEPPFC@UK | L5: UKSEPPFI@UK | M5: UKSEPPFO@UK | N5: UKSEPEPA@UK | O5: UKSEPEPB@UK | P5: UKSEPEPC@UK | Q5: UKSEPEPD@UK | R5: UKSEPEPE@UK | S5: UKSEPEPF@UK | T5: UKSEPEPG@UK | U5: UKSEPEPH@UK | V5: UKSEPEPI@UK | W5: UKSEPEPJ@UK | X5: UKSEPEPK@UK | Y5: UKSEPEPL@UK | Z5: UKSEPEPM@UK | AA5: UKSEPEPN@UK | AB5: UKSEPEPO@UK | AC5: UKSEPEPP@UK | AD5: UKSEPEPQ@UK | AE5: UKSEPEPR@UK | AF5: UKSEPEPS@UK | AG5: UKSEPEPT@UK | AH5: UKNERS@UK | AI5: AP2Y@UK
J6: .DESC | K6: UK: Payrolled Employees from PAYE RTI: Change (SA, Number) | L6: UK: Payrolled Employees from PAYE RTI: Inflow (SA, Number) | M6: UK: Payrolled Employees from PAYE RTI: Outflow (SA, Number) | N6: UK: Payrolled Employees from PAYE RTI: Agric, Forestry & Fishing (SA, Number) | O6: UK: Payrolled Employees from PAYE RTI: Mining & Quarrying (SA, Number) | P6: UK: Payrolled Employees from PAYE RTI: Manufacturing (SA, Number) | Q6: UK: Payrolled Employees from PAYE RTI: Energy Production & Supply (SA, Number) | R6: UK: Payrolled Employees from PAYE RTI: Water, Sewerage & Waste (SA, Number) | S6: UK: Payrolled Employees from PAYE RTI: Construction (SA, Number) | T6: UK: Payrolled Employees from PAYE RTI: Wsale & Retail; Motor Repair (SA, Number) | U6: UK: Payrolled Employees from PAYE RTI: Transportation & Storage (SA, Number) | V6: UK: Payrolled Employees from PAYE RTI: Accomodation & Food Services (SA, Number) | W6: UK: Payrolled Employees from PAYE RTI: Information & Communication (SA, Number) | X6: UK: Payrolled Employees from PAYE RTI: Finance & Insurance (SA, Number) | Y6: UK: Payrolled Employees from PAYE RTI: Real Estate (SA, Number) | Z6: UK: Payrolled Employees from PAYE RTI: Prof, Scientific & Tech (SA, Number) | AA6: UK: Payrolled Employees from PAYE RTI: Admin & Suport Services (SA, Number) | AB6: UK: Payrolled Employees from PAYE RTI: Public Admin & Defense (SA, Number) | AC6: UK: Payrolled Employees from PAYE RTI: Education (SA, Number) | AD6: UK: Payrolled Employees from PAYE RTI: Health & Social Work (SA, Number) | AE6: UK: Payrolled Employees from PAYE RTI: Arts, Entertainment & Rec (SA, Number) | AF6: UK: Payrolled Employees from PAYE RTI: Other Service Activities (SA, Number) | AG6: UK: Payrolled Employees from PAYE RTI: HHs & Extraterritorial (SA, Number) | AH6: Great Britain: Advanced Notice Redundancy Scheme: Potential Redundancies (NSA) | AI6: UK: Job Vacancies excluding Agriculture, Forestry & Fishing (SA, Thous)
J7: .T1 | K7: Jan-2017 | L7: Jan-2017 | M7: Jan-2017 | N7: Jul-2014 | O7: Jul-2014 | P7: Jul-2014 | Q7: Jul-2014 | R7: Jul-2014 | S7: Jul-2014 | T7: Jul-2014 | U7: Jul-2014 | V7: Jul-2014 | W7: Jul-2014 | X7: Jul-2014 | Y7: Jul-2014 | Z7: Jul-2014 | AA7: Jul-2014 | AB7: Jul-2014 | AC7: Jul-2014 | AD7: Jul-2014 | AE7: Jul-2014 | AF7: Jul-2014 | AG7: Jul-2014 | AH7: Jan-2006 | AI7: May-2001
J8: .TN | K8: Apr-2025 | L8: Apr-2025 | M8: Apr-2025 | N8: May-2025 | O8: May-2025 | P8: May-2025 | Q8: May-2025 | R8: May-2025 | S8: May-2025 | T8: May-2025 | U8: May-2025 | V8: May-2025 | W8: May-2025 | X8: May-2025 | Y8: May-2025 | Z8: May-2025 | AA8: May-2025 | AB8: May-2025 | AC8: May-2025 | AD8: May-2025 | AE8: May-2025 | AF8: May-2025 | AG8: May-2025 | AH8: May-2025 | AI8: Apr-2025
J9: .DTLM | K9: Jun-10-2025 07:04 | L9: Jun-10-2025 07:04 | M9: Jun-10-2025 07:04 | N9: Jun-10-2025 07:04 | O9: Jun-10-2025 07:04 | P9: Jun-10-2025 07:04 | Q9: Jun-10-2025 07:04 | R9: Jun-10-2025 07:04 | S9: Jun-10-2025 07:04 | T9: Jun-10-2025 07:04 | U9: Jun-10-2025 07:04 | V9: Jun-10-2025 07:04 | W9: Jun-10-2025 07:04 | X9: Jun-10-2025 07:04 | Y9: Jun-10-2025 07:04 | Z9: Jun-10-2025 07:04 | AA9: Jun-10-2025 07:04 | AB9: Jun-10-2025 07:04 | AC9: Jun-10-2025 07:04 | AD9: Jun-10-2025 07:04 | AE9: Jun-10-2025 07:04 | AF9: Jun-10-2025 07:04 | AG9: Jun-10-2025 07:04 | AH9: Jun-06-2025 14:20 | AI9: Jun-10-2025 07:14
J10: 201701 | K10: 7884 | L10: 665559 | M10: 657675 | N10: 181714 | O10: 48543 | P10: 2401843 | Q10: 101879 | R10: 167124 | S10: 1197052 | T10: 4504148 | U10: 1258528 | V10: 1947038 | W10: 1134830 | X10: 1077510 | Y10: 409208 | Z10: 1998212 | AA10: 2407474 | AB10: 1420862 | AC10: 2997669 | AD10: 3633454 | AE10: 578483 | AF10: 520626 | AG10: 106138 | AH10: 29332 | AI10: 764
J11: 201702 | K11: 40110 | L11: 682700 | M11: 642590 | N11: 181842 | O11: 48605 | P11: 2405098 | Q11: 102048 | R11: 167850 | S11: 1203664 | T11: 4500487 | U11: 1264134 | V11: 1953471 | W11: 1136121 | X11: 1078088 | Y11: 409774 | Z11: 2001466 | AA11: 2410297 | AB11: 1420878 | AC11: 2999284 | AD11: 3639992 | AE11: 581481 | AF11: 521317 | AG11: 106551 | AH11: 23593 | AI11: 771
J12: 201703 | K12: 39314 | L12: 682127 | M12: 642813 | N12: 181881 | O12: 48981 | P12: 2406415 | Q12: 102098 | R12: 168675 | S12: 1208222 | T12: 4498066 | U12: 1272009 | V12: 1963472 | W12: 1137367 | X12: 1076194 | Y12: 409947 | Z12: 2006335 | AA12: 2414681 | AB12: 1421731 | AC12: 3001756 | AD12: 3644924 | AE12: 579740 | AF12: 522287 | AG12: 106981 | AH12: 28578 | AI12: 791
J13: 201704 | K13: 34249 | L13: 678453 | M13: 644204 | N13: 182308 | O13: 48489 | P13: 2409801 | Q13: 102357 | R13: 168049 | S13: 1208464 | T13: 4508802 | U13: 1273040 | V13: 1964245 | W13: 1139663 | X13: 1077647 | Y13: 410102 | Z13: 2011093 | AA13: 2424508 | AB13: 1420878 | AC13: 2994724 | AD13: 3649211 | AE13: 582704 | AF13: 522701 | AG13: 107225 | AH13: 19543 | AI13: 786
J14: 201705 | K14: 40698 | L14: 686841 | M14: 646143 | N14: 182432 | O14: 48559 | P14: 2411552 | Q14: 102425 | R14: 168835 | S14: 1211272 | T14: 4508012 | U14: 1274781 | V14: 1967451 | W14: 1142750 | X14: 1075914 | Y14: 410837 | Z14: 2022660 | AA14: 2430162 | AB14: 1422810 | AC14: 2991815 | AD14: 3657842 | AE14: 585101 | AF14: 523969 | AG14: 107530 | AH14: 37364 | AI14: 786
J15: 201706 | K15: 34350 | L15: 676578 | M15: 642228 | N15: 182209 | O15: 48654 | P15: 2413468 | Q15: 102484 | R15: 168951 | S15: 1213536 | T15: 4502089 | U15: 1276530 | V15: 1972841 | W15: 1143454 | X15: 1074659 | Y15: 410808 | Z15: 2026899 | AA15: 2434505 | AB15: 1429402 | AC15: 3001441 | AD15: 3661784 | AE15: 585043 | AF15: 524425 | AG15: 107878 | AH15: 19518 | AI15: 784
J16: 201707 | K16: 20974 | L16: 676046 | M16: 655072 | N16: 182498 | O16: 48647 | P16: 2414847 | Q16: 102574 | R16: 169004 | S16: 1215226 | T16: 4504327 | U16: 1278218 | V16: 1980896 | W16: 1142286 | X16: 1074498 | Y16: 410787 | Z16: 2029550 | AA16: 2438446 | AB16: 1424419 | AC16: 3004983 | AD16: 3662852 | AE16: 585322 | AF16: 524685 | AG16: 107967 | AH16: 21370 | AI16: 793
J17: 201708 | K17: 35190 | L17: 680466 | M17: 645276 | N17: 182930 | O17: 48817 | P17: 2417904 | Q17: 102998 | R17: 169425 | S17: 1218259 | T17: 4509570 | U17: 1281420 | V17: 1984781 | W17: 1143917 | X17: 1076563 | Y17: 411979 | Z17: 2033687 | AA17: 2445199 | AB17: 1413601 | AC17: 3008414 | AD17: 3668033 | AE17: 586089 | AF17: 525439 | AG17: 108198 | AH17: 34790 | AI17: 800
J18: 201709 | K18: 37414 | L18: 678714 | M18: 641300 | N18: 182970 | O18: 48923 | P18: 2421343 | Q18: 103528 | R18: 169914 | S18: 1220793 | T18: 4512615 | U18: 1286153 | V18: 1988552 | W18: 1146056 | X18: 1081744 | Y18: 413018 | Z18: 2038523 | AA18: 2450455 | AB18: 1413507 | AC18: 3001002 | AD18: 3673305 | AE18: 587271 | AF18: 526433 | AG18: 108531 | AH18: 20258 | AI18: 812
J19: 201710 | K19: 31924 | L19: 680017 | M19: 648093 | N19: 183338 | O19: 48976 | P19: 2424837 | Q19: 103959 | R19: 170439 | S19: 1222673 | T19: 4511596 | U19: 1288383 | V19: 1991960 | W19: 1147963 | X19: 1081811 | Y19: 413609 | Z19: 2042651 | AA19: 2458598 | AB19: 1413881 | AC19: 3000592 | AD19: 3677764 | AE19: 588326 | AF19: 526566 | AG19: 108640 | AH19: 21234 | AI19: 819
J20: 201711 | K20: 33099 | L20: 675360 | M20: 642261 | N20: 183781 | O20: 49001 | P20: 2427824 | Q20: 104013 | R20: 170914 | S20: 1223903 | T20: 4509898 | U20: 1292404 | V20: 1996167 | W20: 1149411 | X20: 1081602 | Y20: 414507 | Z20: 2045855 | AA20: 2465483 | AB20: 1413398 | AC20: 3002619 | AD20: 3683250 | AE20: 589296 | AF20: 527352 | AG20: 108983 | AH20: 29026 | AI20: 820
J21: 201712 | K21: 26838 | L21: 667559 | M21: 640721 | N21: 184043 | O21: 48975 | P21: 2436958 | Q21: 104305 | R21: 171350 | S21: 1222469 | T21: 4506721 | U21: 1295585 | V21: 2000983 | W21: 1150632 | X21: 1080955 | Y21: 414932 | Z21: 2049232 | AA21: 2469895 | AB21: 1411963 | AC21: 3003171 | AD21: 3687520 | AE21: 590099 | AF21: 527557 | AG21: 109153 | AH21: 23171 | AI21: 817
... J109: 202504 | K109: -54996 | L109: 555093 | M109: 610089 | N109: 192645 | O109: 48524 | P109: 2319413 | Q109: 115630 | R109: 207273 | S109: 1321781 | T109: 4301538 | U109: 1395415 | V109: 2098205 | W109: 1260346 | X109: 1123547 | Y109: 467793 | Z109: 2430263 | AA109: 2443748 | AB109: 1547906 | AC109: 3249498 | AD109: 4466691 | AE109: 638575 | AF109: 547569 | AG109: 107592 | AH109: 23769 | AI109: 736
J110: 202505 | N110: 190967 | O110: 48212 | P110: 2310333 | Q110: 115408 | R110: 207164 | S110: 1309976 | T110: 4268365 | U110: 1390701 | V110: 2083595 | W110: 1250984 | X110: 1123860 | Y110: 464585 | Z110: 2413168 | AA110: 2453488 | AB110: 1548832 | AC110: 3252616 | AD110: 4449172 | AE110: 643447 | AF110: 542140 | AG110: 107800 | AH110: 24615

Sheet HAVERA
A5: 2017 !Y | B5: UKAEASA@UK | C5: UKAEASN@UK | D5: UKAEASM@UK | E5: UKAEASVU@UK | F5: UKAEASWS@UK | G5: UKAEASK@UK | H5: UKAEAS2T@UK | I5: UKAEASS@UK | J5: UKAEASO@UK | K5: UKAEASCN@UK | L5: UKAEASFI@UK | M5: UKAEAS68@UK | N5: UKAEASPS@UK | O5: UKAEASAS@UK | P5: UKAEAS84@UK | Q5: UKAEASE@UK | R5: UKAEASH@UK | S5: UKAEASCS@UK | T5: UKAEASOS@UK
A6: .DESC | B6: UK: Median Annual Earnings: Agriculture, Forestry and Fishing (GBP) | C6: UK: Median Annual Earnings: Mining and Quarrying (GBP) | D6: UK: Median Annual Earnings: Manufacturing (GBP) | E6: UK: Median Annual Earnings: Electricity, Gas, Steam & Air-Con Supply (GBP) | F6: UK: Median Annual Earnings: Water Supply, Swerage, Waste & Remediation (GBP) | G6: UK: Median Annual Earnings: Construction (GBP) | H6: UK: Median Annual Earnings: Trade, Repair of Motor Veh & Motorcycles (GBP) | I6: UK: Median Annual Earnings: Transportation and Storage (GBP) | J6: UK: Median Annual Earnings: Accommodation and Food Services (GBP) | K6: UK: Median Annual Earnings: Information and Communication (GBP) | L6: UK: Median Annual Earnings: Financial and Insurance Activities (GBP) | M6: UK: Median Annual Earnings: Real Estate Activities (GBP) | N6: UK: Median Annual Earnings: Professional, Scientific & Tech Activities (GBP) | O6: UK: Median Annual Earnings: Administrative & Support Service Activities (GBP) | P6: UK: Median Annual Earnings: Pub Admin, Defence, Compulsory & Soc Security (GBP) | Q6: UK: Median Annual Earnings: Education (GBP) | R6: UK: Median Annual Earnings: Human Health and Social Work Activities (GBP) | S6: UK: Median Annual Earnings: Arts, Entertainment and Recreation (GBP) | T6: UK: Median Annual Earnings: Other Services and Activities (GBP) | U6: UK: Median Annual Earnings: Other Services and Activities (GBP)
A7: .T1 | B7: 2008 | C7: 2008 | D7: 2008 | E7: 2008 | F7: 2008 | G7: 2008 | H7: 2008 | I7: 2008 | J7: 2008 | K7: 2008 | L7: 2008 | M7: 2008 | N7: 2008 | O7: 2008 | P7: 2008 | Q7: 2008 | R7: 2008 | S7: 2008 | T7: 2008 | U7: 2008
A8: .TN | B8: 2024 | C8: 2024 | D8: 2024 | E8: 2024 | F8: 2024 | G8: 2024 | H8: 2024 | I8: 2024 | J8: 2024 | K8: 2024 | L8: 2024 | M8: 2024 | N8: 2024 | O8: 2024 | P8: 2024 | Q8: 2024 | R8: 2024 | S8: 2024 | T8: 2024 | U8: 2024
A9: .DTLM | B9: Nov-06-2024 09:17 | C9: Nov-06-2024 09:17 | D9: Nov-06-2024 09:17 | E9: Nov-06-2024 09:17 | F9: Nov-06-2024 09:17 | G9: Nov-06-2024 09:17 | H9: Nov-06-2024 09:17 | I9: Nov-06-2024 09:17 | J9: Nov-06-2024 09:17 | K9: Nov-06-2024 09:17 | L9: Nov-06-2024 09:17 | M9: Nov-06-2024 09:17 | N9: Nov-06-2024 09:17 | O9: Nov-06-2024 09:17 | P9: Nov-06-2024 09:17 | Q9: Nov-06-2024 09:17 | R9: Nov-06-2024 09:17 | S9: Nov-06-2024 09:17 | T9: Nov-06-2024 09:17 | U9: Nov-06-2024 09:17
A10: 2017 | B10: 23093 | C10: 39597 | D10: 29185 | E10: 39941 | F10: 29885 | G10: 31200 | H10: 23794 | I10: 29234 | J10: 19034 | K10: 39048 | L10: 40612 | M10: 27445 | N10: 35356 | O10: 24610 | P10: 32366 | Q10: 30691 | R10: 25412 | S10: 23619 | T10: 25201
A11: 2018 | B11: 23978 | C11: 40188 | D11: 30081 | E11: 40490 | F11: 31051 | G11: 32610 | H11: 24591 | I11: 29028 | J11: 19757 | K11: 40484 | L11: 41799 | M11: 28483 | N11: 36464 | O11: 25569 | P11: 33666 | Q11: 31308 | R11: 26372 | S11: 24550 | T11: 25823
A12: 2019 | B12: 25000 | C12: 39635 | D12: 30632 | E12: 41611 | F12: 33229 | G12: 33767 | H12: 25382 | I12: 31269 | J12: 21003 | K12: 40845 | L12: 42995 | M12: 29121 | N12: 36763 | O12: 26704 | P12: 33338 | Q12: 31986 | R12: 26847 | S12: 25211 | T12: 26673
A13: 2020 | B13: 26006 | C13: 42403 | D13: 31860 | E13: 42443 | F13: 33685 | G13: 35176 | H13: 26041 | I13: 32408 | J13: 22647 | K13: 42228 | L13: 43236 | M13: 30354 | N13: 37793 | O13: 27922 | P13: 33458 | Q13: 32846 | R13: 27489 | S13: 27443 | T13: 27052
A14: 2021 | B14: 26363 | C14: 37567 | D14: 31676 | E14: 43430 | F14: 32069 | G14: 34892 | H14: 26244 | I14: 31902 | J14: 20015 | K14: 41552 | L14: 43508 | M14: 30171 | N14: 37246 | O14: 27068 | P14: 33447 | Q14: 33910 | R14: 28181 | S14: 25548 | T14: 27723
A15: 2022 | B15: 27321 | C15: 43007 | D15: 32553 | E15: 49673 | F15: 34317 | G15: 36300 | H15: 27911 | I15: 34128 | J15: 23104 | K15: 42326 | L15: 45032 | M15: 30188 | N15: 39267 | O15: 29181 | P15: 35976 | Q15: 34766 | R15: 30101 | S15: 28337 | T15: 28407
A16: 2023 | B16: 29355 | C16: 46978 | D16: 34950 | E16: 50528 | F16: 36531 | G16: 38005 | H16: 29963 | I16: 34899 | J16: 25522 | K16: 44733 | L16: 48197 | M16: 32675 | N16: 41453 | O16: 30999 | P16: 36804 | Q16: 36362 | R16: 32194 | S16: 30000 | T16: 29692
A17: 2024 | B17: 31795 | C17: 47599 | D17: 37071 | E17: 53161 | F17: 39447 | G17: 41319 | H17: 32126 | I17: 38101 | J17: 27414 | K17: 48320 | L17: 52247 | M17: 34623 | N17: 44212 | O17: 33250 | P17: 39219 | Q17: 38240 | R17: 34273 | S17: 31875 | T17: 32000
