Workbook
Name _DLX1.INC: HAVER!$A$1:$D$6

Sheet Chart Data
A1: CPI inflation
B2: Current published data | C2: Using groceries scanner data
A3: 43831 | B3: =HAVER!B7 -> 1.8 | C3: =ONS!C8 -> 1.6 | D3: =C3-B3 -> -0.2
A4: 43862 | B4: =HAVER!B8 -> 1.7 | C4: =ONS!C9 -> 1.5 | D4: =C4-B4 -> -0.2
A5: 43891 | B5: =HAVER!B9 -> 1.5 | C5: =ONS!C10 -> 1.4 | D5: =C5-B5 -> -0.1
A6: 43922 | B6: =HAVER!B10 -> 0.8 | C6: =ONS!C11 -> 0.9 | D6: =C6-B6 -> 0.1
A7: 43952 | B7: =HAVER!B11 -> 0.5 | C7: =ONS!C12 -> 0.4 | D7: =C7-B7 -> -0.1
A8: 43983 | B8: =HAVER!B12 -> 0.6 | C8: =ONS!C13 -> 0.6 | D8: =C8-B8 -> 0
A9: 44013 | B9: =HAVER!B13 -> 1 | C9: =ONS!C14 -> 0.9 | D9: =C9-B9 -> -0.1
A10: 44044 | B10: =HAVER!B14 -> 0.2 | C10: =ONS!C15 -> -0.1 | D10: =C10-B10 -> -0.3
A11: 44075 | B11: =HAVER!B15 -> 0.5 | C11: =ONS!C16 -> 0.3 | D11: =C11-B11 -> -0.2
A12: 44105 | B12: =HAVER!B16 -> 0.7 | C12: =ONS!C17 -> 0.4 | D12: =C12-B12 -> -0.3
A13: 44136 | B13: =HAVER!B17 -> 0.3 | C13: =ONS!C18 -> 0 | D13: =C13-B13 -> -0.3
A14: 44166 | B14: =HAVER!B18 -> 0.6 | C14: =ONS!C19 -> 0.3 | D14: =C14-B14 -> -0.3
... A56: 45444 | B56: =HAVER!B60 -> 2 | C56: =ONS!C61 -> 1.8 | D56: =C56-B56 -> -0.2
A57: 45474 | B57: =HAVER!B61 -> 2.2
A58: 45505 | B58: =HAVER!B62 -> 2.2
A59: 45536 | B59: =HAVER!B63 -> 1.7
A60: 45566 | B60: =HAVER!B64 -> 2.3
A61: 45597 | B61: =HAVER!B65 -> 2.6
A62: 45627 | B62: =HAVER!B66 -> 2.5
A63: 45658 | B63: =HAVER!B67 -> 3
A64: 45689 | B64: =HAVER!B68 -> 2.8
A65: 45717 | B65: =HAVER!B69 -> 2.6
A67: Av | D67: =AVERAGE(D3:D56) -> -0.30555556

Sheet ONS
A1: Figure 1: The annual rate of change of the Consumer Prices Index was 0.04 percentage points lower on average when groceries scanner data were included
A2: Indicative impact of implementing groceries scanner data on Consumer Prices Index (CPI) 12-month rate (including 2025 methods improvements), UK, January 2020 to June 2024
A4: Notes
A5: Unit | B5: %
A7: period | B7: CPI (2025 improvements) | C7: CPI (introducing groceries scanner data) | D7: Impact of introducing groceries scanner data
A8: Jan 2020 | B8: 1.6 | C8: 1.6 | D8: 0
A9: Feb 2020 | B9: 1.6 | C9: 1.5 | D9: -0.1
A10: Mar 2020 | B10: 1.4 | C10: 1.4 | D10: 0
A11: Apr 2020 | B11: 0.8 | C11: 0.9 | D11: 0.1
A12: May 2020 | B12: 0.4 | C12: 0.4 | D12: 0
A13: Jun 2020 | B13: 0.6 | C13: 0.6 | D13: 0
A14: Jul 2020 | B14: 0.9 | C14: 0.9 | D14: 0
A15: Aug 2020 | B15: -0.1 | C15: -0.1 | D15: 0
A16: Sep 2020 | B16: 0.2 | C16: 0.3 | D16: 0.1
A17: Oct 2020 | B17: 0.4 | C17: 0.4 | D17: 0
A18: Nov 2020 | B18: -0.1 | C18: 0 | D18: 0.1
A19: Dec 2020 | B19: 0.2 | C19: 0.3 | D19: 0.1
A20: Jan 2021 | B20: 0.3 | C20: 0.4 | D20: 0.1
... A61: Jun 2024 | B61: 1.9 | C61: 1.8 | D61: -0.1

Sheet HAVER
A1: 202001 !M | B1: D7G7@UK
A2: .DESC | B2: UK: Consumer Price Index (Yr/Yr % Change)
A3: .T1 | B3: Jan-1989
A4: .TN | B4: Mar-2025
A5: .LSOURCE | B5: Office for National Statistics
A6: .DTLM | B6: Apr-16-2025 07:02
A7: 202001 | B7: 1.8
A8: 202002 | B8: 1.7
A9: 202003 | B9: 1.5
A10: 202004 | B10: 0.8
A11: 202005 | B11: 0.5
A12: 202006 | B12: 0.6
A13: 202007 | B13: 1
A14: 202008 | B14: 0.2
A15: 202009 | B15: 0.5
A16: 202010 | B16: 0.7
A17: 202011 | B17: 0.3
A18: 202012 | B18: 0.6
... A69: 202503 | B69: 2.6
