Workbook
Name _DLX1.INC: HAVER!$A$1:$B$6

Sheet Chart Data
B1: Current data | C1: Data under new methodology | D1: Difference | G1: Date | I1: Monthly number of total sterling approvals for house purchase to individuals not seasonally adjusted LPMVTVU | J1: Monthly number of total sterling approvals for house purchase to individuals seasonally adjusted [c] LPMVTVX
A2: 43831 | B2: =100*((HAVER!B127/HAVER!B115)-1) -> 1.7692706 | C2: =data!C8 -> 1.6 | D2: =C2-B2 -> -0.16927056 | I2: Non seasonally adjusted | J2: Seasonally adjusted
A3: 43862 | B3: =100*((HAVER!B128/HAVER!B116)-1) -> 1.7095297 | C3: =data!C9 -> 1.6 | D3: =C3-B3 -> -0.10952974 | G3: 31 Jan 16 | H3: 42370 | I3: 49700 | J3: 72479 | K3: =100*((J3/I3)-1) -> 45.832998
A4: 43891 | B4: =100*((HAVER!B129/HAVER!B117)-1) -> 1.5233075 | C4: =data!C10 -> 1.4 | D4: =C4-B4 -> -0.12330754 | G4: 29 Feb 16 | H4: 42401 | I4: 66250 | J4: 71870 | K4: =100*((J4/I4)-1) -> 8.4830189
A5: 43922 | B5: =100*((HAVER!B130/HAVER!B118)-1) -> 0.76742263 | C5: =data!C11 -> 0.9 | D5: =C5-B5 -> 0.13257737 | G5: 31 Mar 16 | H5: 42430 | I5: 77609 | J5: 70738 | K5: =100*((J5/I5)-1) -> -8.8533546
A6: 43952 | B6: =100*((HAVER!B131/HAVER!B119)-1) -> 0.47986067 | C6: =data!C12 -> 0.5 | D6: =C6-B6 -> 0.020139326 | G6: 30 Apr 16 | H6: 42461 | I6: 72660 | J6: 68694 | K6: =100*((J6/I6)-1) -> -5.4582989
A7: 43983 | B7: =100*((HAVER!B132/HAVER!B120)-1) -> 0.60315196 | C7: =data!C13 -> 0.5 | D7: =C7-B7 -> -0.10315196 | G7: 31 May 16 | H7: 42491 | I7: 74217 | J7: 67879 | K7: =100*((J7/I7)-1) -> -8.5398224
A8: 44013 | B8: =100*((HAVER!B133/HAVER!B121)-1) -> 1.0403061 | C8: =data!C14 -> 1 | D8: =C8-B8 -> -0.04030607 | G8: 30 Jun 16 | H8: 42522 | I8: 78557 | J8: 65596 | K8: =100*((J8/I8)-1) -> -16.498848
A9: 44044 | B9: =100*((HAVER!B134/HAVER!B122)-1) -> 0.21960784 | C9: =data!C15 -> -0.1 | D9: =C9-B9 -> -0.31960784 | G9: 31 Jul 16 | H9: 42552 | I9: 67727 | J9: 62635 | K9: =100*((J9/I9)-1) -> -7.5184195
A10: 44075 | B10: =100*((HAVER!B135/HAVER!B123)-1) -> 0.53190018 | C10: =data!C16 -> 0.2 | D10: =C10-B10 -> -0.33190018 | G10: 31 Aug 16 | H10: 42583 | I10: 64389 | J10: 61444 | K10: =100*((J10/I10)-1) -> -4.5737626
A11: 44105 | B11: =100*((HAVER!B136/HAVER!B124)-1) -> 0.69715046 | C11: =data!C17 -> 0.3 | D11: =C11-B11 -> -0.39715046 | G11: 30 Sep 16 | H11: 42614 | I11: 66905 | J11: 64230 | K11: =100*((J11/I11)-1) -> -3.9982064
A12: 44136 | B12: =100*((HAVER!B137/HAVER!B125)-1) -> 0.31506509 | C12: =data!C18 -> -0.1 | D12: =C12-B12 -> -0.41506509 | G12: 31 Oct 16 | H12: 42644 | I12: 68175 | J12: 67903 | K12: =100*((J12/I12)-1) -> -0.39897323
A13: 44166 | B13: =100*((HAVER!B138/HAVER!B126)-1) -> 0.58876645 | C13: =data!C19 -> 0.3 | D13: =C13-B13 -> -0.28876645 | G13: 30 Nov 16 | H13: 42675 | I13: 71336 | J13: 68382 | K13: =100*((J13/I13)-1) -> -4.1409667
A14: 44197 | B14: =100*((HAVER!B139/HAVER!B127)-1) -> 0.70058043 | C14: =data!C20 -> 0.4 | D14: =C14-B14 -> -0.30058043 | G14: 31 Dec 16 | H14: 42705 | I14: 50460 | J14: 68328 | K14: =100*((J14/I14)-1) -> 35.410226 | L14: =K14 -> 35.410226
A15: 44228 | B15: =100*((HAVER!B140/HAVER!B128)-1) -> 0.41421589 | C15: =data!C21 -> 0.1 | D15: =C15-B15 -> -0.31421589 | G15: 31 Jan 17 | H15: 42736 | I15: 48505 | J15: 67977 | K15: =100*((J15/I15)-1) -> 40.144315
A16: 44256 | B16: =100*((HAVER!B141/HAVER!B129)-1) -> 0.71432517 | C16: =data!C22 -> 0.3 | D16: =C16-B16 -> -0.41432517 | G16: 28 Feb 17 | H16: 42767 | I16: 61064 | J16: 68133 | K16: =100*((J16/I16)-1) -> 11.576379
A17: 44287 | B17: =100*((HAVER!B142/HAVER!B130)-1) -> 1.5259222 | C17: =data!C23 -> 0.8 | D17: =C17-B17 -> -0.72592224 | G17: 31 Mar 17 | H17: 42795 | I17: 80339 | J17: 68052 | K17: =100*((J17/I17)-1) -> -15.293942
A18: 44317 | B18: =100*((HAVER!B143/HAVER!B131)-1) -> 2.1149485 | C18: =data!C24 -> 1.5 | D18: =C18-B18 -> -0.61494846 | G18: 30 Apr 17 | H18: 42826 | I18: 63293 | J18: 67131 | K18: =100*((J18/I18)-1) -> 6.0638617
A19: 44348 | B19: =100*((HAVER!B144/HAVER!B132)-1) -> 2.5141826 | C19: =data!C25 -> 1.9 | D19: =C19-B19 -> -0.61418257 | G19: 31 May 17 | H19: 42856 | I19: 75135 | J19: 66046 | K19: =100*((J19/I19)-1) -> -12.096892
A20: 44378 | B20: =100*((HAVER!B145/HAVER!B133)-1) -> 2.0399369 | C20: =data!C26 -> 1.4 | D20: =C20-B20 -> -0.63993692 | G20: 30 Jun 17 | H20: 42887 | I20: 78891 | J20: 65374 | K20: =100*((J20/I20)-1) -> -17.133767
A21: 44409 | B21: =100*((HAVER!B146/HAVER!B134)-1) -> 3.1966707 | C21: =data!C27 -> 2.8 | D21: =C21-B21 -> -0.39667075 | G21: 31 Jul 17 | H21: 42917 | I21: 73221 | J21: 68551 | K21: =100*((J21/I21)-1) -> -6.3779517
A22: 44440 | B22: =100*((HAVER!B147/HAVER!B135)-1) -> 3.080069 | C22: =data!C28 -> 2.7 | D22: =C22-B22 -> -0.38006896 | G22: 31 Aug 17 | H22: 42948 | I22: 70491 | J22: 66897 | K22: =100*((J22/I22)-1) -> -5.0985232
A23: 44470 | B23: =100*((HAVER!B148/HAVER!B136)-1) -> 4.2062117 | C23: =data!C29 -> 3.8 | D23: =C23-B23 -> -0.40621166 | G23: 30 Sep 17 | H23: 42979 | I23: 66228 | J23: 66313 | K23: =100*((J23/I23)-1) -> 0.12834451
A24: 44501 | B24: =100*((HAVER!B149/HAVER!B137)-1) -> 5.1299005 | C24: =data!C30 -> 4.8 | D24: =C24-B24 -> -0.32990054 | G24: 31 Oct 17 | H24: 43009 | I24: 67946 | J24: 65175 | K24: =100*((J24/I24)-1) -> -4.0782386
A25: 44531 | B25: =100*((HAVER!B150/HAVER!B138)-1) -> 5.3860457 | C25: =data!C31 -> 4.8 | D25: =C25-B25 -> -0.58604574 | G25: 30 Nov 17 | H25: 43040 | I25: 67872 | J25: 65671 | K25: =100*((J25/I25)-1) -> -3.2428689
A26: 44562 | B26: =100*((HAVER!B151/HAVER!B139)-1) -> 5.4555133 | C26: =data!C32 -> 5 | D26: =C26-B26 -> -0.45551334 | G26: 31 Dec 17 | H26: 43070 | I26: 43818 | J26: 62277 | K26: =100*((J26/I26)-1) -> 42.126523 | L26: =K26 -> 42.126523
A27: 44593 | B27: =100*((HAVER!B152/HAVER!B140)-1) -> 6.1766081 | C27: =data!C33 -> 5.6 | D27: =C27-B27 -> -0.57660809 | G27: 31 Jan 18 | H27: 43101 | I27: 49411 | J27: 65827 | K27: =100*((J27/I27)-1) -> 33.223371
A28: 44621 | B28: =100*((HAVER!B153/HAVER!B141)-1) -> 7.023124 | C28: =data!C34 -> 6.6 | D28: =C28-B28 -> -0.42312403 | G28: 28 Feb 18 | H28: 43132 | I28: 57019 | J28: 63000 | K28: =100*((J28/I28)-1) -> 10.489486
A29: 44652 | B29: =100*((HAVER!B154/HAVER!B142)-1) -> 9.0106617 | C29: =data!C35 -> 8.5 | D29: =C29-B29 -> -0.51066168 | G29: 31 Mar 18 | H29: 43160 | I29: 67004 | J29: 63111 | K29: =100*((J29/I29)-1) -> -5.8101009
A30: 44682 | B30: =100*((HAVER!B155/HAVER!B143)-1) -> 9.0827013 | C30: =data!C36 -> 8.7 | D30: =C30-B30 -> -0.38270134 | G30: 30 Apr 18 | H30: 43191 | I30: 66254 | J30: 63329 | K30: =100*((J30/I30)-1) -> -4.4148278
A31: 44713 | B31: =100*((HAVER!B156/HAVER!B144)-1) -> 9.4121135 | C31: =data!C37 -> 9.1 | D31: =C31-B31 -> -0.31211348 | G31: 31 May 18 | H31: 43221 | I31: 74586 | J31: 65112 | K31: =100*((J31/I31)-1) -> -12.702116
A32: 44743 | B32: =100*((HAVER!B157/HAVER!B145)-1) -> 10.100901 | C32: =data!C38 -> 9.8 | D32: =C32-B32 -> -0.30090119 | G32: 30 Jun 18 | H32: 43252 | I32: 76455 | J32: 65910 | K32: =100*((J32/I32)-1) -> -13.792427
A33: 44774 | B33: =100*((HAVER!B158/HAVER!B146)-1) -> 9.8701878 | C33: =data!C39 -> 9.6 | D33: =C33-B33 -> -0.2701878 | G33: 31 Jul 18 | H33: 43282 | I33: 72160 | J33: 64761 | K33: =100*((J33/I33)-1) -> -10.253603
A34: 44805 | B34: =100*((HAVER!B159/HAVER!B147)-1) -> 10.095628 | C34: =data!C40 -> 9.8 | D34: =C34-B34 -> -0.29562781 | G34: 31 Aug 18 | H34: 43313 | I34: 70507 | J34: 66809 | K34: =100*((J34/I34)-1) -> -5.2448693
A35: 44835 | B35: =100*((HAVER!B160/HAVER!B148)-1) -> 11.051566 | C35: =data!C41 -> 10.7 | D35: =C35-B35 -> -0.35156635 | G35: 30 Sep 18 | H35: 43344 | I35: 62852 | J35: 66005 | K35: =100*((J35/I35)-1) -> 5.0165468
A36: 44866 | B36: =100*((HAVER!B161/HAVER!B149)-1) -> 10.672013 | C36: =data!C42 -> 10.4 | D36: =C36-B36 -> -0.27201272 | G36: 31 Oct 18 | H36: 43374 | I36: 73674 | J36: 68210 | K36: =100*((J36/I36)-1) -> -7.4164563
A37: 44896 | B37: =100*((HAVER!B162/HAVER!B150)-1) -> 10.528374 | C37: =data!C43 -> 10.3 | D37: =C37-B37 -> -0.22837437 | G37: 30 Nov 18 | H37: 43405 | I37: 66947 | J37: 64924 | K37: =100*((J37/I37)-1) -> -3.0217934
A38: 44927 | B38: =100*((HAVER!B163/HAVER!B151)-1) -> 10.051524 | C38: =data!C44 -> 9.9 | D38: =C38-B38 -> -0.15152396 | G38: 31 Dec 18 | H38: 43435 | I38: 44510 | J38: 64365 | K38: =100*((J38/I38)-1) -> 44.607953 | L38: =K38 -> 44.607953
A39: 44958 | B39: =100*((HAVER!B164/HAVER!B152)-1) -> 10.416397 | C39: =data!C45 -> 10.3 | D39: =C39-B39 -> -0.11639687 | G39: 31 Jan 19 | H39: 43466 | I39: 49669 | J39: 65055 | K39: =100*((J39/I39)-1) -> 30.977068
A40: 44986 | B40: =100*((HAVER!B165/HAVER!B153)-1) -> 10.056877 | C40: =data!C46 -> 9.9 | D40: =C40-B40 -> -0.15687738 | G40: 28 Feb 19 | H40: 43497 | I40: 58628 | J40: 64164 | K40: =100*((J40/I40)-1) -> 9.4425872
A41: 45017 | B41: =100*((HAVER!B166/HAVER!B154)-1) -> 8.6582359 | C41: =data!C47 -> 8.4 | D41: =C41-B41 -> -0.25823586 | G41: 31 Mar 19 | H41: 43525 | I41: 67911 | J41: 62219 | K41: =100*((J41/I41)-1) -> -8.3815582
A42: 45047 | B42: =100*((HAVER!B167/HAVER!B155)-1) -> 8.680682 | C42: =data!C48 -> 8.5 | D42: =C42-B42 -> -0.18068201 | G42: 30 Apr 19 | H42: 43556 | I42: 67368 | J42: 65927 | K42: =100*((J42/I42)-1) -> -2.1389977
A43: 45078 | B43: =100*((HAVER!B168/HAVER!B156)-1) -> 7.9496843 | C43: =data!C49 -> 7.7 | D43: =C43-B43 -> -0.2496843 | G43: 31 May 19 | H43: 43586 | I43: 75377 | J43: 65581 | K43: =100*((J43/I43)-1) -> -12.996007
A44: 45108 | B44: =100*((HAVER!B169/HAVER!B157)-1) -> 6.8272142 | C44: =data!C50 -> 6.6 | D44: =C44-B44 -> -0.22721419 | G44: 30 Jun 19 | H44: 43617 | I44: 73651 | J44: 66593 | K44: =100*((J44/I44)-1) -> -9.5830335
A45: 45139 | B45: =100*((HAVER!B170/HAVER!B158)-1) -> 6.6570306 | C45: =data!C51 -> 6.4 | D45: =C45-B45 -> -0.25703056 | G45: 31 Jul 19 | H45: 43647 | I45: 78065 | J45: 67265 | K45: =100*((J45/I45)-1) -> -13.834625
A46: 45170 | B46: =100*((HAVER!B171/HAVER!B159)-1) -> 6.6521767 | C46: =data!C52 -> 6.4 | D46: =C46-B46 -> -0.25217672 | G46: 31 Aug 19 | H46: 43678 | I46: 67088 | J46: 66033 | K46: =100*((J46/I46)-1) -> -1.5725614
A47: 45200 | B47: =100*((HAVER!B172/HAVER!B160)-1) -> 4.599878 | C47: =data!C53 -> 4.4 | D47: =C47-B47 -> -0.19987797 | G47: 30 Sep 19 | H47: 43709 | I47: 65176 | J47: 66247 | K47: =100*((J47/I47)-1) -> 1.6432429
A48: 45231 | B48: =100*((HAVER!B173/HAVER!B161)-1) -> 3.9409917 | C48: =data!C54 -> 3.7 | D48: =C48-B48 -> -0.24099168 | G48: 31 Oct 19 | H48: 43739 | I48: 71721 | J48: 66260 | K48: =100*((J48/I48)-1) -> -7.6142274
A49: 45261 | B49: =100*((HAVER!B174/HAVER!B162)-1) -> 3.9932685 | C49: =data!C55 -> 3.7 | D49: =C49-B49 -> -0.29326854 | G49: 30 Nov 19 | H49: 43770 | I49: 65490 | J49: 66608 | K49: =100*((J49/I49)-1) -> 1.7071309
A50: 45292 | B50: =100*((HAVER!B175/HAVER!B163)-1) -> 3.9811146 | C50: =data!C56 -> 3.7 | D50: =C50-B50 -> -0.28111462 | G50: 31 Dec 19 | H50: 43800 | I50: 48501 | J50: 67467 | K50: =100*((J50/I50)-1) -> 39.104348 | L50: =K50 -> 39.104348
A51: 45323 | B51: =100*((HAVER!B176/HAVER!B164)-1) -> 3.4114722 | C51: =data!C57 -> 3.1 | D51: =C51-B51 -> -0.31147218 | G51: 31 Jan 20 | H51: 43831 | I51: 53586 | J51: 69420 | K51: =100*((J51/I51)-1) -> 29.548763
A52: 45352 | B52: =100*((HAVER!B177/HAVER!B165)-1) -> 3.2280593 | C52: =data!C58 -> 2.9 | D52: =C52-B52 -> -0.32805928 | G52: 29 Feb 20 | H52: 43862 | I52: 66511 | J52: 71636 | K52: =100*((J52/I52)-1) -> 7.7054923
A53: 45383 | B53: =100*((HAVER!B178/HAVER!B166)-1) -> 2.3330701 | C53: =data!C59 -> 2.1 | D53: =C53-B53 -> -0.2330701 | G53: 31 Mar 20 | H53: 43891 | I53: 63148 | J53: 56248 | K53: =100*((J53/I53)-1) -> -10.926712
A54: 45413 | B54: =100*((HAVER!B179/HAVER!B167)-1) -> 1.9899778 | C54: =data!C60 -> 1.8 | D54: =C54-B54 -> -0.18997776 | G54: 30 Apr 20 | H54: 43922 | I54: 16418 | J54: 15959 | K54: =100*((J54/I54)-1) -> -2.795712
A55: 45444 | B55: =100*((HAVER!B180/HAVER!B168)-1) -> 1.9753105 | C55: =data!C61 -> 1.8 | D55: =C55-B55 -> -0.17531052 | G55: 31 May 20 | H55: 43952 | I55: 9922 | J55: 9374 | K55: =100*((J55/I55)-1) -> -5.52308
A56: 45474 | B56: =100*((HAVER!B181/HAVER!B169)-1) -> 2.2344448 | C56: =data!C62 -> 2.1 | D56: =C56-B56 -> -0.13444483 | G56: 30 Jun 20 | H56: 43983 | I56: 47957 | J56: 40298 | K56: =100*((J56/I56)-1) -> -15.970557
A57: 45505 | B57: =100*((HAVER!B182/HAVER!B170)-1) -> 2.2162837 | C57: =data!C63 -> 2.1 | D57: =C57-B57 -> -0.11628371 | G57: 31 Jul 20 | H57: 44013 | I57: 78374 | J57: 66615 | K57: =100*((J57/I57)-1) -> -15.0037
A58: 45536 | B58: =100*((HAVER!B183/HAVER!B171)-1) -> 1.6803412 | C58: =data!C64 -> 1.5 | D58: =C58-B58 -> -0.18034122 | G58: 31 Aug 20 | H58: 44044 | I58: 82115 | J58: 85240 | K58: =100*((J58/I58)-1) -> 3.8056384
A59: 45566 | B59: =100*((HAVER!B184/HAVER!B172)-1) -> 2.2809915 | C59: =data!C65 -> 2.1 | D59: =C59-B59 -> -0.18099149 | G59: 30 Sep 20 | H59: 44075 | I59: 96007 | J59: 92610 | K59: =100*((J59/I59)-1) -> -3.5382837
A60: 45597 | B60: =100*((HAVER!B185/HAVER!B173)-1) -> 2.6221267 | C60: =data!C66 -> 2.5 | D60: =C60-B60 -> -0.12212671 | G60: 31 Oct 20 | H60: 44105 | I60: 104598 | J60: 100662 | K60: =100*((J60/I60)-1) -> -3.7629783
A61: 45627 | B61: =100*((HAVER!B186/HAVER!B174)-1) -> 2.5029869 | C61: =data!C67 -> 2.5 | D61: =C61-B61 -> -0.0029869482 | E61: =AVERAGE(D2:D61) -> -0.284798 | G61: 30 Nov 20 | H61: 44136 | I61: 103525 | J61: 107760 | K61: =100*((J61/I61)-1) -> 4.0907993
A62: 45658 | B62: =100*((HAVER!B187/HAVER!B175)-1) -> 2.9829405 | C62: =data!C68 -> 2.9 | D62: =C62-B62 -> -0.082940501 | G62: 31 Dec 20 | H62: 44166 | I62: 77683 | J62: 103105 | K62: =100*((J62/I62)-1) -> 32.725307 | L62: =K62 -> 32.725307
A63: 45689 | B63: =100*((HAVER!B188/HAVER!B176)-1) -> 2.8361877 | C63: =data!C69 -> 2.7 | D63: =C63-B63 -> -0.13618767 | G63: 31 Jan 21 | H63: 44197 | I63: 69472 | J63: 96978 | K63: =100*((J63/I63)-1) -> 39.59293
A64: 45717 | B64: =100*((HAVER!B189/HAVER!B177)-1) -> 2.5941517 | C64: =data!C70 -> 2.5 | D64: =C64-B64 -> -0.094151695 | G64: 28 Feb 21 | H64: 44228 | I64: 78495 | J64: 84552 | K64: =100*((J64/I64)-1) -> 7.7164151
A65: 45748 | B65: =100*((HAVER!B190/HAVER!B178)-1) -> 3.5273316 | C65: =data!C71 -> 3.4 | D65: =C65-B65 -> -0.12733158 | G65: 31 Mar 21 | H65: 44256 | I65: 95033 | J65: 81126 | K65: =100*((J65/I65)-1) -> -14.633864
A66: 45778 | B66: =100*((HAVER!B191/HAVER!B179)-1) -> 3.3579498 | C66: =data!C72 -> 3.3 | D66: =C66-B66 -> -0.057949836 | G66: 30 Apr 21 | H66: 44287 | I66: 88510 | J66: 85514 | K66: =100*((J66/I66)-1) -> -3.3849283
A67: 45809 | B67: =100*((HAVER!B192/HAVER!B180)-1) -> 3.5764899 | C67: =data!C73 -> 3.5 | D67: =C67-B67 -> -0.076489893 | G67: 31 May 21 | H67: 44317 | I67: 89820 | J67: 86247 | K67: =100*((J67/I67)-1) -> -3.9779559
A68: 45839 | B68: =100*((HAVER!B193/HAVER!B181)-1) -> 3.8294852 | G68: 30 Jun 21 | H68: 44348 | I68: 94570 | J68: 79187 | K68: =100*((J68/I68)-1) -> -16.266258
A69: 45870 | B69: =100*((HAVER!B194/HAVER!B182)-1) -> 3.7882569 | G69: 31 Jul 21 | H69: 44378 | I69: 82136 | J69: 72395 | K69: =100*((J69/I69)-1) -> -11.859599
A70: 45901 | B70: =100*((HAVER!B195/HAVER!B183)-1) -> 3.7827367 | G70: 31 Aug 21 | H70: 44409 | I70: 71417 | J70: 70954 | K70: =100*((J70/I70)-1) -> -0.64830503
A71: 45931 | B71: =100*((HAVER!B196/HAVER!B184)-1) -> 3.5588638 | G71: 30 Sep 21 | H71: 44440 | I71: 73201 | J71: 70518 | K71: =100*((J71/I71)-1) -> -3.6652505
A72: 45962 | B72: =100*((HAVER!B197/HAVER!B185)-1) -> 3.2477431 | G72: 31 Oct 21 | H72: 44470 | I72: 67724 | J72: 68226 | K72: =100*((J72/I72)-1) -> 0.74124387
A73: 45992 | B73: =100*((HAVER!B198/HAVER!B186)-1) -> 3.3736131 | G73: 30 Nov 21 | H73: 44501 | I73: 69175 | J73: 69263 | K73: =100*((J73/I73)-1) -> 0.12721359
G74: 31 Dec 21 | H74: 44531 | I74: 54797 | J74: 72550 | K74: =100*((J74/I74)-1) -> 32.397759 | L74: =K74 -> 32.397759
G75: 31 Jan 22 | H75: 44562 | I75: 52362 | J75: 73823 | K75: =100*((J75/I75)-1) -> 40.985829
G76: 28 Feb 22 | H76: 44593 | I76: 63783 | J76: 68363 | K76: =100*((J76/I76)-1) -> 7.1805967
G77: 31 Mar 22 | H77: 44621 | I77: 81514 | J77: 68954 | K77: =100*((J77/I77)-1) -> -15.408396
G78: 30 Apr 22 | H78: 44652 | I78: 65822 | J78: 66216 | K78: =100*((J78/I78)-1) -> 0.59858406
G79: 31 May 22 | H79: 44682 | I79: 71769 | J79: 66552 | K79: =100*((J79/I79)-1) -> -7.2691552
G80: 30 Jun 22 | H80: 44713 | I80: 74695 | J80: 62856 | K80: =100*((J80/I80)-1) -> -15.849789
G81: 31 Jul 22 | H81: 44743 | I81: 68384 | J81: 62611 | K81: =100*((J81/I81)-1) -> -8.4420332
G82: 31 Aug 22 | H82: 44774 | I82: 75824 | J82: 72022 | K82: =100*((J82/I82)-1) -> -5.0142435
G83: 30 Sep 22 | H83: 44805 | I83: 67781 | J83: 64670 | K83: =100*((J83/I83)-1) -> -4.5897818
G84: 31 Oct 22 | H84: 44835 | I84: 56456 | J84: 57741 | K84: =100*((J84/I84)-1) -> 2.2761088
G85: 30 Nov 22 | H85: 44866 | I85: 46676 | J85: 46528 | K85: =100*((J85/I85)-1) -> -0.31707944
G86: 31 Dec 22 | H86: 44896 | I86: 29954 | J86: 41267 | K86: =100*((J86/I86)-1) -> 37.767911 | L86: =K86 -> 37.767911
G87: 31 Jan 23 | H87: 44927 | I87: 29342 | J87: 39718 | K87: =100*((J87/I87)-1) -> 35.362279
G88: 28 Feb 23 | H88: 44958 | I88: 40272 | J88: 43036 | K88: =100*((J88/I88)-1) -> 6.8633294
G89: 31 Mar 23 | H89: 44986 | I89: 60964 | J89: 51286 | K89: =100*((J89/I89)-1) -> -15.874943
G90: 30 Apr 23 | H90: 45017 | I90: 46495 | J90: 49200 | K90: =100*((J90/I90)-1) -> 5.8178299
G91: 31 May 23 | H91: 45047 | I91: 57240 | J91: 51190 | K91: =100*((J91/I91)-1) -> -10.569532
G92: 30 Jun 23 | H92: 45078 | I92: 64958 | J92: 54463 | K92: =100*((J92/I92)-1) -> -16.156593
G93: 31 Jul 23 | H93: 45108 | I93: 53023 | J93: 49095 | K93: =100*((J93/I93)-1) -> -7.4081059
G94: 31 Aug 23 | H94: 45139 | I94: 48063 | J94: 45101 | K94: =100*((J94/I94)-1) -> -6.1627447
G95: 30 Sep 23 | H95: 45170 | I95: 44293 | J95: 43772 | K95: =100*((J95/I95)-1) -> -1.1762581
G96: 31 Oct 23 | H96: 45200 | I96: 48927 | J96: 47996 | K96: =100*((J96/I96)-1) -> -1.9028348
G97: 30 Nov 23 | H97: 45231 | I97: 50096 | J97: 50014 | K97: =100*((J97/I97)-1) -> -0.16368572
G98: 31 Dec 23 | H98: 45261 | I98: 36231 | J98: 52180 | K98: =100*((J98/I98)-1) -> 44.020314 | L98: =K98 -> 44.020314
G99: 31 Jan 24 | H99: 45292 | I99: 43032 | J99: 55972 | K99: =100*((J99/I99)-1) -> 30.070645
G100: 29 Feb 24 | H100: 45323 | I100: 58929 | J100: 60141 | K100: =100*((J100/I100)-1) -> 2.0567123
...

Sheet data
A1: Figure 2: The CPI annual inflation rate was 0.03 percentage points lower on average when groceries scanner data were included
A2: Indicative impact of implementing groceries scanner data on the Consumer Prices Index (CPI) 12-month rate (including 2025 methods improvements), UK, January 2020 to June 2025
A4: Notes | B4: 1. The data in this chart have been rounded to one decimal place to clearly show which periods the headline annual inflation rate would have been unchanged or different at the one decimal place level commonly used when reporting annual inflation rates.
A5: Unit | B5: Percentage (%), percentage (%) and percentage point (pp)
A7: period | B7: CPI (2025 improvements) | C7: CPI (introducing groceries scanner data) | D7: Impact of introducing groceries scanner data
A8: Jan 2020 | B8: 1.6 | C8: 1.6 | D8: 0.0
A9: Feb 2020 | B9: 1.6 | C9: 1.6 | D9: 0
A10: Mar 2020 | B10: 1.4 | C10: 1.4 | D10: 0
A11: Apr 2020 | B11: 0.8 | C11: 0.9 | D11: 0.1
A12: May 2020 | B12: 0.4 | C12: 0.5 | D12: 0.1
A13: June 2020 | B13: 0.4 | C13: 0.5 | D13: 0.1
A14: July 2020 | B14: 0.9 | C14: 1 | D14: 0.1
A15: Aug 2020 | B15: -0.1 | C15: -0.1 | D15: 0
A16: Sep 2020 | B16: 0.2 | C16: 0.2 | D16: 0
A17: Oct 2020 | B17: 0.4 | C17: 0.3 | D17: -0.1
A18: Nov 2020 | B18: -0.1 | C18: -0.1 | D18: 0
A19: Dec 2020 | B19: 0.2 | C19: 0.3 | D19: 0.1
A20: Jan 2021 | B20: 0.3 | C20: 0.4 | D20: 0.1
... A73: June 2025 | B73: 3.4 | C73: 3.5 | D73: 0.1

Sheet HAVER
A1: 201001 !M | B1: D7BT3@UK
A2: .DESC | B2: UK: Consumer Price Index [3-digit]: All Items (NSA, 2015=100)
A3: .T1 | B3: Jan-1988
A4: .TN | B4: Dec-2025
A5: .LSOURCE | B5: Office for National Statistics
A6: .DTLM | B6: Jan-21-2026 07:02
A7: 201001 | B7: 87.828
A8: 201002 | B8: 88.152
A9: 201003 | B9: 88.661
A10: 201004 | B10: 89.17
A11: 201005 | B11: 89.373
A12: 201006 | B12: 89.506
A13: 201007 | B13: 89.305
A14: 201008 | B14: 89.764
A15: 201009 | B15: 89.765
A16: 201010 | B16: 89.995
A17: 201011 | B17: 90.331
A18: 201012 | B18: 91.23
... A198: 202512 | B198: 140.125
