Workbook
Name _DLX1.INC: HAVERW!$A$4:$D$10
Name _DLX2.INC: #REF!

Sheet HAVERW
A4: 20181201W !W | B4: P112GPU@INTWKLY | C4: PEBRT@DAILY | D4: X112USB@INTDAILY
A5: .DESC | B5: United Kingdom: Pump Price: Ultra Low Sulfur Unleaded Petrol (Pence/Liter) | C5: Europe Brent Spot Price FOB (US$ per Barrel) | D5: UK: Spot Exchange Rate: US Dollar (US$/GBP)
A6: .T1 | B6: 09-Jun-2003W | C6: 24-May-1986W <- 21-May-1986 | D6: 04-Jan-1975W <- 02-Jan-1975
A7: .TN | B7: 23-Mar-2026W | C7: 21-Mar-2026W <- 25-Mar-2026 | D7: 21-Mar-2026W <- 25-Mar-2026
A8: .LSOURCE | B8: UK Department of Energy & Climate Change | C8: Energy Information Administration | D8: Bank of England
A9: .DTLM | B9: Mar-24-2026 10:11 | C9: Mar-26-2026 13:14 | D9: Mar-26-2026 09:32
A10: .FRQ | B10: Weekly (Mon) | C10: Weekly (Sat) <- Daily | D10: Weekly (Sat) <- Daily
A11: 20181126W | B11: 125.77 | C11: 58.65 | D11: 1.27712 | F11: =C11/D11 -> 45.923641
A12: 20181203W | B12: 124.3 | C12: 60.466 | D12: 1.27478 | F12: =C12/D12 -> 47.432498
A13: 20181210W | B13: 122.37 | C13: 59.51 | D13: 1.25802 | F13: =C13/D13 -> 47.304494
A14: 20181217W | B14: 121.02 | C14: 54.644 | D14: 1.26394 | F14: =C14/D14 -> 43.233065
A15: 20181224W | B15: 120.61 | C15: 51.03 | D15: 1.2658 | F15: =C15/D15 -> 40.314426
A16: 20181231W | B16: 120.18 | C16: 54.31 | D16: 1.26755 | F16: =C16/D16 -> 42.846436
A17: 20190107W | B17: 120.27 | C17: 58.636 | D17: 1.27686 | F17: =C17/D17 -> 45.922027
A18: 20190114W | B18: 119.53 | C18: 59.83 | D18: 1.28796 | F18: =C18/D18 -> 46.453306
A19: 20190121W | B19: 119.12 | C19: 61.342 | D19: 1.30256 | F19: =C19/D19 -> 47.093416
A20: 20190128W | B20: 119.29 | C20: 61.38 | D20: 1.31244 | F20: =C20/D20 -> 46.767852
A21: 20190204W | B21: 119.13 | C21: 61.706 | D21: 1.2981 | F21: =C21/D21 -> 47.535629
A22: 20190211W | B22: 118.97 | C22: 63.36 | D22: 1.2851 | F22: =C22/D22 -> 49.303556
... A392: 20260316W | B392: 140.28 | C392: 111.398 | D392: 1.33258 | F392: =C392/D392 -> 83.595732
A393: 20260323W | B393: 144.16

Sheet Chart data
B4: Petrol prices (LHS) | C4: Brent Crude prices (RHS)
A5: 43466 | B5: =HAVERW!B16 -> 120.18 | C5: =HAVERW!C12/HAVERW!D12 -> 47.432498
A6: =A5+7 -> 43473 | B6: =HAVERW!B17 -> 120.27 | C6: =HAVERW!C13/HAVERW!D13 -> 47.304494
A7: =A6+7 -> 43480 | B7: =HAVERW!B18 -> 119.53 | C7: =HAVERW!C14/HAVERW!D14 -> 43.233065
A8: =A7+7 -> 43487 | B8: =HAVERW!B19 -> 119.12 | C8: =HAVERW!C15/HAVERW!D15 -> 40.314426
A9: =A8+7 -> 43494 | B9: =HAVERW!B20 -> 119.29 | C9: =HAVERW!C16/HAVERW!D16 -> 42.846436
A10: =A9+7 -> 43501 | B10: =HAVERW!B21 -> 119.13 | C10: =HAVERW!C17/HAVERW!D17 -> 45.922027
A11: =A10+7 -> 43508 | B11: =HAVERW!B22 -> 118.97 | C11: =HAVERW!C18/HAVERW!D18 -> 46.453306
A12: =A11+7 -> 43515 | B12: =HAVERW!B23 -> 119.05 | C12: =HAVERW!C19/HAVERW!D19 -> 47.093416
A13: =A12+7 -> 43522 | B13: =HAVERW!B24 -> 119.22 | C13: =HAVERW!C20/HAVERW!D20 -> 46.767852
A14: =A13+7 -> 43529 | B14: =HAVERW!B25 -> 119.72 | C14: =HAVERW!C21/HAVERW!D21 -> 47.535629
A15: =A14+7 -> 43536 | B15: =HAVERW!B26 -> 120.1 | C15: =HAVERW!C22/HAVERW!D22 -> 49.303556
A16: =A15+7 -> 43543 | B16: =HAVERW!B27 -> 120.48 | C16: =HAVERW!C23/HAVERW!D23 -> 51.100571
A17: =A16+7 -> 43550 | B17: =HAVERW!B28 -> 120.83 | C17: =HAVERW!C24/HAVERW!D24 -> 48.774665
... A382: =A381+7 -> 46105 | B382: =HAVERW!B393 -> 144.16 | C382: =HAVERW!C389/HAVERW!D389 -> 52.855513
A383: =A382+7 -> 46112 | C383: =HAVERW!C390/HAVERW!D390 -> 63.909414
A384: =A383+7 -> 46119 | C384: =HAVERW!C391/HAVERW!D391 -> 71.933211
A385: =A384+7 -> 46126 | C385: =HAVERW!C392/HAVERW!D392 -> 83.595732
A386: =A385+7 -> 46133
A387: =A386+7 -> 46140
A388: =A387+7 -> 46147
A389: =A388+7 -> 46154
A390: =A389+7 -> 46161
A391: =A390+7 -> 46168
A392: =A391+7 -> 46175
A393: =A392+7 -> 46182
A394: =A393+7 -> 46189
A395: =A394+7 -> 46196
A396: =A395+7 -> 46203
A397: =A396+7 -> 46210
... A400: =A399+7 -> 46231
